reservoir_id,reservoir_name,date,source_type,storage_current (million m^3),storage_pct_current (%),storage_prev_year_same_day (million m^3),storage_pct_prev_year_same_day (%),storage_jan1_current_year (million m^3),storage_jan1_prev_year (million m^3),inflow_daily (million m^3/day),inflow_ytd (million m^3),outflow_daily (million m^3/day),outflow_ytd (million m^3),usable_water_current (million m^3)
200102,เขื่อนสิริกิติ์,2026-08-10,large,5636.39,59.0,7968.04,84.0,8814.75,8391.26,146.37,2400.17,9.91,5325.85,
200101,เขื่อนภูมิพล,2026-08-10,large,7113.27,53.0,8720.84,65.0,12936.11,10285.31,30.92,2142.19,10.0,7520.94,
100104,เขื่อนแม่กวงอุดมธารา,2026-08-10,large,176.81,67.0,165.41,63.0,257.55,212.05,1.89,83.48,0.41,162.69,
100107,เขื่อนแควน้อยบำรุงแดน,2026-08-10,large,262.26,28.0,,,833.05,781.4,7.42,273.48,2.16,804.78,
200103,เขื่อนแม่งัดสมบูรณ์ชล,2026-08-10,large,215.41,81.0,,,277.75,284.3,8.23,147.74,3.03,208.26,
100108,เขื่อนแม่มอก,2026-08-10,large,26.32,24.0,37.62,34.0,98.94,83.4,,15.88,0.11,88.24,
100105,เขื่อนกิ่วลม,2026-08-10,large,77.58,73.0,,,104.97,99.9,5.33,291.27,3.09,317.18,
100106,เขื่อนกิ่วคอหมา,2026-08-10,large,94.52,56.0,,,185.21,180.86,4.69,61.49,0.32,152.33,
200205,เขื่อนอุบลรัตน์,2026-08-10,large,827.29,34.0,628.54,26.0,2102.29,1810.27,7.03,487.11,4.02,1358.2,
200204,เขื่อนจุฬาภรณ์,2026-08-10,large,57.0,35.0,77.69,47.0,154.41,108.62,0.62,42.4,,104.94,
200203,เขื่อนน้ำพุง,2026-08-10,large,54.56,33.0,63.5,38.0,131.7,78.1,0.81,34.99,,81.04,
200212,เขื่อนสิรินธร,2026-08-10,large,1397.29,71.0,1074.34,55.0,1649.3,1423.26,15.15,729.85,12.13,498.25,
100208,เขื่อนลำพระเพลิง,2026-08-10,large,55.38,36.0,53.59,35.0,87.31,89.69,0.06,13.93,0.42,35.08,
100207,เขื่อนลำตะคอง,2026-08-10,large,100.9,32.0,,,168.46,93.55,2.63,43.93,0.52,65.97,
100210,เขื่อนลำแชะ,2026-08-10,large,91.44,33.0,,,228.8,148.45,0.87,24.48,0.03,123.26,
100201,เขื่อนห้วยหลวง,2026-08-10,large,62.05,46.0,35.39,26.0,115.13,98.39,1.68,60.6,1.2,88.59,
100206,เขื่อนลำปาว,2026-08-10,large,834.56,42.0,913.52,46.0,1746.89,1642.47,8.63,673.32,4.39,1339.41,
100211,เขื่อนลำนางรอง,2026-08-10,large,39.55,33.0,32.94,27.0,60.67,43.66,,8.99,0.02,11.67,
100209,เขื่อนมูลบน,2026-08-10,large,41.41,29.0,,,73.21,80.46,0.01,13.81,0.09,32.43,
100202,เขื่อนน้ำอูน,2026-08-10,large,246.89,47.0,388.49,75.0,417.63,394.0,3.56,117.63,,202.75,
100301,เขื่อนป่าสักชลสิทธิ์,2026-08-10,large,176.6,20.0,130.42,15.0,751.88,764.3,8.95,159.34,1.31,615.89,
100302,เขื่อนทับเสลา,2026-08-10,large,52.67,33.0,,,160.0,64.04,,1.46,,108.86,
100303,เขื่อนกระเสียว,2026-08-10,large,87.56,29.0,,,243.01,204.94,0.29,73.35,1.02,188.84,
200402,เขื่อนวชิราลงกรณ,2026-08-10,large,4551.84,51.0,6540.28,74.0,7312.2,7312.2,24.09,1632.73,7.88,3870.26,
200401,เขื่อนศรีนครินทร์,2026-08-10,large,13891.7,78.0,13631.0,77.0,16108.26,14666.85,21.03,1598.8,15.02,3121.3,
100514,เขื่อนนฤบดินทรจินดา,2026-08-10,large,88.48,30.0,136.45,46.0,266.8,224.51,1.02,39.36,0.12,194.12,
100503,เขื่อนบางพระ,2026-08-10,large,52.28,45.0,80.31,69.0,101.8,96.64,0.1,16.46,0.27,83.77,
100501,เขื่อนขุนด่านปราการชล,2026-08-10,large,120.43,54.0,99.58,44.0,188.54,179.29,4.01,114.38,0.33,175.67,
100502,เขื่อนคลองสียัด,2026-08-10,large,74.0,18.0,,,122.81,191.17,0.26,51.06,0.06,88.74,
100504,เขื่อนหนองปลาไหล,2026-08-10,large,85.27,52.0,,,147.98,154.99,,58.33,0.55,139.09,
100505,เขื่อนประแสร์,2026-08-10,large,194.3,66.0,172.95,59.0,271.02,241.52,0.68,96.59,0.56,137.72,
200603,เขื่อนรัชชประภา,2026-08-10,large,3511.83,62.0,3857.32,68.0,4464.08,4123.64,8.81,1262.58,3.03,2101.8,
200604,เขื่อนบางลาง,2026-08-10,large,835.77,57.0,734.71,51.0,1018.8,1128.06,2.06,588.56,3.52,734.51,
200601,เขื่อนแก่งกระจาน,2026-08-10,large,282.31,40.0,397.47,56.0,523.14,477.85,5.04,296.41,1.3,509.34,
100602,เขื่อนปราณบุรี,2026-08-10,large,98.26,25.0,161.06,41.0,195.66,192.19,3.67,54.65,0.32,105.3,
rsv01,อ่างเก็บน้ำห้วยแม่ออน,2026-08-10,middle,3.523,77.77,4.402,97.17,6.743,,0.099,,0.068,,2.723
rsv02,อ่างเก็บน้ำแม่จอกหลวง,2026-08-10,middle,1.102,100.18,0.85,77.27,1.307,,0.01,,0.01,,1.002
rsv03,อ่างเก็บน้ำห้วยมะนาว,2026-08-10,middle,3.852,89.58,3.264,75.91,1.711,,0.036,,0.018,,3.752
rsv04,อ่างเก็บน้ำห้วยโป่งจ้อ,2026-08-10,middle,1.654,59.67,1.876,67.68,2.87,,,,,,1.604
rsv05,อ่างเก็บน้ำแม่ตูบ,2026-08-10,middle,29.12,74.67,28.79,73.82,6.586,,0.019,,0.099,,28.62
rsv06,อ่างเก็บน้ำแม่โก๋น,2026-08-10,middle,5.583,100.96,4.914,88.86,9.62,,0.181,,0.181,,5.263
rsv07,อ่างเก็บน้ำห้วยเดื่อ,2026-08-10,middle,3.103,72.57,3.057,71.49,4.61,,0.054,,0.019,,2.82
rsv08,อ่างเก็บน้ำแม่แหลงหลวง,2026-08-10,middle,1.845,50.67,2.521,69.24,9.77,,0.077,,0.052,,1.718
rsv09,อ่างเก็บน้ำแม่ข้อน,2026-08-10,middle,3.458,84.75,3.362,82.4,13.59,,0.167,,,,3.108
rsv10,อ่างเก็บน้ำสันหนอง,2026-08-10,middle,1.369,94.41,1.379,95.1,7.142,,0.068,,0.064,,1.019
rsv11,อ่างเก็บน้ำแม่ทะลบหลวง,2026-08-10,middle,13.853,90.54,10.683,69.82,10.01,,0.147,,0.039,,11.553
rsv531,อ่างเก็บน้ำ แม่สะลวม,2026-08-10,middle,9.662,59.5,11.625,71.58,11.807,,1.255,,0.027,,9.112
rsv13,อ่างเก็บน้ำแม่ตีบ,2026-08-10,middle,7.466,74.66,7.671,76.71,0.998,,,,,,6.966
rsv14,อ่างเก็บน้ำแม่สาน,2026-08-10,middle,11.397,71.23,11.649,72.81,1.961,,0.016,,,,11.137
rsv15,อ่างเก็บน้ำแม่ธิ,2026-08-10,middle,2.478,49.56,2.783,55.66,0.293,,,,,,2.328
rsv16,อ่างเก็บน้ำแม่เมย,2026-08-10,middle,1.842,51.17,1.969,54.69,0.395,,0.067,,,,1.822
rsv19,อ่างเก็บน้ำห้วยช้าง,2026-08-10,middle,3.339,53.0,6.001,95.25,4.94,,0.121,,,,3.039
rsv20,อ่างเก็บน้ำแม่ต๊าก,2026-08-10,middle,7.08,78.67,8.92,99.11,5.17,,0.32,,,,5.63
rsv21,อ่างเก็บน้ำแม่สรวย,2026-08-10,middle,41.64,57.04,34.376,47.09,62.281,,2.048,,1.46,,38.64
rsv483,อ่างเก็บน้ำดอยงู,2026-08-10,middle,6.681,90.65,3.102,42.09,14.708,,0.374,,0.541,,5.341
rsv22,อ่างเก็บน้ำแม่ทะ,2026-08-10,middle,1.508,59.37,1.909,75.16,1.143,,0.012,,0.044,,1.268
rsv23,อ่างเก็บน้ำแม่อาบ,2026-08-10,middle,4.43,58.6,4.578,60.56,1.825,,0.001,,0.032,,3.89
rsv24,อ่างเก็บน้ำแม่ทาน,2026-08-10,middle,9.045,66.51,8.63,63.46,2.62,,0.005,,0.056,,7.685
rsv25,อ่างเก็บน้ำห้วยสมัย,2026-08-10,middle,0.737,61.42,0.826,68.83,0.883,,0.005,,0.008,,0.577
rsv26,อ่างเก็บน้ำแม่พริก,2026-08-10,middle,3.011,71.69,2.706,64.43,0.652,,,,0.019,,2.611
rsv27,อ่างเก็บน้ำแม่เลียงพัฒนา,2026-08-10,middle,5.005,72.54,5.881,85.23,11.077,,0.006,,0.039,,4.205
rsv29,อ่างเก็บน้ำแม่ทรายคำ,2026-08-10,middle,0.64,51.28,0.855,68.51,1.129,,0.014,,0.046,,0.502
rsv30,อ่างเก็บน้ำห้วยหลวงวังวัว,2026-08-10,middle,1.071,66.52,1.272,79.01,2.341,,0.008,,0.022,,0.921
rsv31,อ่างเก็บน้ำห้วยแม่ค่อม,2026-08-10,middle,1.019,75.15,1.025,75.59,0.954,,0.007,,,,0.859
rsv32,อ่างเก็บน้ำแม่ต๋ำน้อย,2026-08-10,middle,0.817,81.7,0.844,84.4,1.678,,0.008,,,,0.747
rsv33,อ่างเก็บน้ำแม่เฟือง,2026-08-10,middle,0.713,62.99,0.63,55.65,1.214,,0.007,,0.026,,0.535
rsv34,อ่างเก็บน้ำแม่ไฮ,2026-08-10,middle,0.947,77.31,0.769,62.78,1.307,,0.012,,0.006,,0.832
rsv35,อ่างเก็บน้ำแม่ธิ,2026-08-10,middle,1.151,72.39,1.175,73.9,0.883,,0.015,,0.007,,1.046
rsv36,อ่างเก็บน้ำห้วยแม่งอน,2026-08-10,middle,0.823,64.3,1.02,79.69,1.696,,0.008,,,,0.707
rsv37,อ่างเก็บน้ำแม่ต๋ำตอนล่าง,2026-08-10,middle,0.543,21.38,1.674,65.91,0.649,,0.006,,0.004,,
rsv38,อ่างเก็บน้ำแม่วะ,2026-08-10,middle,3.819,64.73,4.702,79.69,2.096,,0.009,,,,2.869
rsv39,อ่างเก็บน้ำแม่ล้อหัก,2026-08-10,middle,0.98,73.35,0.899,67.29,0.364,,,,0.006,,0.932
rsv40,อ่างเก็บน้ำแม่ทก,2026-08-10,middle,0.435,39.08,0.759,68.19,1.164,,0.002,,,,0.381
rsv41,อ่างเก็บน้ำแม่เรียง,2026-08-10,middle,0.512,45.71,0.55,49.11,0.436,,0.001,,0.021,,0.174
rsv42,อ่างเก็บน้ำห้วยหลวง,2026-08-10,middle,0.27,21.43,0.286,22.7,0.51,,0.005,,0.084,,0.1
rsv43,อ่างเก็บน้ำแม่กึ๊ด,2026-08-10,middle,0.951,73.15,0.996,76.62,2.087,,0.003,,,,0.791
rsv44,อ่างเก็บน้ำห้วยเกี๋ยง,2026-08-10,middle,8.326,71.78,7.691,66.3,2.875,,0.057,,0.03,,7.726
rsv45,อ่างเก็บน้ำแม่ปอน,2026-08-10,middle,1.25,69.06,1.452,80.22,2.475,,0.02,,0.015,,1.099
rsv46,อ่างเก็บน้ำห้วยแม่ยาว,2026-08-10,middle,2.212,63.56,3.09,88.79,2.31,,0.043,,0.02,,1.932
rsv47,อ่างเก็บน้ำแม่ไพร,2026-08-10,middle,2.449,76.53,2.232,69.75,1.248,,0.038,,0.013,,2.319
rsv48,อ่างเก็บน้ำห้วยแม่สัน,2026-08-10,middle,2.694,76.43,2.813,79.8,2.43,,0.046,,0.025,,2.654
rsv478,อ่างเก็บน้ำแม่พริก (ผาวิ่งชู้),2026-08-10,middle,21.481,58.88,22.546,61.8,1.511,,,,0.112,,15.641
rsv479,อ่างเก็บน้ำแม่ฟ้า,2026-08-10,middle,16.232,81.49,11.168,56.06,5.401,,0.156,,0.091,,15.132
rsv523,อ่างเก็บน้ำแม่อ้อน 2,2026-08-10,middle,9.808,51.35,11.697,61.24,1.986,,0.012,,,,9.308
rsv532,อ่างเก็บน้ำ แม่อาง,2026-08-10,middle,2.12,67.91,2.169,69.47,3.97,,0.011,,0.043,,2.021
rsv550,อ่างเก็บน้ำ แม่นึง,2026-08-10,middle,5.36,58.28,,,1.131,,0.041,,0.001,,4.697
rsv49,อ่างเก็บน้ำห้วยแฮต,2026-08-10,middle,5.186,103.72,4.12,82.4,5.482,,0.637,,0.662,,4.646
rsv50,อ่างเก็บน้ำน้ำแหง,2026-08-10,middle,13.326,102.51,13.102,100.78,49.105,,2.192,,2.142,,10.456
rsv51,อ่างเก็บน้ำน้ำพงษ์,2026-08-10,middle,1.42,95.3,1.346,90.34,5.022,,0.489,,0.464,,1.05
rsv52,อ่างเก็บน้ำห้วยน้ำฮิ,2026-08-10,middle,6.076,101.27,5.568,92.8,3.321,,0.23,,0.154,,5.676
rsv533,อ่างเก็บน้ำ น้ำริม,2026-08-10,middle,4.054,101.6,3.192,80.0,8.248,,1.064,,1.1,,3.384
rsv534,อ่างเก็บน้ำ ห้วยชื่น,2026-08-10,middle,0.776,66.55,1.135,97.34,0.404,,0.014,,0.006,,0.729
rsv551,อ่างเก็บน้ำ ห้วยสีพัน,2026-08-10,middle,1.12,94.92,,,1.107,,0.02,,0.01,,0.92
rsv552,อ่างเก็บน้ำ ห้วยยาง,2026-08-10,middle,2.093,105.18,,,5.727,,0.425,,0.446,,1.693
rsv553,อ่างเก็บน้ำ น้ำแก่น,2026-08-10,middle,3.724,101.75,,,3.164,,0.117,,0.133,,3.284
rsv53,อ่างเก็บน้ำแม่ต๋ำ,2026-08-10,middle,20.585,49.6,36.872,88.85,1.363,,,,0.128,,18.085
rsv54,อ่างเก็บน้ำแม่ปืม,2026-08-10,middle,17.818,35.41,41.373,82.22,7.688,,0.63,,,,16.168
rsv480,อ่างเก็บน้ำแม่ใจ,2026-08-10,middle,2.365,78.83,2.372,79.07,0.321,,0.008,,,,1.265
rsv522,อ่างเก็บน้ำแม่จุน,2026-08-10,middle,5.9,61.43,9.141,95.18,1.168,,0.121,,,,5.9
rsv55,อ่างเก็บน้ำคลองตรอน,2026-08-10,middle,30.569,51.81,37.695,63.89,21.032,,0.287,,,,24.569
rsv450,อ่างเก็บน้ำห้วยแม่เฉย,2026-08-10,middle,1.484,37.1,1.93,48.25,0.712,,,,,,1.214
rsv518,อ่างเก็บน้ำห้วยน้ำรี,2026-08-10,middle,24.61,33.39,36.28,49.23,31.249,,,,,,19.58
rsv387,อ่างเก็บน้ำห้วยน้ำลาด,2026-08-10,middle,0.347,28.92,0.178,14.83,0.114,,0.001,,,,0.227
rsv388,อ่างเก็บน้ำห้วยใหญ่(ไพศาลี),2026-08-10,middle,9.349,78.76,4.3,36.23,6.277,,0.392,,0.285,,8.319
rsv485,อ่างเก็บน้ำคลองโพธิ์,2026-08-10,middle,24.42,28.38,24.354,28.3,10.116,,,,,,18.42
rsv519,อ่างเก็บน้ำห้วยน้ำคับ,2026-08-10,middle,1.065,80.99,0.969,73.69,0.101,,,,,,0.819
rsv520,อ่างเก็บน้ำห้วยน้ำจวง,2026-08-10,middle,1.354,84.63,1.185,74.06,0.093,,,,,,1.244
rsv56,อ่างเก็บน้ำห้วยป่าบง,2026-08-10,middle,0.372,26.57,0.67,47.86,0.0,,,,0.002,,0.352
rsv57,อ่างเก็บน้ำคลองน้ำไหล,2026-08-10,middle,27.38,71.12,16.88,43.84,3.9,,,,0.12,,26.63
rsv511,อ่างเก็บน้ำคลองไพร,2026-08-10,middle,9.514,66.26,10.606,73.87,1.621,,0.039,,0.008,,9.483
rsv554,อ่างเก็บน้ำ คลองน้ำขาว,2026-08-10,middle,4.608,41.07,,,0.4,,,,,,4.43
rsv58,อ่างเก็บน้ำแม่มาน,2026-08-10,middle,10.955,58.43,10.1,53.87,10.622,,,,,,6.705
rsv59,อ่างเก็บน้ำแม่สอง,2026-08-10,middle,37.64,57.2,58.45,88.83,13.653,,0.08,,,,31.64
rsv60,อ่างเก็บน้ำแม่ถาง,2026-08-10,middle,15.3,49.97,24.93,81.42,6.189,,0.06,,,,13.3
rsv61,อ่างเก็บน้ำแม่คำปอง,2026-08-10,middle,3.983,58.92,5.204,76.98,9.198,,0.14,,,,3.733
rsv464,อ่างเก็บน้ำแม่สาย,2026-08-10,middle,5.893,56.12,6.878,65.5,18.593,,0.099,,0.135,,4.493
rsv62,อ่างเก็บน้ำคลองข้างใน,2026-08-10,middle,3.509,38.99,2.336,25.96,0.869,,0.051,,,,3.169
rsv63,อ่างเก็บน้ำห้วยท่าแพ,2026-08-10,middle,31.798,54.82,29.392,50.68,14.835,,1.214,,0.425,,22.998
rsv64,อ่างเก็บน้ำห้วยแม่สูง,2026-08-10,middle,5.332,42.83,5.44,43.69,6.134,,0.012,,,,4.292
rsv490,อ่างเก็บน้ำห้วยทรวง,2026-08-10,middle,4.78,59.75,3.715,46.44,0.786,,,,,,4.38
rsv494,อ่างเก็บน้ำแม่กองค่าย,2026-08-10,middle,6.59,50.69,4.12,31.69,1.627,,,,0.034,,6.01
rsv536,อ่างเก็บน้ำ ห้วยไร่,2026-08-10,middle,4.051,55.27,3.548,48.4,0.805,,0.045,,,,3.911
rsv537,อ่างเก็บน้ำ ห้วยแม่สำ,2026-08-10,middle,3.69,74.85,2.522,51.16,1.195,,,,0.014,,3.33
rsv65,อ่างเก็บน้ำห้วยแม่สอด,2026-08-10,middle,3.058,55.6,3.92,71.27,12.912,,0.134,,0.095,,2.624
rsv66,อ่างเก็บน้ำห้วยลึก,2026-08-10,middle,3.395,58.53,5.386,92.86,1.905,,0.016,,0.001,,3.295
rsv486,อ่างเก็บน้ำห้วยแม่ท้อ,2026-08-10,middle,34.685,55.06,39.171,62.18,23.62,,0.068,,0.168,,31.185
rsv535,อ่างเก็บน้ำ แม่สอดตอนบน,2026-08-10,middle,6.339,47.94,9.678,73.2,6.997,,0.087,,0.071,,5.829
rsv71,อ่างเก็บน้ำห้วยน้ำสวย,2026-08-10,middle,2.547,77.18,1.893,57.36,13.048,,,,0.049,,1.602
rsv72,อ่างเก็บน้ำห้วยยาง,2026-08-10,middle,2.033,54.75,1.523,41.02,5.149,,0.004,,,,1.313
rsv73,อ่างเก็บน้ำห้วยลิ้นควาย,2026-08-10,middle,22.028,75.96,18.676,64.4,17.213,,0.189,,0.261,,20.028
rsv74,อ่างเก็บน้ำห้วยอีเลิศ,2026-08-10,middle,0.097,5.88,0.292,17.7,1.034,,0.002,,,,0.017
rsv75,อ่างเก็บน้ำห้วยน้ำพาว,2026-08-10,middle,0.465,34.09,0.297,21.77,0.371,,0.023,,0.047,,0.435
rsv76,อ่างเก็บน้ำห้วยน้ำหมาน,2026-08-10,middle,15.704,59.26,15.665,59.11,4.62,,,,,,14.234
rsv77,อ่างเก็บน้ำห้วยแห้ว,2026-08-10,middle,1.224,44.84,1.318,48.28,0.605,,,,,,1.036
rsv502,อ่างเก็บน้ำน้ำเลย,2026-08-10,middle,28.603,79.88,10.609,29.63,68.396,,1.423,,2.329,,22.745
rsv505,อ่างเก็บน้ำ ห้วยศอก,2026-08-10,middle,5.847,58.62,5.899,59.14,10.147,,0.003,,,,5.745
rsv521,อ่างเก็บน้ำห้วยน้ำทบ,2026-08-10,middle,5.428,68.64,1.983,25.08,25.049,,1.075,,0.995,,5.068
rsv83,อ่างเก็บน้ำห้วยบังพวน,2026-08-10,middle,3.731,43.28,5.337,61.91,11.45,,0.203,,,,3.331
rsv84,อ่างเก็บน้ำห้วยทอน (ตอนบน),2026-08-10,middle,5.155,66.01,3.321,42.52,3.741,,0.101,,0.165,,4.515
rsv85,อ่างเก็บน้ำห้วยเปลวเงือก,2026-08-10,middle,1.961,71.31,4.106,149.31,4.897,,0.005,,,,1.841
rsv88,อ่างเก็บน้ำห้วยหินแก้ว,2026-08-10,middle,3.014,75.35,1.69,42.25,9.003,,0.267,,0.201,,2.714
rsv512,อ่างเก็บน้ำห้วยไฮ,2026-08-10,middle,2.974,72.54,2.145,52.32,6.065,,0.385,,0.457,,2.774
rsv86,อ่างเก็บน้ำห้วยซำ,2026-08-10,middle,2.607,108.63,2.173,90.54,1.826,,,,0.011,,1.737
rsv87,อ่างเก็บน้ำห้วยสหาย,2026-08-10,middle,2.125,108.42,1.015,51.79,2.35,,0.027,,0.047,,1.988
rsv91,อ่างเก็บน้ำภูเพ็ก,2026-08-10,middle,1.366,50.59,2.018,74.74,0.684,,,,,,1.191
rsv92,อ่างเก็บน้ำห้วยเดียก,2026-08-10,middle,2.738,68.45,3.908,97.7,2.757,,0.007,,,,2.498
rsv93,อ่างเก็บน้ำห้วยโท-ห้วยยาง,2026-08-10,middle,2.942,37.96,3.745,48.32,7.386,,0.093,,0.085,,2.242
rsv94,อ่างเก็บน้ำห้วยหวด,2026-08-10,middle,12.35,58.81,18.42,87.71,9.72,,0.235,,,,11.06
rsv95,อ่างเก็บน้ำห้วยโป่ง,2026-08-10,middle,0.892,54.72,1.145,70.25,0.158,,0.009,,,,0.512
rsv96,อ่างเก็บน้ำห้วยกระเฌอ,2026-08-10,middle,7.076,78.71,7.234,80.47,0.044,,,,,,6.376
rsv97,อ่างเก็บน้ำห้วยโทง,2026-08-10,middle,7.03,92.5,6.916,91.0,5.641,,0.179,,0.065,,6.99
rsv98,อ่างเก็บน้ำห้วยทรายสว่าง,2026-08-10,middle,0.646,58.73,0.731,66.45,0.972,,0.027,,,,0.524
rsv100,อ่างเก็บน้ำห้วยก้านเหลือง,2026-08-10,middle,2.99,50.68,4.669,79.14,8.63,,0.09,,,,2.47
rsv101,อ่างเก็บน้ำห้วยขี้หิน,2026-08-10,middle,3.125,78.13,2.235,55.88,0.019,,,,,,2.575
rsv103,อ่างเก็บน้ำห้วยคำ,2026-08-10,middle,3.14,48.31,5.5,84.62,3.289,,0.032,,,,2.74
rsv104,อ่างเก็บน้ำห้วยซวง,2026-08-10,middle,6.085,101.42,4.974,82.9,8.071,,0.173,,0.088,,5.685
rsv105,อ่างเก็บน้ำห้วยรังแร้ง,2026-08-10,middle,2.2,100.0,1.931,87.77,2.231,,0.094,,0.057,,2.0
rsv106,อ่างเก็บน้ำห้วยหินแตก,2026-08-10,middle,0.941,62.73,0.721,48.07,0.0,,,,,,0.791
rsv107,อ่างเก็บน้ำห้วยน้ำบ่อ,2026-08-10,middle,0.961,43.5,1.423,64.42,0.015,,,,,,0.811
rsv108,อ่างเก็บน้ำห้วยแข้,2026-08-10,middle,2.425,63.82,2.948,77.58,0.018,,,,,,2.2
rsv109,อ่างเก็บน้ำห้วยนาอ่าง,2026-08-10,middle,0.76,41.76,0.968,53.19,0.0,,,,,,0.599
rsv110,อ่างเก็บน้ำห้วยซับคำโรงสี,2026-08-10,middle,2.038,101.9,1.704,85.2,1.829,,0.096,,0.058,,1.538
rsv111,อ่างเก็บน้ำบ้านดงมะไฟ,2026-08-10,middle,0.717,71.7,0.923,92.3,0.691,,0.008,,,,0.617
rsv112,อ่างเก็บน้ำห้วยทราย,2026-08-10,middle,0.778,51.87,0.461,30.73,2.438,,0.048,,,,0.775
rsv113,อ่างเก็บน้ำห้วยทรายขมิ้น,2026-08-10,middle,2.448,76.98,2.209,69.47,0.379,,0.379,,,,2.206
rsv114,อ่างเก็บน้ำห้วยคำบากน้อย,2026-08-10,middle,2.364,59.1,3.107,77.68,5.505,,0.022,,,,1.869
rsv117,อ่างเก็บน้ำห้วยหินชะแนนใหญ่,2026-08-10,middle,9.97,79.76,9.025,72.2,0.14,,,,,,9.8
rsv118,อ่างเก็บน้ำห้วยคำผักหนาม,2026-08-10,middle,2.336,80.27,1.994,68.52,1.171,,0.023,,,,1.896
rsv128,อ่างเก็บน้ำโคกภูใหม่ 2,2026-08-10,middle,0.798,79.8,0.531,53.1,0.01,,,,,,0.678
rsv131,อ่างเก็บน้ำห้วยเคลิ้ม,2026-08-10,middle,0.7,46.67,1.085,72.33,0.0,,,,,,0.59
rsv132,อ่างเก็บน้ำห้วยเรือ,2026-08-10,middle,1.421,49.0,2.012,69.38,0.002,,0.002,,,,1.271
rsv133,อ่างเก็บน้ำห้วยอ่าง,2026-08-10,middle,0.661,44.07,1.118,74.53,0.0,,,,,,0.541
rsv134,อ่างเก็บน้ำห้วยทรายตอนบน 1,2026-08-10,middle,0.986,46.95,1.688,80.38,0.088,,,,,,0.716
rsv135,อ่างเก็บน้ำห้วยทราย,2026-08-10,middle,2.284,99.83,1.615,70.59,0.0,,,,0.021,,2.034
rsv136,อ่างเก็บน้ำห้วยสามพาด,2026-08-10,middle,7.808,42.21,11.48,62.05,7.921,,0.016,,,,6.923
rsv137,อ่างเก็บน้ำบ้านจั่น,2026-08-10,middle,4.125,94.83,3.18,73.1,8.727,,0.159,,0.289,,4.125
rsv138,อ่างเก็บน้ำกุดลิงง้อ,2026-08-10,middle,5.085,78.96,5.473,84.98,5.06,,0.012,,,,4.86
rsv139,อ่างเก็บน้ำหนองสำโรง,2026-08-10,middle,11.491,100.8,8.378,73.49,11.589,,0.215,,0.114,,3.285
rsv140,อ่างเก็บน้ำหนองปะโค,2026-08-10,middle,2.022,65.71,2.472,80.34,1.828,,0.009,,,,1.022
rsv465,อ่างเก็บน้ำลำพันชาด,2026-08-10,middle,44.109,82.45,41.225,77.06,60.102,,0.715,,0.902,,38.227
rsv466,อ่างเก็บน้ำลำพันชาดน้อย,2026-08-10,middle,1.452,76.42,1.544,81.26,3.518,,0.013,,,,1.312
rsv513,อ่างเก็บน้ำห้วยตะคลองใหญ่,2026-08-10,middle,6.26,74.52,6.372,75.86,6.8,,,,0.026,,5.96
rsv514,อ่างเก็บน้ำห้วยน้ำม้า,2026-08-10,middle,5.466,101.22,3.681,68.17,12.957,,0.12,,0.18,,5.186
rsv149,อ่างเก็บน้ำห้วยเหล่ายาง,2026-08-10,middle,2.218,89.83,1.584,64.16,2.409,,0.025,,0.035,,2.098
rsv501,อ่างเก็บน้ำห้วยน้ำบอง,2026-08-10,middle,11.628,55.9,9.642,46.36,9.607,,0.026,,0.083,,9.448
rsv150,อ่างเก็บน้ำห้วยส้มป่อย,2026-08-10,middle,2.425,31.72,1.128,14.75,4.903,,0.046,,0.196,,1.825
rsv151,อ่างเก็บน้ำลำช่อระกา,2026-08-10,middle,1.66,16.1,4.14,40.15,1.354,,,,,,0.627
rsv152,อ่างเก็บน้ำน้ำพรม,2026-08-10,middle,0.85,23.74,2.399,67.01,99.405,,,,,,0.34
rsv153,อ่างเก็บน้ำลำคันฉู,2026-08-10,middle,22.343,52.45,15.6,36.62,8.084,,0.318,,0.256,,19.043
rsv154,อ่างเก็บน้ำบ้านเพชร,2026-08-10,middle,6.03,30.65,6.07,30.85,3.797,,0.121,,0.161,,3.03
rsv155,อ่างเก็บน้ำห้วยทราย,2026-08-10,middle,8.4,81.55,5.45,52.91,2.727,,,,,,6.9
rsv539,อ่างเก็บน้ำ โปร่งขุนเพชร,2026-08-10,middle,16.53,37.83,7.158,16.38,23.213,,0.203,,0.05,,15.49
rsv544,อ่างเก็บน้ำ บึงระเหว,2026-08-10,middle,7.8,101.3,7.98,103.64,0.0,,,,,,7.3
rsv545,อ่างเก็บน้ำ บึงละหาน,2026-08-10,middle,1.76,7.04,16.4,65.6,0.47,,,,,,
rsv548,อ่างเก็บน้ำ พระอาจารย์จื่อ (ลำกระจวน),2026-08-10,middle,3.184,9.52,,,0.102,,,,0.284,,2.754
rsv159,อ่างเก็บน้ำห้วยแกง,2026-08-10,middle,13.745,58.93,13.168,56.45,11.914,,0.105,,,,13.095
rsv160,อ่างเก็บน้ำห้วยสะทด,2026-08-10,middle,8.581,73.59,6.9,59.18,14.292,,0.103,,0.477,,8.081
rsv161,อ่างเก็บน้ำบึงอร่าม,2026-08-10,middle,2.616,72.67,1.405,39.03,4.45,,,,,,2.331
rsv162,อ่างเก็บน้ำหนองหญ้าม้า,2026-08-10,middle,1.05,41.05,1.563,61.1,1.161,,,,,,0.75
rsv163,อ่างเก็บน้ำห้วยวังลิ้นฟ้า,2026-08-10,middle,0.682,20.36,1.716,51.22,0.839,,,,,,0.512
rsv164,อ่างเก็บน้ำห้วยสังเคียบ,2026-08-10,middle,5.719,76.25,5.265,70.2,7.709,,0.156,,0.062,,5.19
rsv165,อ่างเก็บน้ำลำพะยัง (ตอนบน),2026-08-10,middle,2.46,59.46,2.063,49.87,2.465,,0.135,,,,2.31
rsv166,อ่างเก็บน้ำห้วยสีทน,2026-08-10,middle,2.402,67.66,1.599,45.04,6.849,,,,0.165,,2.312
rsv167,อ่างเก็บน้ำห้วยโพธิ์,2026-08-10,middle,2.261,92.51,1.446,59.17,17.527,,0.186,,0.172,,2.031
rsv168,อ่างเก็บน้ำห้วยมะโน,2026-08-10,middle,4.36,74.98,4.082,70.2,4.573,,0.093,,,,3.76
rsv169,อ่างเก็บน้ำห้วยผึ้ง,2026-08-10,middle,1.7,40.96,2.17,52.29,3.006,,0.026,,0.026,,1.46
rsv170,อ่างเก็บน้ำห้วยฝา,2026-08-10,middle,4.765,74.2,4.464,69.51,6.298,,0.078,,0.121,,4.065
rsv171,อ่างเก็บน้ำห้วยจุมจัง,2026-08-10,middle,7.2,97.55,4.722,63.98,5.578,,0.272,,,,6.533
rsv540,อ่างเก็บน้ำ ห้วยสมอทบ,2026-08-10,middle,2.054,99.47,1.602,77.58,0.85,,,,,,1.754
rsv177,อ่างเก็บน้ำแก่งละว้า,2026-08-10,middle,21.208,46.32,15.824,34.56,0.0,,,,,,19.908
rsv178,อ่างเก็บน้ำห้วยยาง,2026-08-10,middle,1.001,33.16,1.347,44.62,0.0,,,,,,0.471
rsv179,อ่างเก็บน้ำหนองนาวัว,2026-08-10,middle,0.803,57.73,0.6,43.13,0.0,,,,,,0.596
rsv180,อ่างเก็บน้ำห้วยทราย,2026-08-10,middle,1.22,51.8,0.912,38.73,0.0,,,,,,0.99
rsv181,อ่างเก็บน้ำหนองกรองแก้ว,2026-08-10,middle,3.666,26.98,8.436,62.08,0.0,,,,,,
rsv182,อ่างเก็บน้ำห้วยใหญ่,2026-08-10,middle,0.671,47.93,0.511,36.5,0.713,,,,,,0.301
rsv183,อ่างเก็บน้ำละเลิงหวาย,2026-08-10,middle,0.588,15.73,1.495,40.01,0.999,,,,0.008,,0.558
rsv184,อ่างเก็บน้ำห้วยเตย,2026-08-10,middle,2.581,48.36,2.267,42.48,1.612,,,,,,2.551
rsv185,อ่างเก็บน้ำห้วยลอมไผ่,2026-08-10,middle,4.06,72.5,2.964,52.93,0.368,,,,,,3.8
rsv188,อ่างเก็บน้ำโสกรวก,2026-08-10,middle,0.292,29.2,0.47,47.0,0.0,,,,,,0.115
rsv546,อ่างเก็บน้ำ บึงละหานนา,2026-08-10,middle,11.306,67.17,,0.0,0.0,,,,,,10.372
rsv190,อ่างเก็บน้ำแก่งเลิงจาน,2026-08-10,middle,3.807,47.45,3.753,46.77,1.847,,0.042,,0.006,,1.532
rsv191,อ่างเก็บน้ำห้วยขอนสัก,2026-08-10,middle,3.706,42.8,3.319,38.33,4.947,,0.003,,0.003,,2.626
rsv192,อ่างเก็บน้ำหนองเทวราช,2026-08-10,middle,0.771,48.01,1.053,65.57,0.427,,0.002,,0.002,,0.493
rsv193,อ่างเก็บน้ำหนองบัว,2026-08-10,middle,1.618,45.2,2.573,71.87,1.921,,0.006,,0.006,,1.126
rsv194,อ่างเก็บน้ำร่องหัวช้าง,2026-08-10,middle,1.024,79.38,0.656,50.85,1.029,,0.003,,0.003,,0.265
rsv195,อ่างเก็บน้ำห้วยประดู่,2026-08-10,middle,0.658,23.47,0.918,32.74,1.275,,0.003,,0.003,,0.618
rsv196,อ่างเก็บน้ำห้วยคะคาง,2026-08-10,middle,1.561,37.83,0.572,13.86,1.85,,0.04,,0.004,,1.227
rsv197,อ่างเก็บน้ำหนองกระทุ่ม,2026-08-10,middle,0.416,15.78,0.753,28.57,1.34,,0.003,,0.009,,0.341
rsv198,อ่างเก็บน้ำหนองแกดำ,2026-08-10,middle,0.933,57.42,0.797,49.05,0.566,,,,0.008,,0.813
rsv199,อ่างเก็บน้ำห้วยค้อ,2026-08-10,middle,14.278,45.56,8.31,26.52,7.264,,0.097,,0.023,,11.085
rsv201,อ่างฯ อ่างเก็บน้ำหนองบ่อ,2026-08-10,middle,1.212,33.82,1.433,39.98,0.575,,,,0.003,,1.021
rsv202,อ่างเก็บน้ำห้วยเชียงคำ,2026-08-10,middle,0.713,14.07,1.117,22.05,0.604,,0.017,,0.003,,0.034
rsv203,อ่างเก็บน้ำห้วยจอกขวาง,2026-08-10,middle,1.827,60.1,1.527,50.23,0.855,,0.01,,0.017,,1.688
rsv204,อ่างเก็บน้ำหนองไฮ,2026-08-10,middle,1.079,48.08,0.599,26.69,1.116,,0.004,,0.004,,0.912
rsv207,อ่างเก็บน้ำห้วยแอ่ง,2026-08-10,middle,3.059,13.72,5.228,23.44,2.66,,0.024,,,,2.659
rsv208,อ่างเก็บน้ำหนองหญ้าม้า,2026-08-10,middle,0.313,14.79,1.041,49.17,0.323,,0.007,,,,0.222
rsv209,อ่างเก็บน้ำธวัชชัย,2026-08-10,middle,0.913,18.23,1.719,34.33,0.419,,,,,,0.803
rsv210,อ่างเก็บน้ำห้วยแล้ง,2026-08-10,middle,0.778,17.63,0.129,2.92,0.271,,0.008,,,,0.593
rsv211,อ่างเก็บน้ำห้วยวังนอง,2026-08-10,middle,2.868,24.96,5.002,43.53,3.261,,0.131,,,,2.554
rsv212,อ่างเก็บน้ำห้วยกุดแคน,2026-08-10,middle,0.602,30.16,0.475,23.8,0.226,,,,,,0.379
rsv213,อ่างเก็บน้ำห้วยกุดแดง,2026-08-10,middle,1.016,36.21,1.434,51.1,0.523,,0.01,,,,0.748
rsv214,อ่างเก็บน้ำห้วยจานใต้,2026-08-10,middle,1.889,32.6,0.6,10.35,2.477,,0.148,,,,1.329
rsv215,อ่างเก็บน้ำหนองผือ,2026-08-10,middle,1.384,33.13,1.571,37.6,0.528,,,,,,0.18
rsv217,อ่างเก็บน้ำห้วยพุงใหญ่,2026-08-10,middle,3.913,50.17,4.335,55.58,1.125,,0.017,,0.026,,3.463
rsv218,อ่างเก็บน้ำห้วยหินชะแนน,2026-08-10,middle,1.725,71.88,1.225,51.04,2.856,,,,0.15,,1.6
rsv219,อ่างเก็บน้ำห้วยผักดอก,2026-08-10,middle,1.724,61.57,1.74,62.14,0.278,,,,,,1.424
rsv220,อ่างเก็บน้ำห้วยก้านเหลือง,2026-08-10,middle,4.8,64.79,4.752,64.15,0.798,,,,,,4.08
rsv221,อ่างเก็บน้ำห้วยศรีคุณ,2026-08-10,middle,2.387,103.24,2.312,100.0,1.822,,,,,,2.364
rsv222,อ่างเก็บน้ำบ้านดงน้อย,2026-08-10,middle,3.3,63.46,3.24,62.31,0.584,,,,,,3.05
rsv223,อ่างเก็บน้ำห้วยแคน,2026-08-10,middle,8.54,77.54,10.05,91.25,8.746,,0.39,,,,7.99
rsv224,อ่างเก็บน้ำห้วยส้มโฮง,2026-08-10,middle,3.494,111.99,2.674,85.71,3.904,,,,,,3.474
rsv225,อ่างเก็บน้ำบุ่งหมากโมง,2026-08-10,middle,2.58,117.81,1.921,87.72,1.934,,,,,,2.16
rsv226,อ่างเก็บน้ำห้วยนางออ,2026-08-10,middle,2.02,61.21,2.377,72.03,0.108,,,,,,1.57
rsv227,อ่างเก็บน้ำห้วยกกคูณ,2026-08-10,middle,1.036,51.8,1.0,50.0,0.071,,,,,,0.956
rsv228,อ่างเก็บน้ำห้วยกะเบา,2026-08-10,middle,4.73,92.75,3.725,73.04,1.921,,,,,,4.33
rsv229,อ่างเก็บน้ำห้วยวังม่วง,2026-08-10,middle,0.77,51.33,0.735,49.0,0.01,,,,,,0.74
rsv515,อ่างเก็บน้ำห้วยอ้วน,2026-08-10,middle,5.763,110.4,5.728,109.73,5.222,,0.543,,,,3.663
rsv235,อ่างเก็บน้ำห้วยขี้เหล็ก,2026-08-10,middle,21.66,80.97,15.789,59.02,12.797,,3.4,,0.07,,19.66
rsv236,อ่างเก็บน้ำห้วยชะโนด,2026-08-10,middle,15.32,83.26,7.575,41.17,19.928,,,,0.097,,14.67
rsv237,อ่างเก็บน้ำห้วยมุก,2026-08-10,middle,3.75,76.53,2.78,56.73,5.593,,0.218,,0.034,,3.55
rsv238,อ่างเก็บน้ำห้วยหินลับ,2026-08-10,middle,3.435,85.88,1.675,41.88,8.72,,0.04,,0.076,,2.835
rsv239,อ่างเก็บน้ำห้วยไร่,2026-08-10,middle,2.6,92.86,1.374,49.07,9.387,,0.06,,0.093,,2.49
rsv240,อ่างเก็บน้ำห้วยไผ่,2026-08-10,middle,4.038,31.55,2.65,20.7,1.93,,0.044,,,,3.238
rsv241,อ่างเก็บน้ำห้วยพุ (ห้วยแข้),2026-08-10,middle,2.02,44.89,1.026,22.8,0.87,,0.029,,0.035,,1.32
rsv242,อ่างเก็บน้ำห้วยพุง,2026-08-10,middle,1.732,43.3,1.016,25.4,1.347,,0.062,,0.045,,0.882
rsv243,อ่างเก็บน้ำห้วยทา,2026-08-10,middle,1.37,61.43,0.695,31.17,8.33,,0.049,,0.032,,0.84
rsv244,อ่างเก็บน้ำห้วยหอย,2026-08-10,middle,0.983,49.15,0.816,40.8,3.981,,0.021,,,,0.683
rsv245,อ่างเก็บน้ำห้วยขี้เหล็ก (ตอนบน),2026-08-10,middle,0.698,58.17,0.624,52.0,0.182,,0.01,,0.07,,0.548
rsv247,อ่างเก็บน้ำห้วยไร่ 2,2026-08-10,middle,2.758,102.91,1.814,67.69,5.584,,,,0.202,,2.458
rsv455,อ่างเก็บน้ำห้วยแคน,2026-08-10,middle,1.78,84.76,0.884,42.1,1.769,,0.015,,0.034,,1.69
rsv456,อ่างเก็บน้ำห้วยหมากไฟ,2026-08-10,middle,1.44,96.0,0.988,65.87,13.741,,0.044,,0.022,,1.14
rsv458,อ่างเก็บน้ำห้วยขาหน้า,2026-08-10,middle,1.499,88.18,1.19,70.0,1.865,,0.095,,0.102,,1.129
rsv460,อ่างเก็บน้ำห้วยถ้ำไม้ดู่,2026-08-10,middle,1.08,63.53,0.774,45.53,11.353,,0.04,,0.03,,0.84
rsv468,อ่างเก็บน้ำห้วยหินลาด,2026-08-10,middle,1.354,100.3,1.101,81.56,3.421,,0.172,,0.053,,0.954
rsv504,อ่างเก็บน้ำห้วยคันแทใหญ่,2026-08-10,middle,4.558,98.66,3.585,77.6,4.425,,0.245,,,,4.558
rsv248,อ่างเก็บน้ำห้วยถ้ำแข้,2026-08-10,middle,14.184,103.53,6.073,44.33,13.139,,0.578,,0.421,,13.334
rsv249,อ่างเก็บน้ำห้วยพลาญเสือ (ตอนล่าง),2026-08-10,middle,28.01,83.61,23.47,70.06,13.34,,,,,,26.89
rsv250,อ่างเก็บน้ำห้วยจันลา,2026-08-10,middle,13.39,79.23,11.88,70.3,4.392,,0.003,,,,12.79
rsv251,อ่างเก็บน้ำห้วยวังใหญ่,2026-08-10,middle,6.19,77.38,5.63,70.38,3.149,,0.053,,,,5.39
rsv252,อ่างเก็บน้ำห้วยเดือนห้า,2026-08-10,middle,11.25,93.75,4.07,33.92,14.264,,0.038,,0.122,,9.404
rsv253,อ่างเก็บน้ำห้วยสะพงน้อย,2026-08-10,middle,14.2,96.6,6.06,41.22,25.83,,0.135,,,,12.6
rsv254,อ่างเก็บน้ำสระสมิง,2026-08-10,middle,0.587,58.06,0.453,44.81,2.474,,0.005,,,,0.287
rsv255,อ่างเก็บน้ำหนองเหล่าหิน,2026-08-10,middle,1.757,70.85,1.263,50.93,1.629,,0.044,,,,1.395
rsv256,อ่างเก็บน้ำหนองช้างใหญ่,2026-08-10,middle,3.415,44.5,4.621,60.21,14.515,,0.18,,,,3.374
rsv258,อ่างเก็บน้ำห้วยโดน,2026-08-10,middle,4.74,100.85,4.45,94.68,12.514,,0.264,,0.259,,4.19
rsv451,อ่างเก็บน้ำห้วยละมืด,2026-08-10,middle,6.77,101.04,6.13,91.49,13.586,,0.233,,0.23,,6.67
rsv452,อ่างเก็บน้ำห้วยหินกอง,2026-08-10,middle,8.92,111.5,6.35,79.38,58.08,,0.695,,0.695,,7.22
rsv524,อ่างเก็บน้ำห้วยพลาญเสือ (ตอนบน),2026-08-10,middle,,0.0,,0.0,0.0,,,,,,
rsv259,อ่างเก็บน้ำห้วยลิงโจน,2026-08-10,middle,17.447,82.88,9.138,43.41,8.1,,0.147,,,,17.047
rsv260,อ่างเก็บน้ำห้วยสะแบก,2026-08-10,middle,20.92,69.04,22.238,73.39,7.532,,0.168,,,,20.32
rsv453,อ่างเก็บน้ำห้วยโพง (ตอนบน),2026-08-10,middle,10.132,81.71,7.47,60.24,6.036,,0.283,,0.128,,9.132
rsv261,อ่างเก็บน้ำพุทธอุทธยาน,2026-08-10,middle,15.527,80.35,5.909,30.58,13.198,,0.085,,0.275,,14.636
rsv262,อ่างเก็บน้ำห้วยโพธิ์ (ตอนบน),2026-08-10,middle,5.288,71.09,2.049,27.55,3.411,,0.147,,,,4.744
rsv263,อ่างเก็บน้ำห้วยสีโท,2026-08-10,middle,10.39,98.02,3.401,32.08,8.374,,0.009,,0.022,,9.99
rsv265,อ่างเก็บน้ำลำตะโคง,2026-08-10,middle,1.483,19.69,1.611,21.39,4.74,,,,0.001,,1.175
rsv266,อ่างเก็บน้ำห้วยยาง,2026-08-10,middle,6.42,46.52,6.9,50.0,13.304,,,,0.002,,4.97
rsv267,อ่างเก็บน้ำห้วยตาเขียว,2026-08-10,middle,0.902,47.47,0.549,28.89,0.666,,0.005,,0.004,,0.612
rsv268,อ่างเก็บน้ำห้วยสวาย,2026-08-10,middle,3.73,27.51,2.697,19.89,4.014,,0.027,,0.003,,2.76
rsv269,อ่างเก็บน้ำห้วยตลาด,2026-08-10,middle,13.017,42.19,17.383,56.35,6.64,,0.095,,0.04,,10.087
rsv270,อ่างเก็บน้ำห้วยจระเข้มาก,2026-08-10,middle,15.454,59.39,15.948,61.29,7.014,,,,,,13.844
rsv271,อ่างเก็บน้ำห้วยเมฆา,2026-08-10,middle,1.129,27.74,0.238,5.85,0.139,,,,,,1.029
rsv272,อ่างเก็บน้ำคลองมะนาว,2026-08-10,middle,1.765,61.97,1.423,49.96,0.533,,0.004,,0.003,,1.321
rsv273,อ่างเก็บน้ำหนองทะลอก,2026-08-10,middle,1.66,35.74,1.118,24.07,1.119,,0.002,,0.003,,1.56
rsv274,อ่างเก็บน้ำห้วยขี้หนู,2026-08-10,middle,0.551,34.65,0.556,34.97,0.139,,,,0.002,,0.521
rsv275,อ่างเก็บน้ำห้วยน้อย,2026-08-10,middle,0.555,46.25,0.193,16.08,0.096,,,,0.001,,0.355
rsv276,อ่างเก็บน้ำห้วยใหญ่,2026-08-10,middle,0.396,30.46,0.06,4.62,0.485,,,,0.001,,0.256
rsv277,อ่างเก็บน้ำลำปะเทีย,2026-08-10,middle,16.122,63.47,6.53,25.71,5.492,,,,0.001,,14.922
rsv278,อ่างเก็บน้ำลำจังหัน,2026-08-10,middle,20.748,57.63,7.828,21.74,9.462,,,,0.075,,18.948
rsv279,อ่างเก็บน้ำห้วยตะโก,2026-08-10,middle,2.622,80.68,1.84,56.62,0.725,,0.005,,,,2.222
rsv281,อ่างเก็บน้ำลำปลายมาศ,2026-08-10,middle,33.468,34.15,32.943,33.62,9.496,,0.034,,0.076,,24.168
rsv288,อ่างเก็บน้ำลำสำลาย,2026-08-10,middle,10.89,25.93,25.057,59.66,6.89,,0.478,,0.156,,8.89
rsv296,อ่างเก็บน้ำห้วยเตย,2026-08-10,middle,1.143,26.0,1.439,32.73,0.873,,0.004,,,,1.003
rsv298,อ่างเก็บน้ำลำเชียงสา,2026-08-10,middle,5.608,74.77,4.437,59.16,1.551,,0.059,,,,4.208
rsv489,อ่างเก็บน้ำสันกำแพง,2026-08-10,middle,5.148,80.44,5.95,92.97,1.82,,0.005,,,,4.388
rsv302,อ่างเก็บน้ำห้วยขนุน,2026-08-10,middle,7.252,72.35,7.182,71.66,16.688,,0.179,,0.24,,6.625
rsv303,อ่างเก็บน้ำห้วยโอตาลัต,2026-08-10,middle,2.095,55.13,2.626,69.11,7.502,,0.002,,,,1.645
rsv304,อ่างเก็บน้ำห้วยด่านไอ,2026-08-10,middle,3.261,40.63,4.634,57.73,13.293,,0.137,,0.142,,2.661
rsv305,อ่างเก็บน้ำห้วยตาจู,2026-08-10,middle,6.41,28.77,11.25,50.5,6.971,,0.041,,,,4.61
rsv306,อ่างเก็บน้ำห้วยสำราญ,2026-08-10,middle,4.682,37.91,7.519,60.88,11.1,,0.006,,,,3.382
rsv307,อ่างเก็บน้ำห้วยศาลา,2026-08-10,middle,9.128,24.63,14.899,40.2,6.697,,0.013,,,,6.328
rsv308,อ่างเก็บน้ำห้วยติ๊กชู,2026-08-10,middle,7.561,28.86,12.16,46.41,16.067,,0.008,,,,4.165
rsv309,อ่างเก็บน้ำห้วยน้ำคำ,2026-08-10,middle,2.083,85.09,1.943,79.37,0.418,,0.008,,,,1.972
rsv310,อ่างเก็บน้ำห้วยคล้า,2026-08-10,middle,2.211,58.43,2.094,55.34,0.627,,0.003,,,,1.505
rsv311,อ่างเก็บน้ำห้วยน้ำเค็ม,2026-08-10,middle,0.791,73.93,0.277,25.89,1.706,,0.002,,,,0.549
rsv312,อ่างเก็บน้ำห้วยซัน,2026-08-10,middle,0.98,36.22,1.7,62.82,0.929,,0.002,,,,0.306
rsv313,อ่างเก็บน้ำห้วยตามาย,2026-08-10,middle,13.75,36.88,27.555,73.9,18.594,,0.03,,,,13.023
rsv314,อ่างเก็บน้ำหนองสิ,2026-08-10,middle,0.308,7.4,0.636,15.29,0.312,,0.001,,,,
rsv316,อ่างเก็บน้ำห้วยทา,2026-08-10,middle,18.654,63.06,28.333,95.78,20.916,,0.204,,,,16.254
rsv317,อ่างเก็บน้ำห้วยตะแบง,2026-08-10,middle,2.78,40.41,5.52,80.23,8.003,,0.003,,,,2.48
rsv318,อ่างเก็บน้ำห้วยแก้ว,2026-08-10,middle,2.575,52.35,3.2,65.05,2.064,,0.027,,0.005,,2.135
rsv319,อ่างเก็บน้ำห้วยเชิง,2026-08-10,middle,3.225,40.31,4.346,54.33,0.915,,0.015,,,,2.785
rsv320,อ่างเก็บน้ำห้วยขนาดมอญ,2026-08-10,middle,5.58,36.0,6.843,44.15,1.324,,0.075,,,,4.93
rsv321,อ่างเก็บน้ำอำปึล,2026-08-10,middle,10.12,36.56,15.13,54.66,6.004,,0.098,,0.007,,8.69
rsv322,อ่างเก็บน้ำห้วยเสนง,2026-08-10,middle,11.547,52.58,16.892,76.92,18.961,,0.488,,0.04,,10.727
rsv323,อ่างเก็บน้ำลำพอก,2026-08-10,middle,3.922,26.9,7.169,49.17,4.075,,0.112,,0.005,,3.272
rsv324,อ่างเก็บน้ำห้วยด่าน,2026-08-10,middle,6.314,67.17,2.388,25.4,1.631,,0.035,,,,5.174
rsv325,อ่างเก็บน้ำบ้านทำนบ,2026-08-10,middle,4.175,34.79,6.602,55.02,1.238,,0.054,,0.002,,3.975
rsv326,อ่างเก็บน้ำบ้านจรัส,2026-08-10,middle,6.859,45.73,10.507,70.05,2.106,,0.069,,,,6.359
rsv328,อ่างเก็บน้ำห้วยตาเกาว์,2026-08-10,middle,4.318,50.21,3.567,41.48,2.634,,0.079,,,,4.259
rsv329,อ่างเก็บน้ำสุวรรณภา,2026-08-10,middle,1.012,64.46,0.38,24.2,0.576,,0.005,,0.002,,0.992
rsv330,อ่างเก็บน้ำห้วยกะเลงเวก,2026-08-10,middle,1.88,55.29,2.255,66.32,0.443,,0.002,,0.005,,1.48
rsv331,อ่างเก็บน้ำห้วยระหาร,2026-08-10,middle,0.108,10.67,0.421,41.6,0.2,,,,,,0.078
rsv290,อ่างเก็บน้ำห้วยบ้านยาง,2026-08-10,middle,2.942,45.13,1.75,26.84,0.591,,,,0.004,,2.422
rsv286,อ่างเก็บน้ำห้วยยาง,2026-08-10,middle,2.536,45.86,2.872,51.93,0.969,,,,,,2.236
rsv299,อ่างเก็บน้ำห้วยบะอีแตน,2026-08-10,middle,1.19,66.11,1.26,70.0,0.596,,,,,,0.888
rsv289,อ่างเก็บน้ำห้วยซับประดู่,2026-08-10,middle,9.364,33.85,10.895,39.38,2.229,,0.014,,,,7.963
rsv549,อ่างเก็บน้ำ บ้านซับกระจาย,2026-08-10,middle,3.012,70.7,2.591,60.82,1.672,,0.004,,,,2.982
rsv530,อ่างเก็บน้ำทับรั้ง,2026-08-10,middle,3.266,79.66,2.454,59.85,3.216,,0.022,,0.017,,2.929
rsv295,อ่างเก็บน้ำห้วยปราสาทใหญ่,2026-08-10,middle,3.454,39.7,2.161,24.84,1.495,,0.049,,0.079,,2.6
rsv300,อ่างเก็บน้ำลำเชียงไกรตอนบน,2026-08-10,middle,6.424,76.48,4.051,48.23,7.422,,,,,,5.474
rsv292,อ่างเก็บน้ำลำเชียงไกรตอนล่าง,2026-08-10,middle,6.925,25.0,9.067,32.73,15.1,,0.102,,0.138,,5.775
rsv293,อ่างเก็บน้ำหนองกก,2026-08-10,middle,1.325,44.66,1.714,57.77,2.038,,0.011,,,,1.145
rsv297,อ่างเก็บน้ำห้วยตะคร้อ,2026-08-10,middle,3.345,35.21,5.598,58.93,1.237,,,,,,2.715
rsv294,อ่างเก็บน้ำห้วยยางพะไล,2026-08-10,middle,6.42,48.27,9.831,73.92,4.542,,0.01,,,,5.87
rsv285,อ่างเก็บน้ำบึงกระโตน,2026-08-10,middle,3.417,33.45,3.95,38.67,2.658,,0.006,,,,2.167
rsv287,อ่างเก็บน้ำห้วยบง,2026-08-10,middle,6.732,46.43,6.666,45.97,1.475,,0.005,,,,5.972
rsv284,อ่างเก็บน้ำห้วยสะกาด,2026-08-10,middle,1.682,47.01,2.672,74.68,1.483,,,,,,1.562
rsv283,อ่างเก็บน้ำลำฉมวก,2026-08-10,middle,15.575,66.43,11.855,50.57,3.104,,,,0.032,,14.319
rsv291,อ่างเก็บน้ำห้วยทับครัว,2026-08-10,middle,2.018,40.36,2.03,40.6,0.376,,0.001,,,,1.253
rsv280,อ่างเก็บน้ำห้วยเพลียก,2026-08-10,middle,0.876,58.4,0.874,58.27,0.44,,0.001,,,,0.574
rsv282,อ่างเก็บน้ำห้วยหิน,2026-08-10,middle,0.614,31.49,1.125,57.69,0.766,,0.001,,,,0.564
rsv336,อ่างเก็บน้ำคลองระบม,2026-08-10,middle,16.06,28.94,17.099,30.81,5.179,,0.034,,0.014,,8.26
rsv337,อ่างเก็บน้ำลาดกระทิง,2026-08-10,middle,1.113,26.5,1.442,34.33,0.644,,,,,,0.913
rsv338,อ่างเก็บน้ำลุ่มน้ำโจน 16,2026-08-10,middle,1.163,59.04,0.994,50.46,0.283,,,,,,0.993
rsv339,อ่างเก็บน้ำลุ่มน้ำโจน 2,2026-08-10,middle,0.624,31.84,0.538,27.45,0.2,,,,,,0.324
rsv340,อ่างเก็บน้ำคลองบอน,2026-08-10,middle,,0.0,0.01,0.4,0.0,,,,,,
rsv341,อ่างเก็บน้ำคลองศาลทราย,2026-08-10,middle,5.961,59.61,6.958,69.58,7.374,,0.513,,0.007,,4.961
rsv342,อ่างเก็บน้ำคลองพระพุทธ,2026-08-10,middle,40.902,58.01,43.699,61.98,9.785,,0.14,,0.033,,39.912
rsv516,อ่างเก็บน้ำคลองประแกด,2026-08-10,middle,56.637,93.99,41.947,69.61,61.842,,1.673,,0.881,,53.737
rsv555,อ่างเก็บน้ำ คลองหางแมว,2026-08-10,middle,53.6,66.42,,,24.267,,1.185,,0.015,,47.9
rsv343,อ่างเก็บน้ำหนองกลางดง,2026-08-10,middle,5.49,71.76,4.968,64.94,3.18,,,,0.019,,5.19
rsv344,อ่างเก็บน้ำชากนอก,2026-08-10,middle,2.647,37.65,4.402,62.62,2.606,,0.008,,0.008,,2.247
rsv345,อ่างเก็บน้ำมาบประชัน,2026-08-10,middle,8.221,49.52,8.366,50.4,5.251,,,,0.038,,7.461
rsv346,อ่างเก็บน้ำหนองค้อ,2026-08-10,middle,10.826,50.59,11.49,53.69,7.143,,0.017,,0.041,,9.826
rsv347,อ่างเก็บน้ำห้วยขุนจิต,2026-08-10,middle,0.4,8.33,0.46,9.58,0.588,,0.001,,0.001,,0.15
rsv348,อ่างเก็บน้ำมาบฟักทอง 1,2026-08-10,middle,0.578,46.99,0.89,72.36,0.085,,,,0.001,,0.378
rsv349,อ่างเก็บน้ำห้วยสะพาน,2026-08-10,middle,2.858,74.43,2.091,54.45,2.208,,0.002,,0.009,,2.558
rsv350,อ่างเก็บน้ำมาบฟักทอง 2,2026-08-10,middle,1.033,51.65,1.468,73.4,0.181,,,,0.002,,0.843
rsv351,อ่างเก็บน้ำบ้านบึง,2026-08-10,middle,7.625,69.45,4.984,45.4,6.469,,,,0.022,,4.805
rsv352,อ่างเก็บน้ำห้วยตู้ 1,2026-08-10,middle,0.343,22.87,0.592,39.47,0.221,,0.009,,0.003,,0.253
rsv353,อ่างเก็บน้ำห้วยตู้ 2,2026-08-10,middle,1.537,53.0,2.083,71.83,0.163,,0.008,,0.004,,1.337
rsv491,อ่างเก็บน้ำคลองหลวง รัชชโลทร,2026-08-10,middle,25.554,26.08,27.904,28.47,36.644,,0.176,,0.249,,22.604
rsv547,อ่างเก็บน้ำ คลองกระแส,2026-08-10,middle,13.08,72.19,,,10.694,,,,,,11.81
rsv354,อ่างเก็บน้ำเขาอีโต้ 1,2026-08-10,middle,0.522,18.0,0.755,26.03,10.027,,0.065,,0.061,,0.022
rsv355,อ่างเก็บน้ำทับลาน,2026-08-10,middle,2.092,76.77,2.77,101.65,1.981,,0.017,,0.005,,1.592
rsv499,อ่างเก็บน้ำคลองไม้ปล้อง,2026-08-10,middle,5.24,48.97,9.771,91.32,5.844,,0.145,,0.005,,5.13
rsv357,อ่างเก็บน้ำดอกกราย,2026-08-10,middle,49.354,69.12,57.01,79.85,40.849,,0.039,,0.039,,46.354
rsv358,อ่างเก็บน้ำคลองระโอก,2026-08-10,middle,14.315,72.85,15.155,77.12,9.758,,0.42,,0.015,,14.115
rsv359,อ่างเก็บน้ำคลองใหญ่,2026-08-10,middle,24.634,48.49,22.056,43.42,72.884,,0.152,,0.397,,21.634
rsv360,อ่างเก็บน้ำเขาระกำ,2026-08-10,middle,45.243,94.87,33.774,70.82,33.035,,0.71,,0.012,,42.933
rsv361,อ่างเก็บน้ำบ้านมะนาว,2026-08-10,middle,2.268,96.51,2.207,93.91,3.289,,0.088,,0.068,,2.198
rsv362,อ่างเก็บน้ำด่านชุมพล,2026-08-10,middle,6.167,110.13,5.583,99.7,32.051,,0.947,,0.912,,5.867
rsv363,อ่างเก็บน้ำห้วยแร้ง,2026-08-10,middle,39.477,107.27,15.112,41.07,108.589,,4.39,,4.075,,36.977
rsv364,อ่างเก็บน้ำวังปลาหมอ,2026-08-10,middle,7.349,110.81,5.04,76.0,6.482,,,,0.287,,6.749
rsv497,อ่างเก็บน้ำคลองสะพานหิน,2026-08-10,middle,19.379,96.9,14.676,73.38,12.749,,0.382,,0.003,,18.879
rsv498,อ่างเก็บน้ำคลองโสน,2026-08-10,middle,50.493,77.68,40.309,62.01,42.46,,1.995,,0.611,,48.013
rsv365,อ่างเก็บน้ำพระปรง,2026-08-10,middle,37.11,38.26,26.57,27.39,9.148,,0.385,,0.182,,33.11
rsv366,อ่างเก็บน้ำห้วยชัน,2026-08-10,middle,1.964,49.1,2.922,73.05,1.398,,0.003,,,,1.104
rsv367,อ่างเก็บน้ำท่ากะบาก,2026-08-10,middle,3.102,42.49,2.962,40.58,1.005,,0.03,,0.008,,2.302
rsv368,อ่างเก็บน้ำคลองสามสิบ,2026-08-10,middle,2.424,41.97,3.042,52.68,0.935,,0.003,,0.001,,1.624
rsv369,อ่างเก็บน้ำเขารัง,2026-08-10,middle,0.178,4.78,0.412,11.08,0.268,,0.003,,,,0.058
rsv370,อ่างเก็บน้ำคลองเกลือ,2026-08-10,middle,3.672,66.76,2.872,52.22,1.751,,0.042,,,,2.872
rsv371,อ่างเก็บน้ำช่องกล่ำล่าง,2026-08-10,middle,1.565,71.14,1.415,64.32,1.255,,0.007,,0.001,,1.365
rsv372,อ่างเก็บน้ำห้วยเขาดิน,2026-08-10,middle,0.237,16.93,0.213,15.21,0.147,,0.001,,,,0.137
rsv373,อ่างเก็บน้ำห้วยยาง,2026-08-10,middle,6.67,11.12,14.63,24.38,5.253,,0.01,,,,2.67
rsv374,อ่างเก็บน้ำห้วยตะเคียน,2026-08-10,middle,1.445,14.45,1.195,11.95,1.017,,0.003,,,,1.245
rsv375,อ่างเก็บน้ำคลองส้มป่อย,2026-08-10,middle,0.325,18.06,1.37,76.11,0.193,,0.011,,,,0.225
rsv379,อ่างเก็บน้ำคลองตาด้วง,2026-08-10,middle,0.337,18.72,0.296,16.44,0.042,,0.003,,,,0.237
rsv496,อ่างเก็บน้ำคลองพระสะทึง,2026-08-10,middle,32.836,50.52,34.463,53.02,27.239,,0.492,,0.1,,28.836
rsv380,อ่างเก็บน้ำห้วยปรือ,2026-08-10,middle,4.052,45.68,6.327,71.33,1.279,,0.026,,0.025,,3.932
rsv381,อ่างเก็บน้ำคลองสีเสียด,2026-08-10,middle,0.437,38.33,0.936,82.11,0.165,,0.006,,,,0.367
rsv382,อ่างเก็บน้ำคลองโบด,2026-08-10,middle,0.344,8.09,0.425,10.0,1.296,,0.013,,0.01,,0.334
rsv383,อ่างเก็บน้ำทรายทอง,2026-08-10,middle,1.654,82.7,1.751,87.55,1.799,,0.042,,,,1.534
rsv384,อ่างเก็บน้ำคลองวังบอน,2026-08-10,middle,3.003,39.51,5.924,77.95,1.939,,0.111,,0.027,,2.723
rsv386,อ่างเก็บน้ำคลองกลาง,2026-08-10,middle,1.167,37.65,2.299,74.16,0.892,,0.021,,,,1.067
rsv67,อ่างเก็บน้ำคลองเฉลียงลับ,2026-08-10,middle,5.19,66.11,3.927,50.03,4.804,,0.08,,0.01,,4.49
rsv68,อ่างเก็บน้ำห้วยขอนแก่น,2026-08-10,middle,14.96,45.03,14.506,43.67,63.759,,0.54,,0.38,,11.74
rsv69,อ่างเก็บน้ำห้วยป่าแดง,2026-08-10,middle,14.47,77.21,6.263,33.42,12.065,,0.16,,0.04,,12.77
rsv70,อ่างเก็บน้ำห้วยป่าเลา,2026-08-10,middle,5.6,66.67,4.64,55.24,1.765,,,,,,5.416
rsv472,อ่างเก็บน้ำน้ำก้อ,2026-08-10,middle,16.78,81.54,11.295,54.88,18.49,,,,0.09,,15.968
rsv473,อ่างเก็บน้ำห้วยใหญ่,2026-08-10,middle,8.32,62.79,3.626,27.37,6.839,,0.21,,0.01,,7.32
rsv474,อ่างเก็บน้ำห้วยนา,2026-08-10,middle,4.5,79.65,3.911,69.22,4.141,,0.07,,,,3.9
rsv475,อ่างเก็บน้ำคลองลำกง,2026-08-10,middle,27.88,57.47,14.325,29.53,22.298,,0.84,,0.12,,20.332
rsv476,อ่างเก็บน้ำห้วยน้ำชุนใหญ่,2026-08-10,middle,2.38,31.65,2.044,27.18,5.076,,0.01,,0.01,,1.74
rsv477,อ่างเก็บน้ำห้วยเล็ง,2026-08-10,middle,8.0,46.51,6.916,40.21,15.853,,0.11,,0.17,,7.2
rsv506,อ่างเก็บน้ำห้วยท่าพล,2026-08-10,middle,3.25,25.35,2.512,19.59,3.024,,0.01,,0.01,,2.237
rsv390,อ่างเก็บน้ำซับตะเคียน,2026-08-10,middle,1.17,13.9,1.083,12.86,0.277,,,,,,0.82
rsv391,อ่างเก็บน้ำห้วยโป่ง,2026-08-10,middle,0.17,8.21,0.336,16.23,0.0,,,,,,0.12
rsv392,อ่างเก็บน้ำกุดตาเพชร,2026-08-10,middle,13.69,31.84,12.411,28.86,2.757,,,,0.24,,11.69
rsv393,อ่างเก็บน้ำห้วยใหญ่ (วังแขม),2026-08-10,middle,3.39,28.25,6.704,55.87,1.093,,0.07,,,,1.89
rsv396,อ่างเก็บน้ำห้วยหิน,2026-08-10,middle,0.72,32.0,0.477,21.2,0.188,,,,,,0.52
rsv525,อ่างเก็บน้ำห้วยแฟน,2026-08-10,middle,,0.0,,0.0,0.0,,,,,,
rsv526,อ่างเก็บน้ำห้วยใหญ่,2026-08-10,middle,1.35,17.76,2.32,30.53,0.0,,,,,,1.3
rsv556,อ่างเก็บน้ำ คุ้งใหญ่,2026-08-10,middle,,0.0,,,0.0,,,,,,
rsv397,อ่างเก็บน้ำบ้านดง,2026-08-10,middle,2.7,84.91,1.574,49.5,6.279,,0.27,,0.26,,2.45
rsv398,อ่างเก็บน้ำคลองเพรียว,2026-08-10,middle,5.76,100.0,6.08,105.56,19.59,,0.56,,1.28,,3.71
rsv399,อ่างเก็บน้ำห้วยหินขาว,2026-08-10,middle,0.83,75.45,0.846,76.91,0.798,,,,,,
rsv470,อ่างเก็บน้ำมวกเหล็ก,2026-08-10,middle,30.22,49.54,29.464,48.3,14.734,,0.32,,0.12,,29.12
rsv389,อ่างเก็บน้ำห้วยขุนแก้ว,2026-08-10,middle,6.82,13.12,8.74,16.81,4.02,,0.03,,,,4.65
rsv529,อ่างเก็บน้ำวังร่มเกล้า,2026-08-10,middle,0.26,5.6,1.1,23.71,6.571,,,,0.001,,
rsv401,อ่างเก็บน้ำห้วยท่าเดื่อ,2026-08-10,middle,1.884,67.29,1.748,62.43,0.0,,,,,,1.684
rsv484,อ่างเก็บน้ำห้วยยาง,2026-08-10,middle,0.928,58.0,1.033,64.56,0.0,,,,,,0.778
rsv527,อ่างเก็บน้ำห้วยหนองโรง,2026-08-10,middle,4.66,33.29,4.66,33.29,0.0,,,,,,3.81
rsv402,อ่างเก็บน้ำลำตะเพิน,2026-08-10,middle,27.175,54.35,32.825,65.65,0.06,,,,0.288,,22.375
rsv403,อ่างเก็บน้ำห้วยเทียน,2026-08-10,middle,4.047,38.0,3.423,32.14,0.662,,,,0.03,,2.647
rsv404,อ่างเก็บน้ำห้วยพุตะเคียน,2026-08-10,middle,2.017,50.42,2.18,54.5,0.317,,,,,,1.777
rsv517,อ่างเก็บน้ำห้วยกระพร้อย,2026-08-10,middle,15.812,68.24,9.624,41.54,0.273,,,,0.183,,14.67
rsv557,อ่างเก็บน้ำ ห้วยลำทราย,2026-08-10,middle,5.249,79.91,,,0.238,,,,0.061,,5.119
rsv405,อ่างเก็บน้ำชัฎป่าหวาย,2026-08-10,middle,1.342,53.68,1.185,47.4,0.223,,,,0.006,,1.092
rsv406,อ่างเก็บน้ำห้วยสำนักไม้เต็ง,2026-08-10,middle,11.612,25.53,5.513,12.12,2.499,,,,,,9.612
rsv407,อ่างเก็บน้ำห้วยมะหาด,2026-08-10,middle,1.861,43.28,2.245,52.21,0.279,,,,0.005,,1.641
rsv408,อ่างเก็บน้ำห้วยท่าเคย,2026-08-10,middle,8.117,34.69,7.757,33.15,0.965,,,,0.04,,7.117
rsv410,อ่างเก็บน้ำห้วยสามเขา,2026-08-10,middle,0.505,14.85,1.2,35.29,0.03,,,,0.003,,0.385
rsv411,อ่างเก็บน้ำห้วยสงสัย,2026-08-10,middle,1.454,35.87,1.706,42.08,1.096,,,,0.004,,1.054
rsv412,อ่างเก็บน้ำห้วยทราย,2026-08-10,middle,,0.0,0.04,2.05,0.0,,,,,,
rsv413,อ่างเก็บน้ำทุ่งขาม,2026-08-10,middle,1.825,22.81,3.499,43.74,0.271,,,,,,1.215
rsv414,อ่างเก็บน้ำห้วยตะแปด,2026-08-10,middle,0.174,4.35,0.46,11.5,0.093,,,,,,0.044
rsv420,อ่างเก็บน้ำบ้านกระหร่างสาม,2026-08-10,middle,,0.0,0.737,12.28,0.0,,,,,,
rsv421,อ่างเก็บน้ำแม่ประจันต์,2026-08-10,middle,4.464,10.58,8.692,20.6,18.115,,0.058,,0.043,,2.424
rsv467,อ่างเก็บน้ำห้วยผาก,2026-08-10,middle,10.643,38.7,8.82,32.07,5.775,,0.034,,0.043,,7.643
rsv423,อ่างเก็บน้ำคลองช่องลม,2026-08-10,middle,0.523,9.51,0.79,14.36,0.286,,0.001,,,,0.223
rsv424,อ่างเก็บน้ำคลองจะกระ,2026-08-10,middle,0.756,7.27,2.279,21.91,0.499,,,,,,0.256
rsv425,อ่างเก็บน้ำยางชุม,2026-08-10,middle,10.616,25.83,14.712,35.8,7.309,,,,0.01,,6.616
rsv426,อ่างเก็บน้ำคลองบึง,2026-08-10,middle,0.896,4.04,2.066,9.31,0.633,,0.007,,0.007,,0.096
rsv427,อ่างเก็บน้ำห้วยอ่างหิน,2026-08-10,middle,0.304,10.86,0.667,23.82,0.355,,0.001,,,,0.154
rsv428,อ่างเก็บน้ำห้วยไทรงาม,2026-08-10,middle,3.126,32.91,5.539,58.31,0.571,,,,,,2.226
rsv429,อ่างเก็บน้ำห้วยวังเต็น,2026-08-10,middle,2.679,23.5,5.692,49.93,1.289,,,,,,2.009
rsv488,อ่างเก็บน้ำห้วยมงคล,2026-08-10,middle,0.922,15.76,2.703,46.21,1.044,,0.006,,0.01,,0.682
rsv500,อ่างเก็บน้ำหาดส้มแป้น,2026-08-10,middle,10.039,100.39,6.045,60.45,12.291,,0.35,,0.324,,8.239
rsv430,อ่างเก็บน้ำบางกำปรัด,2026-08-10,middle,11.806,73.79,11.004,68.77,45.698,,0.044,,0.044,,11.556
rsv431,อ่างเก็บน้ำห้วยลึก,2026-08-10,middle,2.45,100.0,2.11,86.12,4.515,,0.008,,0.008,,2.39
rsv432,อ่างเก็บน้ำห้วยน้ำเขียว,2026-08-10,middle,4.277,58.59,4.591,62.89,3.383,,0.027,,0.027,,4.037
rsv433,อ่างเก็บน้ำคลองหยา,2026-08-10,middle,3.2,100.0,2.83,88.44,14.729,,0.057,,0.057,,3.16
rsv471,อ่างเก็บน้ำคลองแห้ง,2026-08-10,middle,6.547,52.38,3.207,25.66,22.825,,0.033,,0.033,,5.547
rsv542,อ่างเก็บน้ำ ห้วยทรายขาว,2026-08-10,middle,4.904,98.08,4.28,85.6,4.016,,,,0.04,,4.779
rsv434,อ่างเก็บน้ำห้วยน้ำใส,2026-08-10,middle,30.23,35.15,40.806,47.45,30.169,,0.018,,0.233,,28.23
rsv435,อ่างเก็บน้ำคลองกะทูน,2026-08-10,middle,42.92,60.88,40.28,57.13,93.007,,0.905,,1.365,,28.62
rsv436,อ่างเก็บน้ำบ้านเสม็ดจวน,2026-08-10,middle,0.84,49.41,0.991,58.29,0.238,,,,,,0.74
rsv437,อ่างเก็บน้ำคลองดินแดง,2026-08-10,middle,31.6,52.67,34.19,56.98,23.376,,,,0.078,,18.6
rsv543,อ่างเก็บน้ำ คลองสังข์,2026-08-10,middle,14.05,38.41,11.167,30.53,8.122,,,,0.042,,12.87
rsv438,อ่างเก็บน้ำบางวาด,2026-08-10,middle,6.09,59.71,6.01,58.92,6.595,,0.016,,0.032,,5.82
rsv439,อ่างเก็บน้ำบางเหนียวดำ,2026-08-10,middle,3.5,44.93,3.16,40.56,2.915,,0.01,,0.023,,3.472
rsv510,อ่างเก็บน้ำคลองกะทะ,2026-08-10,middle,2.66,64.3,2.57,62.12,2.731,,0.015,,0.017,,2.497
rsv446,อ่างเก็บน้ำบางทรายนวล,2026-08-10,middle,1.37,62.56,1.238,56.53,0.337,,,,,,1.27
rsv447,อ่างเก็บน้ำคลองสวนหนัง,2026-08-10,middle,1.29,100.0,1.29,100.0,5.388,,0.022,,0.022,,1.08
rsv440,อ่างเก็บน้ำคลองท่างิ้ว,2026-08-10,middle,10.344,55.91,10.272,55.52,15.372,,0.031,,0.071,,9.944
rsv492,อ่างเก็บน้ำบ้านพรุเตย,2026-08-10,middle,0.923,82.26,0.557,49.64,5.513,,0.015,,0.013,,0.443
rsv528,อ่างเก็บน้ำคลองทรายขาว,2026-08-10,middle,3.013,54.78,4.135,75.18,17.152,,0.081,,0.081,,3.013
rsv441,อ่างเก็บน้ำคลองป่าบอน,2026-08-10,middle,2.015,10.08,8.71,43.55,12.113,,,,0.058,,1.115
rsv442,อ่างเก็บน้ำป่าพะยอม,2026-08-10,middle,10.751,52.44,12.53,61.12,30.867,,0.006,,0.037,,9.951
rsv482,อ่างเก็บน้ำคลองหัวช้าง,2026-08-10,middle,11.93,39.77,12.7,42.33,31.339,,0.081,,0.131,,11.38
rsv443,อ่างเก็บน้ำคลองจำไหร,2026-08-10,middle,2.8,46.67,2.63,43.83,0.3,,,,,,2.7
rsv444,อ่างเก็บน้ำคลองหลา,2026-08-10,middle,5.82,27.17,12.55,58.59,1.682,,0.032,,0.062,,5.515
rsv445,อ่างเก็บน้ำคลองสะเดา,2026-08-10,middle,19.571,34.49,29.705,52.35,16.669,,0.097,,0.165,,18.015
rsv448,อ่างเก็บน้ำใกล้บ้าน,2026-08-10,middle,1.04,27.88,2.02,54.16,3.423,,0.012,,0.012,,0.99
rsv509,อ่างเก็บน้ำบ้านไบก์ (บ้านไบ้),2026-08-10,middle,0.119,9.92,0.774,64.5,1.737,,0.007,,0.008,,0.089
