流域,行政区划,河名,库名,时间,库水位(米),日变幅(米),screen_index,crawl_time_local,report_date,row_order_in_screen
珠江,广东,西枝江,白盆珠,04-01 08:00,65.08,-0.03,0,2026-04-01 18:53:49,2026-04-01,0
珠江,广东,二渡河,上板桥,04-01 08:00,264.17,-0.97,0,2026-04-01 18:53:49,2026-04-01,1
珠江,广东,东江,七水库,04-01 08:00,77.16,0.07,0,2026-04-01 18:53:49,2026-04-01,2
珠江,广东,东江,红花湖,04-01 08:00,53.19,0.01,0,2026-04-01 18:53:49,2026-04-01,3
珠江,广东,黄沙水,同沙,04-01 08:00,15.75,0.01,0,2026-04-01 18:53:49,2026-04-01,4
珠江,广东,横岭水,鸡心石,04-01 08:00,51.0,-0.25,0,2026-04-01 18:53:49,2026-04-01,5
珠江,广东,稿树下水,稿树下,04-01 08:00,58.46,0.01,0,2026-04-01 18:53:49,2026-04-01,6
珠江,广东,里波水,联和,04-01 08:00,46.58,0.05,0,2026-04-01 18:53:49,2026-04-01,7
珠江,广东,增江,天堂山,04-01 08:00,138.71,0.06,0,2026-04-01 18:53:49,2026-04-01,8
流溪河,广东,流溪河,流溪河,04-01 08:00,225.7,0.2,0,2026-04-01 18:53:49,2026-04-01,9
流溪河,广东,天湖水库水,天湖,04-01 08:00,229.43,0.15,0,2026-04-01 18:53:49,2026-04-01,10
流溪河,广东,沙坑,和龙,04-01 08:00,34.58,-0.37,0,2026-04-01 18:53:49,2026-04-01,11
珠江,广东,沙河,显岗,04-01 08:00,20.84,-0.94,0,2026-04-01 18:53:49,2026-04-01,12
流溪河,广东,流溪河,黄龙带,04-01 08:00,161.39,-1.11,0,2026-04-01 18:53:49,2026-04-01,13
珠江,广东,茅洲河,罗田,04-01 08:00,30.39,-0.03,0,2026-04-01 18:53:49,2026-04-01,14
珠江,广东,西乡水,铁岗,04-01 08:00,23.2,-0.06,0,2026-04-01 18:53:49,2026-04-01,15
珠江,广东,南头河,西沥,01-21 08:00,27.34,,0,2026-04-01 18:53:49,2026-04-01,16
珠江,广东,深圳水,深圳,04-01 08:00,27.46,-0.01,0,2026-04-01 18:53:49,2026-04-01,17
珠江,广东,新洲河,梅林,04-01 08:00,49.56,-0.01,0,2026-04-01 18:53:49,2026-04-01,18
珠江,广东,龙岗河,松子坑,04-01 08:00,61.05,-0.13,0,2026-04-01 18:53:49,2026-04-01,19
珠江,广东,莲塘水,宝鸭仔,04-01 08:00,30.82,-0.04,0,2026-04-01 18:53:49,2026-04-01,20
珠江,广东,沙坪水,四堡,04-01 08:00,65.11,-0.08,0,2026-04-01 18:53:49,2026-04-01,21
珠江,广东,小隐涌,长江,04-01 08:00,22.87,-0.01,0,2026-04-01 18:53:49,2026-04-01,22
珠江,广东,潭江,锦江,04-01 08:00,85.81,-0.06,0,2026-04-01 18:53:49,2026-04-01,23
珠江,广东,鹤洲水,大沙河,04-01 08:00,31.34,-0.02,0,2026-04-01 18:53:49,2026-04-01,24
珠江,广东,镇海水,镇海,04-01 08:00,23.3,-0.03,1,2026-04-01 18:53:49,2026-04-01,0
珠江,广东,大镜山溪,大镜山,04-01 08:00,17.11,-0.04,1,2026-04-01 18:53:49,2026-04-01,1
韩江,广东,五华河,益塘,04-01 08:00,145.77,-0.05,1,2026-04-01 18:53:49,2026-04-01,2
韩江,广东,和山河,和山岩,04-01 08:00,151.6,0.12,1,2026-04-01 18:53:49,2026-04-01,3
韩江,福建,汀江,棉花滩水库,04-01 08:00,156.21,0.09,1,2026-04-01 18:53:49,2026-04-01,4
韩江,广东,汀江,青溪,04-01 08:00,72.12,0.06,1,2026-04-01 18:53:49,2026-04-01,5
韩江,广东,程江,梅西,04-01 08:00,164.73,0.02,1,2026-04-01 18:53:49,2026-04-01,6
韩江,广东,凤凰溪,凤溪,04-01 08:00,407.72,,1,2026-04-01 18:53:49,2026-04-01,7
粤东沿海诸河,广东,五经富水,龙颈(上),04-01 08:00,88.78,-0.11,1,2026-04-01 18:53:49,2026-04-01,8
粤东沿海诸河,广东,五经富水,龙颈(下),04-01 08:00,53.38,,1,2026-04-01 18:53:49,2026-04-01,9
粤东沿海诸河,广东,小龙溪,小龙溪,04-01 08:00,53.69,-0.04,1,2026-04-01 18:53:49,2026-04-01,10
粤东沿海诸河,广东,龙溪水,龙溪一级,04-01 08:00,171.52,-0.02,1,2026-04-01 18:53:49,2026-04-01,11
粤东沿海诸河,广东,龙溪水,龙溪二级,04-01 08:00,60.72,-0.11,1,2026-04-01 18:53:49,2026-04-01,12
粤东沿海诸河,广东,锣鼓水,红场,04-01 08:00,244.07,0.02,1,2026-04-01 18:53:49,2026-04-01,13
粤东沿海诸河,广东,金溪河,上金溪,04-01 08:00,86.7,0.03,1,2026-04-01 18:53:49,2026-04-01,14
粤东沿海诸河,广东,三坑溪,上三坑,04-01 08:00,152.3,,1,2026-04-01 18:53:49,2026-04-01,15
粤东沿海诸河,广东,练江,白沙溪,04-01 08:00,366.34,-0.07,1,2026-04-01 18:53:49,2026-04-01,16
粤东沿海诸河,广东,雷岭河,镇北,04-01 08:00,44.37,,1,2026-04-01 18:53:49,2026-04-01,17
粤东沿海诸河,广东,雷岭河,蜈蚣岭,04-01 08:00,45.9,-0.04,1,2026-04-01 18:53:49,2026-04-01,18
粤东沿海诸河,广东,黄江,朝面山,04-01 08:00,197.87,-0.25,1,2026-04-01 18:53:49,2026-04-01,19
粤东沿海诸河,广东,横江水,横江,04-01 08:00,66.4,,1,2026-04-01 18:53:49,2026-04-01,20
粤东沿海诸河,广东,练江,汤坑,04-01 08:00,51.15,-0.15,1,2026-04-01 18:53:49,2026-04-01,21
粤东沿海诸河,广东,练江,秋风岭,04-01 08:00,34.18,,1,2026-04-01 18:53:49,2026-04-01,22
粤东沿海诸河,广东,龙江,龙潭,04-01 08:00,64.15,-0.12,1,2026-04-01 18:53:49,2026-04-01,23
粤东沿海诸河,广东,罗溪,石榴潭,04-01 08:00,34.01,-0.02,1,2026-04-01 18:53:49,2026-04-01,24
粤东沿海诸河,广东,黄江,公平,04-01 08:00,12.93,0.0,2,2026-04-01 18:53:49,2026-04-01,0
粤东沿海诸河,广东,大液河,黄山洞,04-01 08:00,45.48,-0.02,2,2026-04-01 18:53:49,2026-04-01,1
粤东沿海诸河,广东,新西河,新西河,04-01 08:00,34.3,-0.01,2,2026-04-01 18:53:49,2026-04-01,2
珠江,广东,大隆洞河,大隆洞,04-01 08:00,25.98,-0.09,2,2026-04-01 18:53:49,2026-04-01,3
鉴江,广东,小水河,高城,04-01 08:00,130.37,,2,2026-04-01 18:53:49,2026-04-01,4
鉴江,广东,六雅河,尚文,04-01 08:00,104.27,-0.04,2,2026-04-01 18:53:49,2026-04-01,5
鉴江,广东,大井河,良德水库(大坝),04-01 08:00,81.56,-0.06,2,2026-04-01 18:53:49,2026-04-01,6
鉴江,广东,庙背水,罗坑,04-01 08:00,108.48,-0.03,2,2026-04-01 18:53:49,2026-04-01,7
鉴江,广东,袂花江,黄沙,04-01 08:00,115.45,-0.1,2,2026-04-01 18:53:49,2026-04-01,8
粤西沿海诸河,广东,东运河,西湖,04-01 08:00,13.44,-0.02,2,2026-04-01 18:53:49,2026-04-01,9
粤西沿海诸河,广东,龙门河,龙门,04-01 08:00,54.66,-0.03,2,2026-04-01 18:53:49,2026-04-01,10
粤西沿海诸河,广东,大水桥河,大水桥,04-01 08:00,55.73,-0.03,2,2026-04-01 18:53:49,2026-04-01,11
粤西沿海诸河,广东,九洲江,鹤地水库(大坝),04-01 08:00,36.72,-0.01,2,2026-04-01 18:53:49,2026-04-01,12
粤西沿海诸河,广东,武陵河,武陵,04-01 08:00,35.65,-0.03,2,2026-04-01 18:53:49,2026-04-01,13
粤西沿海诸河,广东,沙铲河,岭背下,04-01 08:00,40.01,-0.02,2,2026-04-01 18:53:49,2026-04-01,14
粤西沿海诸河,广东,沙铲河,仙人域,04-01 08:00,34.84,0.05,2,2026-04-01 18:53:49,2026-04-01,15
珠江,广东,漠阳江,北河,04-01 08:00,85.36,-0.05,2,2026-04-01 18:53:49,2026-04-01,16
珠江,广东,那龙河,东湖,04-01 08:00,27.25,-0.02,2,2026-04-01 18:53:49,2026-04-01,17
珠江,广东,洋边河,茅垌,04-01 08:00,25.98,-0.02,2,2026-04-01 18:53:49,2026-04-01,18
珠江,广东,儒洞河,陂底,04-01 08:00,36.27,-0.02,2,2026-04-01 18:53:49,2026-04-01,19
南渡江,海南,南渡江,松涛水库 (南丰),04-01 08:00,185.36,-0.02,2,2026-04-01 18:53:49,2026-04-01,20
万泉河,海南,万泉河,牛路岭水库,03-31 08:00,100.12,,2,2026-04-01 18:53:49,2026-04-01,21
太阳河,海南,太阳河,万宁水库 (大坝),03-31 08:00,19.84,,2,2026-04-01 18:53:49,2026-04-01,22
藤桥河,海南,藤桥西河,赤田水库,03-11 08:00,22.46,,2,2026-04-01 18:53:49,2026-04-01,23
三亚河,海南,三亚河,福万水库,03-11 08:00,122.15,,2,2026-04-01 18:53:49,2026-04-01,24
三亚河,海南,三亚河,半岭水库,03-11 08:00,49.04,,3,2026-04-01 18:53:49,2026-04-01,0
三亚河,海南,三亚河,水源池水库,03-11 08:00,33.68,,3,2026-04-01 18:53:49,2026-04-01,1
宁远河,海南,宁远河,抱古水库,03-11 08:00,46.43,,3,2026-04-01 18:53:49,2026-04-01,2
宁远河,海南,宁远河,大隆水库,03-31 08:00,54.81,,3,2026-04-01 18:53:49,2026-04-01,3
望楼河,海南,望楼河,长茅水库,03-31 08:00,154.36,,3,2026-04-01 18:53:49,2026-04-01,4
望楼河,海南,望楼河,石门水库,03-11 08:00,44.11,,3,2026-04-01 18:53:49,2026-04-01,5
罗带河,海南,罗带河,高坡岭水库,03-11 08:00,27.93,,3,2026-04-01 18:53:49,2026-04-01,6
昌化江,海南,昌化江,大广坝水库,03-31 08:00,125.51,,3,2026-04-01 18:53:49,2026-04-01,7
昌化江,海南,石碌河,石碌水库,03-31 08:00,122.42,,3,2026-04-01 18:53:49,2026-04-01,8
浙闽台河流,浙江,剡江,亭下水库,04-01 08:00,61.12,0.16,3,2026-04-01 18:53:49,2026-04-01,9
淮河,山东,北沙河,马河水库,04-01 08:00,107.24,,3,2026-04-01 18:53:49,2026-04-01,10
淮河,山东,西泇河,周村水库,04-01 08:00,123.85,,3,2026-04-01 18:53:49,2026-04-01,11
淮河,河南,汝河,宿鸭湖,04-01 08:00,52.33,-0.01,3,2026-04-01 18:53:49,2026-04-01,12
内陆河,甘肃,大堵马河,瓦房城水库,04-01 08:00,2385.8,,3,2026-04-01 18:53:49,2026-04-01,13
海河,河北,滏阳河,东武仕水库(坝上）,04-01 08:00,107.75,-0.06,3,2026-04-01 18:53:49,2026-04-01,14
海河,河南,石门河,石门水库,04-01 08:00,303.35,,3,2026-04-01 18:53:49,2026-04-01,15
海河,河南,沧河,塔岗,04-01 08:00,175.6,,3,2026-04-01 18:53:49,2026-04-01,16
海河,河南,安阳河,彰武,04-01 08:00,128.05,,3,2026-04-01 18:53:49,2026-04-01,17
黄河,青海,大南川河,大南川,04-01 08:00,2621.77,,3,2026-04-01 18:53:49,2026-04-01,18
松花江流域,吉林,松花江吉林段,白山,04-01 08:00,401.29,0.2,3,2026-04-01 18:53:49,2026-04-01,19
黑龙江流域,黑龙江,嫩江,尼尔基坝上,04-01 08:00,211.41,0.05,3,2026-04-01 18:53:49,2026-04-01,20
黑龙江流域,内蒙古,洮儿河,察尔森上,04-01 08:00,358.6,,3,2026-04-01 18:53:49,2026-04-01,21
嫩江,吉林,洮儿河,月亮湖,04-01 08:00,130.86,,3,2026-04-01 18:53:49,2026-04-01,22
辽河,吉林,东辽河,二龙山,04-01 08:00,220.6,,3,2026-04-01 18:53:49,2026-04-01,23
辽河,辽宁,柴河,柴河水库,04-01 08:00,104.14,-0.03,3,2026-04-01 18:53:49,2026-04-01,24
辽河,辽宁,柳河,闹德海,04-01 08:00,180.77,0.07,4,2026-04-01 18:53:49,2026-04-01,0
辽河,辽宁,浑河,大伙房水库,04-01 08:00,124.27,0.01,4,2026-04-01 18:53:49,2026-04-01,1
辽河,辽宁,太子河,观音阁水库,04-01 08:00,252.56,-0.06,4,2026-04-01 18:53:49,2026-04-01,2
辽河,辽宁,太子河,窝水库,04-01 08:00,88.36,0.17,4,2026-04-01 18:53:49,2026-04-01,3
海河流域,海委,滦河,潘家口,04-01 08:00,221.56,0.06,4,2026-04-01 18:53:49,2026-04-01,4
海河流域,海委,滦河,大黑汀,04-01 08:00,132.13,-0.22,4,2026-04-01 18:53:49,2026-04-01,5
海河,河北,青龙河,桃林口水库,04-01 08:00,138.1,-0.05,4,2026-04-01 18:53:49,2026-04-01,6
海河,河北,白洋淀,新安,07-10 08:00,8.41,0.01,4,2026-04-01 18:53:49,2026-04-01,7
海河,河北,白洋淀,端村,07-10 08:00,8.23,-0.01,4,2026-04-01 18:53:49,2026-04-01,8
海河,河北,白洋淀,王家寨,07-10 08:00,7.25,-0.01,4,2026-04-01 18:53:49,2026-04-01,9
海河,北京,白河,密云白河坝上,04-01 08:00,153.25,-0.04,4,2026-04-01 18:53:49,2026-04-01,10
海河,北京,永定河,官厅水库,04-01 08:00,477.02,-0.01,4,2026-04-01 18:53:49,2026-04-01,11
海河,河北,白洋淀,十方院(白）(堰上),04-01 08:00,8.32,-0.01,4,2026-04-01 18:53:49,2026-04-01,12
海河,河北,滹沱河,岗南水库(坝上),04-01 08:00,196.92,-0.07,4,2026-04-01 18:53:49,2026-04-01,13
海河,河北,滹沱河,黄壁庄水库(坝上),04-01 08:00,113.75,-0.1,4,2026-04-01 18:53:49,2026-04-01,14
海河流域,海委,漳河,岳城水库 (坝上),04-01 08:00,145.07,-0.13,4,2026-04-01 18:53:49,2026-04-01,15
黄河,河南,黄河,小浪底水库,04-01 08:00,263.23,-0.22,4,2026-04-01 18:53:49,2026-04-01,16
淮河,安徽,淠东干渠,安丰塘,04-01 08:00,29.18,0.02,4,2026-04-01 18:53:49,2026-04-01,17
淮河,河南,浉河,南湾,04-01 08:00,98.52,0.01,4,2026-04-01 18:53:49,2026-04-01,18
淮河,河南,汝河,板桥,04-01 08:00,110.96,0.01,4,2026-04-01 18:53:49,2026-04-01,19
淮河,河南,灌河,鲇鱼山,04-01 08:00,101.6,0.06,4,2026-04-01 18:53:49,2026-04-01,20
淮河,河南,沙河,昭平台,04-01 08:00,164.66,0.03,4,2026-04-01 18:53:49,2026-04-01,21
淮河,河南,沙河,白山,04-01 08:00,100.01,-0.01,4,2026-04-01 18:53:49,2026-04-01,22
淮河,江苏,洪泽湖,洪泽湖,04-01 08:00,13.55,0.03,4,2026-04-01 18:53:49,2026-04-01,23
淮河,江苏,骆马湖,骆马湖水库,04-01 08:00,23.22,-0.02,5,2026-04-01 18:53:49,2026-04-01,0
淮河,江苏,新沭河,石梁河水库,04-01 08:00,24.12,-0.01,5,2026-04-01 18:53:49,2026-04-01,1
长江,湖北,长江,三峡,04-01 08:00,165.02,-0.12,5,2026-04-01 18:53:49,2026-04-01,2
长江,湖北,南河,寺坪,04-01 08:00,308.79,-0.08,5,2026-04-01 18:53:49,2026-04-01,3
长江,湖北,粉青河,马桥,04-01 08:00,475.33,-3.21,5,2026-04-01 18:53:49,2026-04-01,4
长江,湖北,黑清河,黑清河,04-01 08:00,81.09,,5,2026-04-01 18:53:49,2026-04-01,5
长江,湖南,资水,柘溪,04-01 08:00,158.84,0.33,5,2026-04-01 18:53:49,2026-04-01,6
长江,湖南,沅水,五强溪,04-01 08:00,101.49,0.34,5,2026-04-01 18:53:49,2026-04-01,7
长江,湖南,酉水,凤滩,04-01 08:00,186.58,1.4,5,2026-04-01 18:53:49,2026-04-01,8
长江,湖南,溇水,江垭,04-01 08:00,217.26,0.41,5,2026-04-01 18:53:49,2026-04-01,9
长江,湖北,富水,富水,04-01 08:00,50.94,0.19,5,2026-04-01 18:53:49,2026-04-01,10
长江,湖北,浠水,白莲河,04-01 08:00,99.6,-0.03,5,2026-04-01 18:53:49,2026-04-01,11
长江,湖北,陆水,陆水水库,04-01 08:00,49.18,0.28,5,2026-04-01 18:53:49,2026-04-01,12
长江,陕西,汉江,石泉,04-01 08:00,405.59,0.01,5,2026-04-01 18:53:49,2026-04-01,13
长江,陕西,汉江,安康库,04-01 08:00,316.8,-0.28,5,2026-04-01 18:53:49,2026-04-01,14
长江,湖北,汉江,丹江口水库,04-01 08:00,162.52,-0.03,5,2026-04-01 18:53:49,2026-04-01,15
长江流域,江西,赣江,万安水库,04-01 08:00,87.85,-0.43,5,2026-04-01 18:53:49,2026-04-01,16
长江流域,江西,抚河,廖坊,04-01 08:00,61.0,0.48,5,2026-04-01 18:53:49,2026-04-01,17
长江,江西,修河,柘林,04-01 08:00,59.9,0.09,5,2026-04-01 18:53:49,2026-04-01,18
内陆,青海,巴音河,黑石山,04-01 08:00,3019.37,,5,2026-04-01 18:53:49,2026-04-01,19
内陆河,青海,雪水河,温泉,04-01 08:00,3953.47,0.01,5,2026-04-01 18:53:49,2026-04-01,20
内陆河,甘肃,疏勒河,双塔堡水库 (坝上),04-01 08:00,1330.25,0.02,5,2026-04-01 18:53:49,2026-04-01,21
内陆河,甘肃,党河,党河水库 (坝上),04-01 08:00,1425.45,9.85,5,2026-04-01 18:53:49,2026-04-01,22
内陆河,甘肃,马营河,李桥水库 (坝上),04-01 08:00,2176.15,-0.03,5,2026-04-01 18:53:49,2026-04-01,23
内陆河,甘肃,洪水河,双树寺水库,04-01 08:00,2476.44,,5,2026-04-01 18:53:49,2026-04-01,24
甘肃,讨赖河,鸳鸯池水库,（坝上）,04-01 08:00,1320.7,,6,2026-04-01 18:53:49,2026-04-01,0
内陆河,甘肃,石羊河,红崖山水库 (坝上）,04-01 08:00,1482.75,,6,2026-04-01 18:53:49,2026-04-01,1
闽江,福建,闽江,水口水库,04-01 08:00,57.47,-0.87,6,2026-04-01 18:53:49,2026-04-01,2
海河,河北,伊逊河,庙宫水库,04-01 08:00,760.66,,6,2026-04-01 18:53:49,2026-04-01,3
海河,河北,洋河,洋河水库,04-01 08:00,55.16,,6,2026-04-01 18:53:49,2026-04-01,4
海河,河北,陡河,陡河水库(坝上),04-01 08:00,31.06,-0.05,6,2026-04-01 18:53:49,2026-04-01,5
海河,天津,潮白新河,黄白桥上,04-01 08:00,5.44,0.04,6,2026-04-01 18:53:49,2026-04-01,6
海河,天津,潮白新河,宁车沽上,04-01 08:00,1.75,0.16,6,2026-04-01 18:53:49,2026-04-01,7
海河,河北,白河,云州水库 (坝上),04-01 08:00,1027.27,-0.05,6,2026-04-01 18:53:49,2026-04-01,8
海河,北京,白河,白河堡,04-01 08:00,593.75,,6,2026-04-01 18:53:49,2026-04-01,9
海河,北京,忙牛河,半城子水库,04-01 08:00,252.32,0.02,6,2026-04-01 18:53:49,2026-04-01,10
海河,北京,安达木河,遥桥峪水库,04-01 08:00,459.6,-0.13,6,2026-04-01 18:53:49,2026-04-01,11
海河,北京,红门川,沙厂水库,04-01 08:00,163.3,0.02,6,2026-04-01 18:53:49,2026-04-01,12
海河,北京,怀河,怀柔水库,04-01 08:00,57.88,-0.23,6,2026-04-01 18:53:49,2026-04-01,13
海河,北京,雁栖河,北台上水库,04-01 08:00,85.1,0.01,6,2026-04-01 18:53:49,2026-04-01,14
海河,北京,沙河,大水峪水库,04-01 08:00,170.52,0.01,6,2026-04-01 18:53:49,2026-04-01,15
海河,北京,泡河,海子水库,04-01 08:00,108.66,-0.01,6,2026-04-01 18:53:49,2026-04-01,16
海河,北京,泃河,黄松峪水库,04-01 08:00,199.2,,6,2026-04-01 18:53:49,2026-04-01,17
海河,北京,泃河,西峪水库,04-01 08:00,213.14,,6,2026-04-01 18:53:49,2026-04-01,18
海河,天津,州河,于桥坝上,04-01 08:00,19.24,,6,2026-04-01 18:53:49,2026-04-01,19
海河,河北,还乡河,邱庄水库(坝上),04-01 08:00,64.98,,6,2026-04-01 18:53:49,2026-04-01,20
海河,北京,温榆河,十三陵水库,04-01 08:00,90.69,0.02,6,2026-04-01 18:53:49,2026-04-01,21
海河,北京,东沙河,十三陵水库上池,04-01 08:00,534.64,0.44,6,2026-04-01 18:53:49,2026-04-01,22
海河,北京,温榆河,桃峪口水库,04-01 08:00,65.72,-0.03,6,2026-04-01 18:53:49,2026-04-01,23
海河,北京,小清河,大宁水库,04-01 08:00,51.85,-0.1,6,2026-04-01 18:53:49,2026-04-01,24
海河,山,桑干河,册由,04-01 08:00,952.78,-0.01,7,2026-04-01 18:53:49,2026-04-01,0
海河,北京,清水河,斋堂水库,04-01 08:00,452.81,-0.02,7,2026-04-01 18:53:49,2026-04-01,1
海河,河北,中易水,安格庄水库,04-01 08:00,152.92,0.06,7,2026-04-01 18:53:49,2026-04-01,2
海河,河北,北易水,旺隆,04-01 08:00,129.94,-0.01,7,2026-04-01 18:53:49,2026-04-01,3
海河,河北,马头沟,马头,04-01 08:00,138.46,,7,2026-04-01 18:53:49,2026-04-01,4
海河,河北,垒子河,西累子,04-01 08:00,62.37,,7,2026-04-01 18:53:49,2026-04-01,5
海河,北京,刺猬河,崇青水库,04-01 08:00,67.74,0.01,7,2026-04-01 18:53:49,2026-04-01,6
海河,河北,磁河,横山岭水库 (坝上),04-01 08:00,233.57,-0.07,7,2026-04-01 18:53:49,2026-04-01,7
海河,河北,沙河,王快水库,04-01 08:00,193.03,-0.01,7,2026-04-01 18:53:49,2026-04-01,8
海河,河北,郜河,口头水库,04-01 08:00,199.95,-0.02,7,2026-04-01 18:53:49,2026-04-01,9
海河,河北,唐河,西大洋水库,04-01 08:00,133.58,-0.09,7,2026-04-01 18:53:49,2026-04-01,10
海河,河北,界河,龙潭,04-01 08:00,438.54,-0.01,7,2026-04-01 18:53:49,2026-04-01,11
海河,河北,漕河,龙门水库,04-01 08:00,122.37,-0.06,7,2026-04-01 18:53:49,2026-04-01,12
海河,河北,沙河,野沟门水库,01-01 08:00,374.16,,7,2026-04-01 18:53:49,2026-04-01,13
海河,河北,沙河,朱庄水库,04-01 08:00,241.43,-0.11,7,2026-04-01 18:53:49,2026-04-01,14
海河,河北,低河,临城水库,04-01 08:00,120.13,-0.03,7,2026-04-01 18:53:49,2026-04-01,15
海河,山西,松溪河,郭庄,04-01 08:00,929.29,,7,2026-04-01 18:53:49,2026-04-01,16
海河,天津,团泊洼,团泊洼水库,04-01 08:00,1.87,,7,2026-04-01 18:53:49,2026-04-01,17
海河,河南,卫河,宝泉,04-01 08:00,256.44,,7,2026-04-01 18:53:49,2026-04-01,18
海河,河南,沧河,狮豹头,04-01 08:00,300.98,,7,2026-04-01 18:53:49,2026-04-01,19
海河,河南,浙河,引上,06-10 08:00,482.12,-0.73,7,2026-04-01 18:53:49,2026-04-01,20
海河,河南,汤河,汤河,04-01 08:00,112.41,,7,2026-04-01 18:53:49,2026-04-01,21
海河,河南,通河,琵琶寺,04-01 08:00,115.11,,7,2026-04-01 18:53:49,2026-04-01,22
海河,河南,安阳河,小南海,04-01 08:00,163.91,-0.01,7,2026-04-01 18:53:49,2026-04-01,23
海河,河南,粉红江,双泉,04-01 08:00,140.91,,7,2026-04-01 18:53:49,2026-04-01,24
海河,河南,露水河,南谷洞,04-01 08:00,529.05,,8,2026-04-01 18:53:49,2026-04-01,0
海河,山西,浊漳河南源,漳泽水库,04-01 08:00,901.63,,8,2026-04-01 18:53:49,2026-04-01,1
海河,山西,浊漳河北源,关河水库,04-01 08:00,991.99,,8,2026-04-01 18:53:49,2026-04-01,2
海河,山西,清漳西源,石匣,04-01 08:00,1141.9,,8,2026-04-01 18:53:49,2026-04-01,3
黄河,青海,黄河,龙羊峡,04-01 08:00,2584.03,-0.07,8,2026-04-01 18:53:49,2026-04-01,4
黄河,甘肃,黄河,刘家峡水库,04-01 08:00,1734.34,-0.04,8,2026-04-01 18:53:49,2026-04-01,5
黄河,宁夏,黄河,青铜峡水库,03-27 08:00,1156.0,,8,2026-04-01 18:53:49,2026-04-01,6
黄河,山西,黄河,万家寨上,04-01 08:00,975.78,0.68,8,2026-04-01 18:53:49,2026-04-01,7
黄河,山西,黄河,天桥上,04-01 08:00,833.0,,8,2026-04-01 18:53:49,2026-04-01,8
黄河,河南,黄河,史家滩,04-01 08:00,317.52,-0.23,8,2026-04-01 18:53:49,2026-04-01,9
黄河,青海,巴燕河,东大滩,04-01 08:00,2983.05,0.02,8,2026-04-01 18:53:49,2026-04-01,10
黄河,陕西,杏子河,王瑶,04-01 08:00,1179.56,,8,2026-04-01 18:53:49,2026-04-01,11
黄河,陕西,西芦河,猪头山,11-01 08:00,1426.0,,8,2026-04-01 18:53:49,2026-04-01,12
黄河,陕西,芦河,河口庙,04-01 08:00,1147.0,,8,2026-04-01 18:53:49,2026-04-01,13
黄河,陕西,榆溪河,尤家,04-01 08:00,1093.21,0.03,8,2026-04-01 18:53:49,2026-04-01,14
黄河,陕西,居水,薛峰,04-01 08:00,605.53,,8,2026-04-01 18:53:49,2026-04-01,15
黄河,河南,宏农涧河,窄口,04-01 08:00,638.75,-0.04,8,2026-04-01 18:53:49,2026-04-01,16
黄河,山西,汾河,汾河水库,04-01 08:00,1124.78,-0.1,8,2026-04-01 18:53:49,2026-04-01,17
黄河,山西,文峪河,文峪河水库,04-01 08:00,833.56,,8,2026-04-01 18:53:49,2026-04-01,18
黄河,陕西,干河,冯家山,04-01 08:00,708.27,,8,2026-04-01 18:53:49,2026-04-01,19
黄河,陕西,漆水河,羊毛湾,04-01 08:00,636.6,,8,2026-04-01 18:53:49,2026-04-01,20
黄河,陕西,黑河,金盆,04-01 08:00,585.13,0.16,8,2026-04-01 18:53:49,2026-04-01,21
黄河,陕西,石砭峪,石砭峪,04-01 08:00,724.65,0.44,8,2026-04-01 18:53:49,2026-04-01,22
黄河,陕西,沮河,桃曲坡,04-01 08:00,786.03,,8,2026-04-01 18:53:49,2026-04-01,23
黄河,陕西,沈河,沈河,04-01 08:00,400.41,,8,2026-04-01 18:53:49,2026-04-01,24
黄河,河南,枯河,唐岗,04-01 08:00,117.44,,9,2026-04-01 18:53:49,2026-04-01,0
黄河,河南,漭河,白墙,04-01 08:00,125.18,,9,2026-04-01 18:53:49,2026-04-01,1
黄河,山东,东平湖,东平湖老湖,04-01 08:00,41.19,-0.02,9,2026-04-01 18:53:49,2026-04-01,2
黄河,山东,瀛汶河,雪野水库,04-01 08:00,232.24,,9,2026-04-01 18:53:49,2026-04-01,3
黄河,山东,石汶河,黄前水库,04-01 08:00,137.97,,9,2026-04-01 18:53:49,2026-04-01,4
黄河,山东,大汶河南支,东周水库,04-01 08:00,227.94,,9,2026-04-01 18:53:49,2026-04-01,5
黄河,山东,光明河,光明水库,04-01 08:00,88.07,,9,2026-04-01 18:53:49,2026-04-01,6
黄河,河南,伊河,陆浑坝上,04-01 08:00,317.72,-0.01,9,2026-04-01 18:53:49,2026-04-01,7
黄河,河南,焦家川,青沟,04-01 08:00,611.26,,9,2026-04-01 18:53:49,2026-04-01,8
黄河,河南,刘涧河,陶花店,04-01 08:00,131.82,,9,2026-04-01 18:53:49,2026-04-01,9
黄河,河南,洛河,故县水库,04-01 08:00,520.7,-0.19,9,2026-04-01 18:53:49,2026-04-01,10
黄河,河南,甘水河,范店,04-01 08:00,325.7,,9,2026-04-01 18:53:49,2026-04-01,11
黄河,陕西,南洛河,李村,10-24 08:00,1035.36,,9,2026-04-01 18:53:49,2026-04-01,12
黄河,河南,陈宅河,寺河,04-01 08:00,401.36,,9,2026-04-01 18:53:49,2026-04-01,13
黄河,河南,丹河,青天河,04-01 08:00,353.3,,9,2026-04-01 18:53:49,2026-04-01,14
淮河,山东,淄河,太河水库,04-01 08:00,232.64,-0.02,9,2026-04-01 18:53:49,2026-04-01,15
淮河,山东,弥河,冶源水库,04-01 08:00,136.33,,9,2026-04-01 18:53:49,2026-04-01,16
淮河,山东,白浪河,白浪河水库,04-01 08:00,57.29,,9,2026-04-01 18:53:49,2026-04-01,17
淮河,山东,潍河,墙乔水库(西库),04-01 08:00,98.31,,9,2026-04-01 18:53:49,2026-04-01,18
淮河,山东,汶河,高崖水库,04-01 08:00,152.41,,9,2026-04-01 18:53:49,2026-04-01,19
淮河,山东,大沽河,产芝水库,04-01 08:00,72.02,,9,2026-04-01 18:53:49,2026-04-01,20
淮河,山东,猪洞河,尹府水库,04-01 08:00,78.48,,9,2026-04-01 18:53:49,2026-04-01,21
淮河,山东,白沙河,崂山水库,04-01 08:00,49.57,,9,2026-04-01 18:53:49,2026-04-01,22
淮河,山东,清洋河,门楼水库,04-01 08:00,28.72,,9,2026-04-01 18:53:49,2026-04-01,23
淮河,山东,东母猪河,郭格庄水库,04-01 08:00,81.03,,9,2026-04-01 18:53:49,2026-04-01,24
淮河,山东,母猪河,米山水库,04-01 08:00,26.47,,10,2026-04-01 18:53:49,2026-04-01,0
淮河,山东,乳山河,龙角山水库,04-01 08:00,37.89,-0.06,10,2026-04-01 18:53:49,2026-04-01,1
淮河,山东,蚬河,沐浴水库,04-01 08:00,81.02,,10,2026-04-01 18:53:49,2026-04-01,2
淮河,河南,明河,红石嘴,04-01 08:00,126.09,,10,2026-04-01 18:53:49,2026-04-01,3
淮河,河南,小潢河,石山口,04-01 08:00,77.39,,10,2026-04-01 18:53:49,2026-04-01,4
淮河,河南,青龙河,五岳,04-01 08:00,85.18,0.09,10,2026-04-01 18:53:49,2026-04-01,5
淮河,河南,田铺河,香山,04-01 08:00,157.03,,10,2026-04-01 18:53:49,2026-04-01,6
淮河,湖北,界河,花山,04-01 08:00,227.85,0.02,10,2026-04-01 18:53:49,2026-04-01,7
淮河,湖北,界河,飞沙河,04-01 08:00,172.19,-0.01,10,2026-04-01 18:53:49,2026-04-01,8
淮河,河南,小潢河,小龙山,04-01 08:00,53.99,,10,2026-04-01 18:53:49,2026-04-01,9
淮河,河南,滚河,石漫滩,04-01 08:00,106.13,0.01,10,2026-04-01 18:53:49,2026-04-01,10
淮河,河南,大沙河,火石山,04-01 08:00,150.37,,10,2026-04-01 18:53:49,2026-04-01,11
淮河,河南,黄溪河,老河,04-01 08:00,117.17,,10,2026-04-01 18:53:49,2026-04-01,12
淮河,河南,臻头河,薄山,04-01 08:00,112.97,-0.03,10,2026-04-01 18:53:49,2026-04-01,13
淮河,安徽,史河,梅山,04-01 08:00,121.41,0.09,10,2026-04-01 18:53:49,2026-04-01,14
淮河,河南,颍河,白沙,04-01 08:00,224.84,-0.04,10,2026-04-01 18:53:49,2026-04-01,15
淮河,河南,澎河,澎河,04-01 08:00,146.08,,10,2026-04-01 18:53:49,2026-04-01,16
淮河,河南,澧河,孤石滩,04-01 08:00,150.59,0.02,10,2026-04-01 18:53:49,2026-04-01,17
淮河,河南,贾峪河,常庄,04-01 08:00,127.87,,10,2026-04-01 18:53:49,2026-04-01,18
淮河,河南,索河,丁店,04-01 08:00,171.14,,10,2026-04-01 18:53:49,2026-04-01,19
淮河,河南,双洎河,李湾,04-01 08:00,326.88,,10,2026-04-01 18:53:49,2026-04-01,20
淮河,安徽,淠河东源,佛子岭,04-01 08:00,122.9,0.04,10,2026-04-01 18:53:49,2026-04-01,21
淮河,安徽,渭河西源,响洪甸,04-01 08:00,121.76,0.06,10,2026-04-01 18:53:49,2026-04-01,22
淮河,山东,沂河,田庄水库,04-01 08:00,29.56,,10,2026-04-01 18:53:49,2026-04-01,23
淮河,山东,东汶河,岸堤水库,04-01 08:00,173.22,,10,2026-04-01 18:53:49,2026-04-01,24
淮河,山东,浚河,唐村水库,04-01 08:00,185.06,,11,2026-04-01 18:53:49,2026-04-01,0
淮河,山东,温凉河,许家崖水库,04-01 08:00,145.39,,11,2026-04-01 18:53:49,2026-04-01,1
淮河,江苏,淋头河,阿湖水库站,04-01 08:00,26.29,-0.03,11,2026-04-01 18:53:49,2026-04-01,2
淮河,山东,沭河,沙沟水库,04-01 08:00,66.39,,11,2026-04-01 18:53:49,2026-04-01,3
淮河,山东,沭河,青峰岭水库,04-01 08:00,159.35,,11,2026-04-01 18:53:49,2026-04-01,4
淮河,江苏,厚镇河,安峰山水库,04-01 08:00,17.01,-0.01,11,2026-04-01 18:53:49,2026-04-01,5
淮河,山东,浔河,陡山水库,04-01 08:00,125.42,,11,2026-04-01 18:53:49,2026-04-01,6
淮河,山东,资邱河,杨庄水库,04-01 08:00,163.74,,11,2026-04-01 18:53:49,2026-04-01,7
淮河,山东,泗河,贺庄水库,04-01 08:00,142.91,,11,2026-04-01 18:53:49,2026-04-01,8
淮河,山东,黄沟河,华村水库,04-01 08:00,146.84,,11,2026-04-01 18:53:49,2026-04-01,9
淮河,山东,济河,龙湾套水库,04-01 08:00,148.93,,11,2026-04-01 18:53:49,2026-04-01,10
淮河,山东,小沂河,尼山水库,04-01 08:00,119.86,,11,2026-04-01 18:53:49,2026-04-01,11
淮河,山东,城河,岩马水库,04-01 08:00,124.55,-0.02,11,2026-04-01 18:53:49,2026-04-01,12
淮河,山东,西泇河,会宝岭水库(南),04-01 08:00,74.89,,11,2026-04-01 18:53:49,2026-04-01,13
淮河,山东,城河,户主水库,04-01 08:00,122.62,,11,2026-04-01 18:53:49,2026-04-01,14
淮河,山东,付疃河,日照,04-01 08:00,38.83,,11,2026-04-01 18:53:49,2026-04-01,15
淮河,江苏,青口河,小塔山水库,04-01 08:00,31.95,-0.01,11,2026-04-01 18:53:49,2026-04-01,16
长江,重庆,大洪河,大洪河,04-01 08:00,287.57,0.11,11,2026-04-01 18:53:49,2026-04-01,17
长江,重庆,龙溪河,狮子滩,04-01 08:00,334.98,0.04,11,2026-04-01 18:53:49,2026-04-01,18
长江,重庆,龙河,石板水,04-01 08:00,473.83,,11,2026-04-01 18:53:49,2026-04-01,19
长江,甘肃,白龙江,碧口水库,04-01 08:00,700.87,0.13,11,2026-04-01 18:53:49,2026-04-01,20
长江,贵州,乌江,乌江渡水电站,04-01 08:00,747.28,0.07,11,2026-04-01 18:53:49,2026-04-01,21
长江,贵州,猫跳河,红枫水库,04-01 08:00,1234.19,-0.01,11,2026-04-01 18:53:49,2026-04-01,22
长江,贵州,猫跳河,百花水库,04-01 08:00,1190.58,0.03,11,2026-04-01 18:53:49,2026-04-01,23
长江,湖北,郁江,福宝山水库,04-01 08:00,1469.68,0.05,11,2026-04-01 18:53:49,2026-04-01,24
长江,湖北,黄柏河,西北口水库,04-01 08:00,315.55,-0.02,12,2026-04-01 18:53:49,2026-04-01,0
长江,湖北,玛瑙河,白河水库,04-01 08:00,167.6,-0.01,12,2026-04-01 18:53:49,2026-04-01,1
长江,湖北,印河,跑马水库,04-01 08:00,140.15,,12,2026-04-01 18:53:49,2026-04-01,2
长江,湖北,漳河,李家州,04-01 08:00,119.56,-0.01,12,2026-04-01 18:53:49,2026-04-01,3
长江,湖北,花庙河,石子岭水库,04-01 08:00,84.32,0.02,12,2026-04-01 18:53:49,2026-04-01,4
长江,湖北,长江,鲁家港水库,04-01 08:00,78.54,0.04,12,2026-04-01 18:53:49,2026-04-01,5
长江,湖北,巩河,巩河水库,04-01 08:00,127.47,,12,2026-04-01 18:53:49,2026-04-01,6
长江,湖北,清江,水布垭(坝上),04-01 08:00,366.16,0.24,12,2026-04-01 18:53:49,2026-04-01,7
长江,湖北,清江,隔河岩(坝上),04-01 08:00,197.14,-0.09,12,2026-04-01 18:53:49,2026-04-01,8
长江,湖北,清江,高坝洲(坝上),04-01 08:00,77.97,0.33,12,2026-04-01 18:53:49,2026-04-01,9
长江,湖北,车坝河,车坝水库,03-31 08:00,725.73,0.54,12,2026-04-01 18:53:49,2026-04-01,10
长江,湖北,沮漳河,太湖港水库,04-01 08:00,37.54,-0.01,12,2026-04-01 18:53:49,2026-04-01,11
长江,湖南,江华水,涔天河,04-01 08:00,290.37,0.15,12,2026-04-01 18:53:49,2026-04-01,12
长江,湖南,湘江,双牌,04-01 08:00,159.65,-0.19,12,2026-04-01 18:53:49,2026-04-01,13
长江,湖南,春陵水,欧阳海,04-01 08:00,124.08,0.42,12,2026-04-01 18:53:49,2026-04-01,14
长江,湖南,耒水,东江,04-01 08:00,269.29,0.07,12,2026-04-01 18:53:49,2026-04-01,15
长江,湖南,攸水,酒埠江,04-01 08:00,149.21,0.1,12,2026-04-01 18:53:49,2026-04-01,16
长江,湖南,永乐江,青山,04-01 08:00,232.8,0.56,12,2026-04-01 18:53:49,2026-04-01,17
长江,湖南,涟水,水府庙,04-01 08:00,90.99,0.01,12,2026-04-01 18:53:49,2026-04-01,18
长江,湖南,沩水,黄材,04-01 08:00,149.56,0.28,12,2026-04-01 18:53:49,2026-04-01,19
长江,湖南,涧江,官庄,04-01 08:00,111.07,0.57,12,2026-04-01 18:53:49,2026-04-01,20
珠江,广东,北江,飞来峡,04-01 08:00,23.43,0.2,12,2026-04-01 18:53:49,2026-04-01,21
长江,湖北,新峡河,新峡水库,04-01 08:00,528.99,0.66,12,2026-04-01 18:53:49,2026-04-01,22
长江,湖南,白洋河,黄石,04-01 08:00,80.93,0.16,12,2026-04-01 18:53:49,2026-04-01,23
长江,湖北,诡水,危水水库,04-01 08:00,88.65,0.05,12,2026-04-01 18:53:49,2026-04-01,24
长江,湖北,石门港,石门水库,04-01 08:00,161.45,0.09,14,2026-04-01 18:53:49,2026-04-01,0
长江,湖北,长河,跨马墩,04-01 08:00,170.29,-0.01,14,2026-04-01 18:53:49,2026-04-01,1
长江,湖北,长河,凤凰关,04-01 08:00,168.49,-0.03,14,2026-04-01 18:53:49,2026-04-01,2
长江,湖北,巴水,牛车河,04-01 08:00,71.96,0.01,14,2026-04-01 18:53:49,2026-04-01,3
长江,湖北,新桥河,鹞鹰岩,04-01 08:00,45.01,-0.01,14,2026-04-01 18:53:49,2026-04-01,4
长江,湖北,雷溪河,黄河厂,04-01 08:00,82.0,0.01,14,2026-04-01 18:53:49,2026-04-01,5
长江,湖北,鲤港,阁壁,04-01 08:00,156.41,2.79,14,2026-04-01 18:53:49,2026-04-01,6
长江,湖北,何家港,龙潭,04-01 08:00,178.15,-6.48,14,2026-04-01 18:53:49,2026-04-01,7
长江,湖北,陆马河,三湖连江,04-01 08:00,26.56,-0.01,14,2026-04-01 18:53:49,2026-04-01,8
长江,湖北,汀泗河,双石水库,04-01 08:00,84.47,,14,2026-04-01 18:53:49,2026-04-01,9
长江,湖北,淦河,南川,04-01 08:00,99.34,0.11,14,2026-04-01 18:53:49,2026-04-01,10
长江,湖北,易家段河,百丈潭,04-01 08:00,424.82,,14,2026-04-01 18:53:49,2026-04-01,11
长江,湖北,黄水河,四门楼水库,04-01 08:00,83.1,,14,2026-04-01 18:53:49,2026-04-01,12
长江,陕西,汉江,喜河,04-01 08:00,361.38,-0.05,14,2026-04-01 18:53:49,2026-04-01,13
长江,陕西,褒河,石门,04-01 08:00,618.05,,14,2026-04-01 18:53:49,2026-04-01,14
长江,陕西,党水河,党河,04-01 08:00,528.91,,14,2026-04-01 18:53:49,2026-04-01,15
长江,陕西,岚河,蔺河口,04-01 08:00,491.14,0.45,14,2026-04-01 18:53:49,2026-04-01,16
长江,湖北,天惠河,土门,04-01 08:00,319.52,,14,2026-04-01 18:53:49,2026-04-01,17
长江,湖北,堵河,黄龙滩,04-01 08:00,244.08,-0.19,14,2026-04-01 18:53:49,2026-04-01,18
长江,湖北,竹溪河,竹溪河,04-01 08:00,495.75,,14,2026-04-01 18:53:49,2026-04-01,19
长江,湖北,霍河,霍河,04-01 08:00,323.22,0.32,14,2026-04-01 18:53:49,2026-04-01,20
长江,湖北,浪河,浪河店,04-01 08:00,200.22,,14,2026-04-01 18:53:49,2026-04-01,21
长江,湖北,北河,潭口,04-01 08:00,137.85,-0.14,14,2026-04-01 18:53:49,2026-04-01,22
长江,湖北,南河,南河,04-01 08:00,150.93,-0.1,14,2026-04-01 18:53:49,2026-04-01,23
长江,湖北,红水河,红水河,10-26 08:00,117.18,0.03,14,2026-04-01 18:53:49,2026-04-01,24
长江,湖北,沙河,姚棚,04-01 08:00,174.51,0.01,16,2026-04-01 18:53:49,2026-04-01,0
长江,湖北,沙河,马安山,12-06 08:00,149.77,0.01,16,2026-04-01 18:53:49,2026-04-01,1
长江,陕西,银花河,洛峪*,04-01 08:00,130.72,0.01,16,2026-04-01 18:53:49,2026-04-01,2
长江,湖北,官沟河,官沟,03-25 08:00,85.06,--,16,2026-04-01 18:53:49,2026-04-01,3
长江,湖北,华阳河,华阳河,04-01 08:00,140.44,-0.01,16,2026-04-01 18:53:49,2026-04-01,4
长江,湖北,熊河,熊河,04-01 08:00,120.58,,16,2026-04-01 18:53:49,2026-04-01,5
长江,湖北,涢水,大洪山,04-01 08:00,171.16,0.02,16,2026-04-01 18:53:49,2026-04-01,6
长江,湖北,溠水,吴山,04-01 08:00,188.68,0.01,16,2026-04-01 18:53:49,2026-04-01,7
长江,湖北,溠水,黑屋湾,03-28 08:00,113.69,0.03,16,2026-04-01 18:53:49,2026-04-01,8
长江,湖北,罗河,罗河,04-01 08:00,115.6,0.02,16,2026-04-01 18:53:49,2026-04-01,9
长江,湖北,封江口河,天河口,04-01 08:00,183.23,,16,2026-04-01 18:53:49,2026-04-01,10
长江,湖北,澴水支流，晏家河,观音岩,04-01 08:00,105.24,-0.02,16,2026-04-01 18:53:49,2026-04-01,11
长江,湖北,浆溪店河,先觉庙,04-01 08:00,101.74,0.04,16,2026-04-01 18:53:49,2026-04-01,12
长江,湖北,漂水,马鞍山,04-01 08:00,89.4,,16,2026-04-01 18:53:49,2026-04-01,13
长江,湖北,两河口河,两河口,04-01 08:00,119.63,-0.01,16,2026-04-01 18:53:49,2026-04-01,14
长江,湖北,徐家河,徐家河,04-01 08:00,66.03,0.01,16,2026-04-01 18:53:49,2026-04-01,15
长江,湖北,水支流，漳河,郑家河,04-01 08:00,91.89,0.01,16,2026-04-01 18:53:49,2026-04-01,16
长江,湖北,水东支上游,界牌,04-01 08:00,128.4,0.04,16,2026-04-01 18:53:49,2026-04-01,17
长江,湖北,澴水支流，胡家河,芳畈,04-01 08:00,79.44,0.01,16,2026-04-01 18:53:49,2026-04-01,18
长江,湖北,澴水支流，晏家河,金盆,04-01 08:00,67.8,0.02,16,2026-04-01 18:53:49,2026-04-01,19
长江,湖北,澴水支流，张家岗河,八汊洼,04-01 08:00,45.95,-0.02,16,2026-04-01 18:53:49,2026-04-01,20
长江,湖北,界河,滑石冲,04-01 08:00,98.65,,16,2026-04-01 18:53:49,2026-04-01,21
长江,湖北,寨子河,石门,04-01 08:00,82.49,0.03,16,2026-04-01 18:53:49,2026-04-01,22
长江,湖北,司马河,石龙,04-01 08:00,58.0,0.02,16,2026-04-01 18:53:49,2026-04-01,23
长江,湖北,关门河,吴岭,04-01 08:00,56.01,,17,2026-04-01 18:53:49,2026-04-01,0
长江,湖北,鬼水,惠亭山,04-01 08:00,79.63,,17,2026-04-01 18:53:49,2026-04-01,1
长江,湖北,大富水,高关,04-01 08:00,111.5,0.04,17,2026-04-01 18:53:49,2026-04-01,2
长江,湖北,广水河,霞家河,04-01 08:00,110.16,,17,2026-04-01 18:53:49,2026-04-01,3
长江流域,江西,云亭水,老营盘水库,04-01 08:00,142.81,0.09,17,2026-04-01 18:53:49,2026-04-01,4
长江流域,江西,富田水,白云山水库,04-01 08:00,165.66,0.63,17,2026-04-01 18:53:49,2026-04-01,5
长江流域,江西,牛吼江,南车水库,04-01 08:00,147.89,-0.03,17,2026-04-01 18:53:49,2026-04-01,6
长江流域,江西,泸水,社上水库,04-01 08:00,163.16,0.12,17,2026-04-01 18:53:49,2026-04-01,7
长江流域,江西,袁水,江口,04-01 08:00,67.39,-0.08,17,2026-04-01 18:53:49,2026-04-01,8
长江流域,江西,尧市,飞剑潭一坝水库,04-01 08:00,168.55,0.12,17,2026-04-01 18:53:49,2026-04-01,9
长江流域,江西,丰水,紫云山水库,04-01 08:00,72.63,0.12,17,2026-04-01 18:53:49,2026-04-01,10
长江流域,江西,秀水,潘桥水库,04-01 08:00,60.42,0.12,17,2026-04-01 18:53:49,2026-04-01,11
长江流域,江西,苏溪,上游水库,04-01 08:00,78.12,0.05,17,2026-04-01 18:53:49,2026-04-01,12
长江,江西,乐安河,共库,04-01 08:00,68.38,0.06,17,2026-04-01 18:53:49,2026-04-01,13
长江流域,江西,修河,大塅水库,04-01 08:00,205.68,0.02,17,2026-04-01 18:53:49,2026-04-01,14
长江,江西,土塘水,大港水库,04-01 08:00,63.8,0.2,17,2026-04-01 18:53:49,2026-04-01,15
长江,江苏,句容河,北山水库(镇江),04-01 08:00,50.41,-0.01,17,2026-04-01 18:53:49,2026-04-01,16
长江,湖北,荆竹河,荆竹,04-01 08:00,56.17,0.03,17,2026-04-01 18:53:49,2026-04-01,17
长江,湖北,坪河,坪,04-01 08:00,64.78,,17,2026-04-01 18:53:49,2026-04-01,18
长江,湖北,古角河,古角,04-01 08:00,61.21,0.03,17,2026-04-01 18:53:49,2026-04-01,19
长江,安徽,长河,花凉亭,04-01 08:00,75.01,0.02,17,2026-04-01 18:53:49,2026-04-01,20
长江,湖北,梅川河,梅川,04-01 08:00,65.38,0.02,17,2026-04-01 18:53:49,2026-04-01,21
长江,湖北,戴文义河,仙人坝,04-01 08:00,40.7,,17,2026-04-01 18:53:49,2026-04-01,22
长江,安徽,杭埠河,龙河口(内),04-01 08:00,68.17,0.01,17,2026-04-01 18:53:49,2026-04-01,23
长江,安徽,南淝河,董铺,04-01 08:00,27.92,0.02,17,2026-04-01 18:53:49,2026-04-01,24
长江,安徽,襄河,黄栗树,04-01 08:00,40.15,,18,2026-04-01 18:53:49,2026-04-01,0
长江,安徽,清流河,沙河集,04-01 08:00,29.21,,18,2026-04-01 18:53:49,2026-04-01,1
长江流域太湖区,浙江,南苕溪,青山水库,04-01 08:00,23.36,0.18,18,2026-04-01 18:53:49,2026-04-01,2
长江流域太湖区,浙江,余英溪,对河口水库,04-01 08:00,41.87,0.09,18,2026-04-01 18:53:49,2026-04-01,3
长江流域太湖区,浙江,西溪,赋石水库,04-01 08:00,73.01,0.11,18,2026-04-01 18:53:49,2026-04-01,4
长江流域太湖区,浙江,南溪,老石坎水库,04-01 08:00,110.51,0.22,18,2026-04-01 18:53:49,2026-04-01,5
太湖,江苏,大溪水库,大溪水库,04-01 08:00,12.91,,18,2026-04-01 18:53:49,2026-04-01,6
太湖,江苏,沙河水库,沙河水库,04-01 08:00,18.07,,18,2026-04-01 18:53:49,2026-04-01,7
太湖,江苏,屋溪,横山水库,04-01 08:00,28.36,,18,2026-04-01 18:53:49,2026-04-01,8
浙闽台河流,浙江,富春江,富春江水库,04-01 08:00,22.76,0.02,18,2026-04-01 18:53:49,2026-04-01,9
浙闽台河流,浙江,乌溪江,黄坛口水库,04-01 08:00,113.33,0.65,18,2026-04-01 18:53:49,2026-04-01,10
浙闽台河流,浙江,铜山源,铜山源水库,04-01 08:00,128.01,0.33,18,2026-04-01 18:53:49,2026-04-01,11
浙闽台河流,浙江,东阳江,横锦水库,04-01 08:00,149.49,0.15,18,2026-04-01 18:53:49,2026-04-01,12
浙闽台河流,浙江,南江,南江水库,04-01 08:00,195.06,0.29,18,2026-04-01 18:53:49,2026-04-01,13
浙闽台河流,浙江,新安江,新安江水库,04-01 08:00,98.0,0.03,18,2026-04-01 18:53:49,2026-04-01,14
浙闽台河流,浙江,开化江,石壁水库,04-01 08:00,82.82,0.27,18,2026-04-01 18:53:49,2026-04-01,15
浙闽台河流,浙江,陈蔡江,陈蔡水库,04-01 08:00,73.66,0.45,18,2026-04-01 18:53:49,2026-04-01,16
浙闽台河流,浙江,新昌江,长诏水库,04-01 08:00,111.86,0.15,18,2026-04-01 18:53:49,2026-04-01,17
浙闽台河流,浙江,南山江,南山水库,04-01 08:00,107.54,0.11,18,2026-04-01 18:53:49,2026-04-01,18
浙闽台河流,浙江,樟溪,皎口水库,04-01 08:00,52.85,0.08,18,2026-04-01 18:53:49,2026-04-01,19
浙闽台河流,浙江,县江,横山水库,04-01 08:00,82.36,0.13,18,2026-04-01 18:53:49,2026-04-01,20
浙闽台河流,浙江,始丰溪,里石门水库,04-01 08:00,168.16,0.48,18,2026-04-01 18:53:49,2026-04-01,21
浙闽台河流,浙江,逆溪,牛头山水库,04-01 08:00,32.49,0.1,18,2026-04-01 18:53:49,2026-04-01,22
浙闽台河流,浙江,永宁江,长潭水库,04-01 08:00,27.41,0.06,18,2026-04-01 18:53:49,2026-04-01,23
浙闽台河流,浙江,龙泉溪,紧水滩水库,04-01 08:00,172.75,2.22,18,2026-04-01 18:53:49,2026-04-01,24
闽江,福建,九龙溪,安砂水库,04-01 08:00,230.28,,19,2026-04-01 18:53:49,2026-04-01,0
闽江,福建,沙溪,沙溪口水库,04-01 08:00,86.14,-0.58,19,2026-04-01 18:53:49,2026-04-01,1
闽江,福建,金溪,池潭水库,04-01 08:00,262.73,1.02,19,2026-04-01 18:53:49,2026-04-01,2
闽江,福建,建溪,东溪水库,04-01 08:00,259.44,0.55,19,2026-04-01 18:53:49,2026-04-01,3
闽江,福建,尤溪,水东水库,04-01 08:00,140.11,-0.65,19,2026-04-01 18:53:49,2026-04-01,4
闽江,福建,屏山溪,坑口水库,04-01 08:00,602.17,0.25,19,2026-04-01 18:53:49,2026-04-01,5
闽江,福建,古田溪,古田一级水库,04-01 08:00,365.67,0.39,19,2026-04-01 18:53:49,2026-04-01,6
晋江,福建,晋江东溪,山美水库,04-01 08:00,79.86,-0.71,19,2026-04-01 18:53:49,2026-04-01,7
闽东南诸河,福建,万安溪,万安水库,04-01 08:00,339.85,0.4,19,2026-04-01 18:53:49,2026-04-01,8
闽东南诸河,福建,陈巷溪,活盘水库,04-01 08:00,56.68,-0.01,19,2026-04-01 18:53:49,2026-04-01,9
闽东南诸河,福建,船场溪,南一水库,04-01 08:00,286.01,0.02,19,2026-04-01 18:53:49,2026-04-01,10
闽东诸河,福建,穆阳溪,芹山水库,04-01 08:00,728.27,0.54,19,2026-04-01 18:53:49,2026-04-01,11
闽东诸河,福建,鳌江,山仔水库,03-27 08:00,82.96,0.24,19,2026-04-01 18:53:49,2026-04-01,12
闽南诸河,福建,龙江,东张水库,04-01 08:00,46.72,-0.01,19,2026-04-01 18:53:49,2026-04-01,13
萩芦溪,福建,三叉河溪,东方红,03-30 08:00,51.98,-0.04,19,2026-04-01 18:53:49,2026-04-01,14
闽南沿海诸河,福建,延寿溪,东圳,04-01 08:00,67.05,-0.02,19,2026-04-01 18:53:49,2026-04-01,15
闽南沿海诸河,福建,苦溪,古洋,04-01 08:00,100.08,0.01,19,2026-04-01 18:53:49,2026-04-01,16
闽南沿海诸河,福建,大罗溪,惠女水库,04-01 08:00,65.88,0.12,19,2026-04-01 18:53:49,2026-04-01,17
闽东南诸河,福建,汀溪,汀溪水库,04-01 08:00,57.24,,19,2026-04-01 18:53:49,2026-04-01,18
闽东南诸河,福建,漳江,峰头水库,04-01 08:00,62.44,-0.01,19,2026-04-01 18:53:49,2026-04-01,19
闽东南诸河,福建,湖內溪,亚湖水库,04-01 08:00,32.45,,19,2026-04-01 18:53:49,2026-04-01,20
珠江,贵州,南盘江,天生桥一级,04-01 08:00,755.47,-0.33,19,2026-04-01 18:53:49,2026-04-01,21
珠江,云南,黄泥河,鲁布革,04-01 08:00,1124.68,-0.37,19,2026-04-01 18:53:49,2026-04-01,22
珠江,广东,罗定江,金银河,04-01 08:00,96.49,0.06,19,2026-04-01 18:53:49,2026-04-01,23
珠江,广东,新榕河,罗光,04-01 08:00,283.57,-0.14,19,2026-04-01 18:53:49,2026-04-01,24
珠江,广东,新兴江,台河,04-01 08:00,162.8,-0.13,20,2026-04-01 18:53:49,2026-04-01,0
珠江,广东,勒竹河,北峰山,04-01 08:00,111.25,0.18,20,2026-04-01 18:53:49,2026-04-01,1
珠江,广东,罗坪水,朝阳,04-01 08:00,118.69,-0.07,20,2026-04-01 18:53:49,2026-04-01,2
珠江,广东,船步河,山垌,04-01 08:00,191.99,-0.02,20,2026-04-01 18:53:49,2026-04-01,3
珠江,广东,社圩水,共成,04-01 08:00,74.22,0.04,20,2026-04-01 18:53:49,2026-04-01,4
珠江,广东,长利水,九坑河,04-01 08:00,33.96,-0.01,20,2026-04-01 18:53:49,2026-04-01,5
珠江,广东,锦江,锦江(仁化),04-01 08:00,123.96,0.94,20,2026-04-01 18:53:49,2026-04-01,6
珠江,广东,廊田水,东洛,04-01 08:00,301.98,0.82,20,2026-04-01 18:53:49,2026-04-01,7
北江,广东,南水,南水,04-01 08:00,200.93,0.02,20,2026-04-01 18:53:49,2026-04-01,8
珠江,广东,大镇水,空子,04-01 08:00,133.35,0.2,20,2026-04-01 18:53:49,2026-04-01,9
珠江,广东,潭源洞水,潭岭,04-01 08:00,623.46,0.18,20,2026-04-01 18:53:49,2026-04-01,10
珠江,广东,秦皇水,大秦,04-01 08:00,62.71,0.32,20,2026-04-01 18:53:49,2026-04-01,11
珠江,广东,枫湾河,小坑,04-01 08:00,217.51,0.24,20,2026-04-01 18:53:49,2026-04-01,12
珠江,广东,黄洞水,龙须带,04-01 08:00,244.23,,20,2026-04-01 18:53:49,2026-04-01,13
珠江,广东,迎咀河,迎咀,04-01 08:00,54.92,-0.12,20,2026-04-01 18:53:49,2026-04-01,14
珠江,广东,银盏河,银盏,04-01 08:00,51.39,0.08,20,2026-04-01 18:53:49,2026-04-01,15
珠江,广东,江谷河,江谷,04-01 08:00,44.74,0.04,20,2026-04-01 18:53:49,2026-04-01,16
珠江,广东,东江,枫树坝,04-01 08:00,142.98,0.07,20,2026-04-01 18:53:49,2026-04-01,17
珠江,广东,新丰江,新丰江,04-01 08:00,107.24,0.04,20,2026-04-01 18:53:49,2026-04-01,18
珠江,广东,翁江,长湖,04-01 08:00,59.44,-0.43,20,2026-04-01 18:53:49,2026-04-01,19
淮河,山东,潍河,峡山水库,04-01 08:00,37.35,,20,2026-04-01 18:53:49,2026-04-01,20
长江,湖北,宋家港,石门塘水库,04-01 08:00,249.17,,20,2026-04-01 18:53:49,2026-04-01,21
长江,湖北,青山河,青山,04-01 08:00,112.43,-14.87,20,2026-04-01 18:53:49,2026-04-01,22
长江,湖北,漳河,烟墩,04-01 08:00,119.55,,20,2026-04-01 18:53:49,2026-04-01,23
淮河,安徽,渭河东源,磨子潭,04-01 08:00,184.78,0.14,20,2026-04-01 18:53:49,2026-04-01,24
长江,湖北,马家港,象河,04-01 08:00,146.4,0.02,21,2026-04-01 18:53:49,2026-04-01,0
长江,湖北,小南河,小南河,04-01 08:00,165.44,0.02,21,2026-04-01 18:53:49,2026-04-01,1
长江,湖北,苍龙河,周桥,04-01 08:00,121.24,0.01,21,2026-04-01 18:53:49,2026-04-01,2
长江,湖北,沙河,吉河,04-01 08:00,138.54,-0.03,21,2026-04-01 18:53:49,2026-04-01,3
长江,湖北,沙河,北郊,04-01 08:00,131.59,-0.01,21,2026-04-01 18:53:49,2026-04-01,4
海河,河南,淇河,陈家院,04-01 08:00,774.47,,21,2026-04-01 18:53:49,2026-04-01,5
长江,湖北,茅塔河,茅塔河,04-01 08:00,269.8,0.31,21,2026-04-01 18:53:49,2026-04-01,6
长江,湖北,小河,谭家湾,04-01 08:00,542.3,,21,2026-04-01 18:53:49,2026-04-01,7
海河,天津,引滦明渠,尔王庄库,04-01 08:00,2.63,2.63,21,2026-04-01 18:53:49,2026-04-01,8
黄河,甘肃,蒲河,巴家嘴水库,02-11 08:00,1113.3,,21,2026-04-01 18:53:49,2026-04-01,9
长江,湖北,涢水,清水河,04-01 08:00,71.26,,21,2026-04-01 18:53:49,2026-04-01,10
长江,安徽,青弋江,陈村,04-01 08:00,108.42,0.03,21,2026-04-01 18:53:49,2026-04-01,11
长江,湖南,新墙河,铁山,04-01 08:00,84.09,0.06,21,2026-04-01 18:53:49,2026-04-01,12
松花江流域,吉林,松花江吉林段,丰满,04-01 08:00,252.69,-0.07,21,2026-04-01 18:53:49,2026-04-01,13
海河,河北,忙牛河,窟窿山水库,04-01 08:00,566.18,,21,2026-04-01 18:53:49,2026-04-01,14
海河,河北,瀑河,大庆水库,04-01 08:00,612.47,,21,2026-04-01 18:53:49,2026-04-01,15
海河,山西,浊漳河西源,后湾水库,04-01 08:00,919.86,,21,2026-04-01 18:53:49,2026-04-01,16
黄河,河南,马涧河,九龙角,04-01 08:00,323.05,,21,2026-04-01 18:53:49,2026-04-01,17
黄河,河南,马营涧,大沟口,04-01 08:00,595.05,,21,2026-04-01 18:53:49,2026-04-01,18
淮河,河南,马兰河,玉马,04-01 08:00,440.67,,21,2026-04-01 18:53:49,2026-04-01,19
长江,陕西,观音河,观音河,04-01 08:00,462.95,0.01,21,2026-04-01 18:53:49,2026-04-01,20
长江,湖北,夏家河,夏家寺,04-01 08:00,48.01,,21,2026-04-01 18:53:49,2026-04-01,21
长江,湖北,泊漠河,泥河,12-24 08:00,45.64,,21,2026-04-01 18:53:49,2026-04-01,22
淮河,河南,贾鲁河,尖岗,04-01 08:00,146.11,,21,2026-04-01 18:53:49,2026-04-01,23
黄河,陕西,石头河,石头河,04-01 08:00,782.0,,21,2026-04-01 18:53:49,2026-04-01,24
淮河,河南,泼陂河,泼河,04-01 08:00,77.34,0.01,22,2026-04-01 18:53:49,2026-04-01,5
黄河,陕西,榆溪河,红石峡库,04-01 08:00,1088.01,,22,2026-04-01 18:53:49,2026-04-01,6
黄河,陕西,干河,段家峡,04-01 08:00,1081.94,,22,2026-04-01 18:53:49,2026-04-01,7
黄河,陕西,干河,王家崖,04-01 08:00,601.73,,22,2026-04-01 18:53:49,2026-04-01,8
黄河,山东,玉符河,卧虎山水库,04-01 08:00,128.53,,22,2026-04-01 18:53:49,2026-04-01,9
淮河,山东,潍河,墙乔水库(东库）,04-01 08:00,98.31,,22,2026-04-01 18:53:49,2026-04-01,10
淮河,山东,汶河,牟山水库,04-01 08:00,75.82,,22,2026-04-01 18:53:49,2026-04-01,11
淮河,山东,黄水河,王屋水库,04-01 08:00,71.64,,22,2026-04-01 18:53:49,2026-04-01,12
淮河,河南,十字江,王堂,04-01 08:00,97.08,,22,2026-04-01 18:53:49,2026-04-01,13
淮河,河南,泼陂河,长洲河,04-01 08:00,155.84,,22,2026-04-01 18:53:49,2026-04-01,14
淮河,河南,象河,霍庄,04-01 08:00,108.53,,22,2026-04-01 18:53:49,2026-04-01,15
淮河,河南,陶家河,铁佛寺,04-01 08:00,101.21,,22,2026-04-01 18:53:49,2026-04-01,16
淮河,山东,沂河,跋山水库,04-01 08:00,176.23,,22,2026-04-01 18:53:49,2026-04-01,17
淮河,山东,西皋河,昌里水库,04-01 08:00,192.65,,22,2026-04-01 18:53:49,2026-04-01,18
淮河,山东,袁公河,小仕阳水库,04-01 08:00,152.12,,22,2026-04-01 18:53:49,2026-04-01,19
淮河,山东,大沙河,西苇水库,04-01 08:00,103.34,,22,2026-04-01 18:53:49,2026-04-01,20
长江,河南,梁河,三山,04-01 08:00,191.04,,22,2026-04-01 18:53:49,2026-04-01,21
长江,陕西,旬河,钟家坪,04-01 08:00,246.1,,22,2026-04-01 18:53:49,2026-04-01,23
长江,湖北,界溪河,卷桥水库,04-01 08:00,48.6,0.03,,,,
长江,湖南,涔水,王家厂,04-01 08:00,76.36,0.1,,,,
长江,湖北,新河,北河水库,04-01 08:00,121.76,0.02,,,,
长江,湖北,湄港,雨山水库,03-23 08:00,--,-,,,,
长江,湖北,三溪河,王英,04-01 08:00,63.21,0.06,,,,
长江,湖北,泊漠河,院基寺,12-24 08:00,46.76,--,,,,
长江,湖北,栗树河,梅店,04-01 08:00,59.99,0.01,,,,
长江,湖北,檀树岗河,檀树岗,04-01 08:00,106.42,0.19,,,,
长江,湖北,张家河,八角庙,04-01 08:00,114.04,--,,,,
长江,湖北,四马河,烟宝地,04-01 08:00,112.98,--,,,,
长江,湖北,火莲畈,火莲畈,04-01 08:00,78.51,0.03,,,,
长江,湖北,金沙河,金沙河,04-01 08:00,67.21,--,,,,
长江,湖北,跳石河,大河铺,03-31 08:00,153.69,0.01,,,,
长江,湖北,芭茅河,芭茅河,04-01 08:00,116.58,0.01,,,,
长江,湖北,阎家河,三河口,04-01 08:00,142.65,0.02,,,,
长江,湖北,白杲河,明山,04-01 08:00,88.84,0.03,,,,
长江,湖北,浮桥河,浮桥河,04-01 08:00,61.22,0.03,,,,
长江,湖北,杨家河,尾斗山,04-01 08:00,62.16,-0.01,,,,
长江,湖北,沙河,黑石嘴,03-21 08:00,94.8,,,,,
长江,湖北,沙河,道观河,04-01 08:00,74.52,-0.01,,,,
长江,湖北,新昌河,天堂,04-01 08:00,288.51,-0.14,,,,
长江,湖北,新昌河,天堂二级,04-01 08:00,247.05,0.16,,,,
长江,湖北,西河,张家嘴,04-01 08:00,227.33,-0.01,,,,
长江,湖北,蕲水,大同,04-01 08:00,115.02,-0.03,,,,
长江,湖北,蕲水,花园,10-15 08:00,87.43,-0.14,,,,
长江,湖北,柳堰河,柳堰集,04-01 08:00,122.25,,,,,
长江,湖北,莺河,莺河一库,04-01 08:00,128.85,,,,,
长江,湖北,蛮河,三道河,04-01 08:00,148.9,0.17,,,,
长江,湖北,黑河,云台山,10-26 08:00,161.99,1,,,,
长江,湖北,仙居河,仙居河,03-11 08:00,144.31,,,,,
长江,湖北,敖水,温峡口,04-01 08:00,94.64,0.02,,,,
长江,湖北,司马河,铜钱山,03-11 08:00,80.13,,,,,
长江,湖北,马家河,马家河,04-01 08:00,291.53,0.31,,,,
长江,湖北,汉江,孟桥川,10-26 08:00,133.6,--,,,,
长江,湖北,迴龙河,回龙河,04-01 08:00,110.44,0.01,,,,
长江,湖北,西排子河,西排子河,10-26 08:00,111.76,-0.03,,,,
长江,湖北,马张河,马张河,03-31 08:00,106.47,--,,,,
长江,湖北,敖水,黄坡,04-01 08:00,72.27,0.01,,,,
长江,陕西,丹江,二龙山,04-01 08:00,762.95,1-,,,,
长江,湖北,滔河,滔河,03-21 08:00,388.5,,,,,
长江,河南,老灌河,石门,04-01 08:00,286.42,,,,,
长江,河南,白河,鸭河口,04-01 08:00,176.16,-0.01,,,,
长江,河南,流鸭河,辛庄,04-01 08:00,230.95,,,,,
长江,河南,泗水河,冢岗庙,04-01 08:00,157.36,,,,,
长江,河南,十二里河,兰营,04-01 08:00,144.4,,,,,
长江,河南,赵河,赵湾,04-01 08:00,217.24,,,,,
长江,河南,比河,华山,04-01 08:00,178.09,,,,,
长江,河南,十八道河,宋家场,04-01 08:00,186.04,-0.01,,,,
长江,河南,丑河,虎山,04-01 08:00,138.51,,,,,
长江,湖北,沙河,石梯,11-13 08:00,194.14,,,,,
长江,湖北,湄港,雨山水库,04-01 08:00,119.95,-,,,,
长江,湖北,跳石河,大河铺,04-01 08:00,153.71,0.02,,,,
长江,湖北,黑河,云台山,10-26 08:00,161.99,,,,,
长江,湖北,司马河,铜钱山,03-11 08:00,80.13,一,,,,
长江,湖北,马家河,马家河,04-01 08:00,291.7,0.48,,,,
长江,湖北,马张河,马张河,04-01 08:00,106.48,0.01,,,,
长江,陕西,丹江,二龙山,04-01 08:00,762.95,--,,,,
长江,湖北,滔河,滔河,04-01 08:00,387,,,,,
