流域,行政区划,河名,库名,时间,库水位(米),日变幅(米),row_order_in_screen,report_date,crawl_time_local,screen_index
珠江,广东,西枝江,白盆珠,04-04 08:00,65.04,-0.02,0,2026-04-04,2026-04-03 20:57:32,0
珠江,广东,二渡河,上板桥,04-04 08:00,264.42,0.25,1,2026-04-04,2026-04-03 20:57:32,0
珠江,广东,东江,七水库,04-04 08:00,77.84,0.59,2,2026-04-04,2026-04-03 20:57:32,0
珠江,广东,东江,红花湖,04-04 08:00,53.18,,3,2026-04-04,2026-04-03 20:57:32,0
珠江,广东,黄沙水,同沙,04-04 08:00,15.56,-0.14,4,2026-04-04,2026-04-03 20:57:32,0
珠江,广东,横岭水,鸡心石,04-04 08:00,50.4,-0.25,5,2026-04-04,2026-04-03 20:57:32,0
珠江,广东,稿树下水,稿树下,04-04 08:00,58.3,-0.11,6,2026-04-04,2026-04-03 20:57:32,0
珠江,广东,里波水,联和,04-04 08:00,46.53,-0.03,7,2026-04-04,2026-04-03 20:57:32,0
珠江,广东,增江,天堂山,04-04 08:00,138.61,0.05,8,2026-04-04,2026-04-03 20:57:32,0
流溪河,广东,流溪河,流溪河,04-04 08:00,225.55,-0.08,9,2026-04-04,2026-04-03 20:57:32,0
流溪河,广东,天湖水库水,天湖,04-04 08:00,229.35,-0.01,10,2026-04-04,2026-04-03 20:57:32,0
流溪河,广东,沙坑,和龙,04-04 08:00,34.55,-0.01,11,2026-04-04,2026-04-03 20:57:32,0
珠江,广东,沙河,显岗,04-04 08:00,20.68,-0.1,12,2026-04-04,2026-04-03 20:57:32,0
流溪河,广东,流溪河,黄龙带,04-04 08:00,161.28,-0.01,13,2026-04-04,2026-04-03 20:57:32,0
珠江,广东,茅洲河,罗田,04-04 08:00,30.29,-0.05,14,2026-04-04,2026-04-03 20:57:32,0
珠江,广东,西乡水,铁岗,04-04 08:00,23.01,-0.06,15,2026-04-04,2026-04-03 20:57:32,0
珠江,广东,南头河,西沥,01-21 08:00,27.34,,16,2026-04-04,2026-04-03 20:57:32,0
珠江,广东,深圳水,深圳,04-04 08:00,27.38,0.19,17,2026-04-04,2026-04-03 20:57:32,0
珠江,广东,新洲河,梅林,04-04 08:00,49.55,,18,2026-04-04,2026-04-03 20:57:32,0
珠江,广东,龙岗河,松子坑,04-04 08:00,60.66,-0.13,19,2026-04-04,2026-04-03 20:57:32,0
珠江,广东,莲塘水,宝鸭仔,04-04 08:00,30.8,,20,2026-04-04,2026-04-03 20:57:32,0
珠江,广东,沙坪水,四堡,04-04 08:00,64.84,-0.09,21,2026-04-04,2026-04-03 20:57:32,0
珠江,广东,小隐涌,长江,04-04 08:00,22.87,-0.02,22,2026-04-04,2026-04-03 20:57:32,0
珠江,广东,潭江,锦江,04-04 08:00,85.57,-0.08,23,2026-04-04,2026-04-03 20:57:32,0
珠江,广东,鹤洲水,大沙河,04-04 08:00,31.15,-0.08,24,2026-04-04,2026-04-03 20:57:32,0
珠江,广东,镇海水,镇海,04-04 08:00,23.17,-0.04,0,2026-04-04,2026-04-03 20:57:32,1
珠江,广东,大镜山溪,大镜山,04-04 08:00,17.01,-0.04,1,2026-04-04,2026-04-03 20:57:32,1
韩江,广东,五华河,益塘,04-04 08:00,145.73,0.07,2,2026-04-04,2026-04-03 20:57:32,1
韩江,广东,和山河,和山岩,04-04 08:00,151.71,0.02,3,2026-04-04,2026-04-03 20:57:32,1
韩江,福建,汀江,棉花滩水库,04-04 08:00,157.6,1.45,4,2026-04-04,2026-04-03 20:57:32,1
韩江,广东,汀江,青溪,04-04 08:00,71.77,0.2,5,2026-04-04,2026-04-03 20:57:32,1
韩江,广东,程江,梅西,04-04 08:00,164.74,-0.78,6,2026-04-04,2026-04-03 20:57:32,1
韩江,广东,凤凰溪,凤溪,04-04 08:00,407.85,-0.03,7,2026-04-04,2026-04-03 20:57:32,1
粤东沿海诸河,广东,五经富水,龙颈（上）,04-04 08:00,88.75,0.03,8,2026-04-04,2026-04-03 20:57:32,1
粤东沿海诸河,广东,五经富水,龙颈(下),04-04 08:00,53,0.07,9,2026-04-04,2026-04-03 20:57:32,1
粤东沿海诸河,广东,小龙溪,小龙溪,04-04 08:00,53.51,-0.02,10,2026-04-04,2026-04-03 20:57:32,1
粤东沿海诸河,广东,龙溪水,龙溪一级,04-04 08:00,171.48,0.08,11,2026-04-04,2026-04-03 20:57:32,1
粤东沿海诸河,广东,龙溪水,龙溪二级,04-04 08:00,60.41,-0.08,12,2026-04-04,2026-04-03 20:57:32,1
粤东沿海诸河,广东,锣鼓水,红场,04-04 08:00,243.97,-0.12,13,2026-04-04,2026-04-03 20:57:32,1
粤东沿海诸河,广东,金溪河,上金溪,04-04 08:00,86.5,-0.03,14,2026-04-04,2026-04-03 20:57:32,1
粤东沿海诸河,广东,三坑溪,上三坑,04-04 08:00,152.35,0.05,15,2026-04-04,2026-04-03 20:57:32,1
粤东沿海诸河,广东,练江,白沙溪,04-04 08:00,366.1,-0.04,16,2026-04-04,2026-04-03 20:57:32,1
粤东沿海诸河,广东,雷岭河,镇北,04-04 08:00,44.32,0.01,17,2026-04-04,2026-04-03 20:57:32,1
粤东沿海诸河,广东,雷岭河,蜈蚣岭,04-04 08:00,45.82,0.01,18,2026-04-04,2026-04-03 20:57:32,1
粤东沿海诸河,广东,黄江,朝面山,04-04 08:00,197.24,-0.2,19,2026-04-04,2026-04-03 20:57:32,1
粤东沿海诸河,广东,横江水,横江,04-04 08:00,66.14,0.02,20,2026-04-04,2026-04-03 20:57:32,1
粤东沿海诸河,广东,练江,汤坑,04-04 08:00,50.7,-0.1,21,2026-04-04,2026-04-03 20:57:32,1
粤东沿海诸河,广东,练江,秋风岭,04-04 08:00,34.07,0.03,22,2026-04-04,2026-04-03 20:57:32,1
粤东沿海诸河,广东,龙江,龙潭,04-04 08:00,64,-0.02,23,2026-04-04,2026-04-03 20:57:32,1
粤东沿海诸河,广东,罗溪,石榴潭,04-04 08:00,33.96,-0.01,24,2026-04-04,2026-04-03 20:57:32,1
粤东沿海诸河,广东,黄江,公平,04-04 08:00,12.93,0.02,0,2026-04-04,2026-04-03 20:57:32,2
粤东沿海诸河,广东,大液河,黄山洞,04-04 08:00,45.39,-0.04,1,2026-04-04,2026-04-03 20:57:32,2
粤东沿海诸河,广东,新西河,新西河,04-04 08:00,34.25,-0.02,2,2026-04-04,2026-04-03 20:57:32,2
珠江,广东,大隆洞河,大隆洞,04-04 08:00,25.71,-0.1,3,2026-04-04,2026-04-03 20:57:32,2
鉴江,广东,小水河,高城,04-04 08:00,130.34,-0.01,4,2026-04-04,2026-04-03 20:57:32,2
鉴江,广东,六雅河,尚文,04-04 08:00,104.09,-0.07,5,2026-04-04,2026-04-03 20:57:32,2
鉴江,广东,大井河,良德水库（大坝）,04-04 08:00,81.39,-0.05,6,2026-04-04,2026-04-03 20:57:32,2
鉴江,广东,庙背水,罗坑,04-04 08:00,108.4,-0.02,7,2026-04-04,2026-04-03 20:57:32,2
鉴江,广东,袂花江,黄沙,04-04 08:00,115.13,-0.1,8,2026-04-04,2026-04-03 20:57:32,2
粤西沿海诸河,广东,东运河,西湖,04-04 08:00,13.28,-0.06,9,2026-04-04,2026-04-03 20:57:32,2
粤西沿海诸河,广东,龙门河,龙门,04-04 08:00,54.62,-0.02,10,2026-04-04,2026-04-03 20:57:32,2
粤西沿海诸河,广东,大水桥河,大水桥,04-04 08:00,55.68,,11,2026-04-04,2026-04-03 20:57:32,2
粤西沿海诸河,广东,九洲江,鹤地水库(大坝）,04-04 08:00,36.65,-0.01,12,2026-04-04,2026-04-03 20:57:32,2
粤西沿海诸河,广东,武陵河,武陵,04-04 08:00,35.64,,13,2026-04-04,2026-04-03 20:57:32,2
粤西沿海诸河,广东,沙铲河,岭背下,04-04 08:00,39.97,-0.01,14,2026-04-04,2026-04-03 20:57:32,2
粤西沿海诸河,广东,沙铲河,仙人域,04-04 08:00,35,0.05,15,2026-04-04,2026-04-03 20:57:32,2
珠江,广东,漠阳江,北河,04-04 08:00,85.1,-0.08,16,2026-04-04,2026-04-03 20:57:32,2
珠江,广东,那龙河,东湖,04-04 08:00,27.15,-0.03,17,2026-04-04,2026-04-03 20:57:32,2
珠江,广东,洋边河,茅,04-04 08:00,25.92,-0.02,18,2026-04-04,2026-04-03 20:57:32,2
珠江,广东,儒洞河,陂底,04-04 08:00,36.23,-0.02,19,2026-04-04,2026-04-03 20:57:32,2
南渡江,海南,南渡江,松涛水库 (南丰）,04-04 08:00,185.24,-0.04,20,2026-04-04,2026-04-03 20:57:32,2
万泉河,海南,万泉河,牛路岭水库,04-02 08:00,99.9,-0.07,21,2026-04-04,2026-04-03 20:57:32,2
太阳河,海南,太阳河,万宁水库 (大坝）,04-02 08:00,19.73,-0.06,22,2026-04-04,2026-04-03 20:57:32,2
藤桥河,海南,藤桥西河,赤田水库,03-11 08:00,22.46,,23,2026-04-04,2026-04-03 20:57:32,2
三亚河,海南,三亚河,福万水库,03-11 08:00,122.15,,24,2026-04-04,2026-04-03 20:57:32,2
辽河,辽宁,清河,清河水库,04-04 08:00,130.96,0.02,0,2026-04-04,2026-04-03 20:57:32,4
辽河,辽宁,柳河,闹德海,04-04 08:00,180.88,0.02,1,2026-04-04,2026-04-03 20:57:32,4
辽河,辽宁,浑河,大伙房水库,04-04 08:00,124.16,-0.03,2,2026-04-04,2026-04-03 20:57:32,4
辽河,辽宁,太子河,观音阁水库,04-04 08:00,252.37,-0.06,3,2026-04-04,2026-04-03 20:57:32,4
辽河,辽宁,太子河,窝水库,04-04 08:00,88.88,0.19,4,2026-04-04,2026-04-03 20:57:32,4
海河流域,海委,滦河,潘家口,04-04 08:00,221.48,-0.15,5,2026-04-04,2026-04-03 20:57:32,4
海河流域,海委,滦河,大黑汀,04-04 08:00,132.2,0.07,6,2026-04-04,2026-04-03 20:57:32,4
海河,河北,青龙河,桃林口水库,04-04 08:00,137.76,-0.11,7,2026-04-04,2026-04-03 20:57:32,4
海河,河北,白洋淀,新安,07-10 08:00,8.41,0.01,8,2026-04-04,2026-04-03 20:57:32,4
海河,河北,白洋淀,端村,07-10 08:00,8.23,-0.01,9,2026-04-04,2026-04-03 20:57:32,4
海河,河北,白洋淀,王家寨,07-10 08:00,7.25,-0.01,10,2026-04-04,2026-04-03 20:57:32,4
海河,北京,白河,密云白河坝上,04-04 08:00,153.14,-0.04,11,2026-04-04,2026-04-03 20:57:32,4
海河,北京,永定河,官厅水库,04-04 08:00,476.99,-0.01,12,2026-04-04,2026-04-03 20:57:32,4
海河,河北,白洋淀,十方院（白）（堰上）,04-04 08:00,8.32,-0.01,13,2026-04-04,2026-04-03 20:57:32,4
海河,河北,滹沱河,岗南水库（坝上）,04-04 08:00,196.71,-0.07,14,2026-04-04,2026-04-03 20:57:32,4
海河,河北,滹沱河,黄壁庄水库(坝上）,04-04 08:00,113.43,-0.11,15,2026-04-04,2026-04-03 20:57:32,4
海河流域,海委,漳河,岳城水库 (坝上),04-04 08:00,144.44,-0.2,16,2026-04-04,2026-04-03 20:57:32,4
黄河,河南,黄河,小浪底水库,04-04 08:00,262.43,−0.23,17,2026-04-04,2026-04-03 20:57:32,4
淮河,安徽,淠东干渠,安丰塘,04-04 08:00,29.16,,18,2026-04-04,2026-04-03 20:57:32,4
淮河,河南,沥河,南湾,04-04 08:00,98.53,,19,2026-04-04,2026-04-03 20:57:32,4
淮河,河南,汝河,板桥,04-04 08:00,110.95,,20,2026-04-04,2026-04-03 20:57:32,4
淮河,河南,灌河,鲇鱼山,04-04 08:00,101.71,0.03,21,2026-04-04,2026-04-03 20:57:32,4
淮河,河南,沙河,昭平台,04-04 08:00,164.73,0.02,22,2026-04-04,2026-04-03 20:57:32,4
淮河,河南,沙河,白山,04-04 08:00,100,,23,2026-04-04,2026-04-03 20:57:32,4
淮河,江苏,洪泽湖,洪泽湖,04-04 08:00,13.56,0.06,24,2026-04-04,2026-04-03 20:57:32,4
淮河,江苏,骆马湖,骆马湖水库,04-04 08:00,23.21,0.02,0,2026-04-04,2026-04-03 20:57:32,5
淮河,江苏,新术河,石梁河水库,04-04 08:00,24.09,-0.01,1,2026-04-04,2026-04-03 20:57:32,5
长江,湖北,长江,三峡,04-04 08:00,165.06,0.02,2,2026-04-04,2026-04-03 20:57:32,5
长江,湖北,南河,寺坪,04-04 08:00,309.16,0.02,3,2026-04-04,2026-04-03 20:57:32,5
长江,湖北,粉青河,马桥,04-04 08:00,474.32,−0.21,4,2026-04-04,2026-04-03 20:57:32,5
长江,湖北,黑清河,黑清河,04-04 08:00,81.08,,5,2026-04-04,2026-04-03 20:57:32,5
长江,湖南,资水,柘溪,04-04 08:00,161.17,1.93,6,2026-04-04,2026-04-03 20:57:32,5
长江,湖南,沅水,五强溪,04-04 08:00,103.38,0.76,7,2026-04-04,2026-04-03 20:57:32,5
长江,湖南,酉水,凤滩,04-04 08:00,189.77,0.98,8,2026-04-04,2026-04-03 20:57:32,5
长江,湖南,溇水,江亚,04-04 08:00,217.9,0.2,9,2026-04-04,2026-04-03 20:57:32,5
长江,湖北,富水,富水,04-04 08:00,51.13,0.06,10,2026-04-04,2026-04-03 20:57:32,5
长江,湖北,浠水,白莲河,04-04 08:00,99.48,-0.04,11,2026-04-04,2026-04-03 20:57:32,5
长江,湖北,陆水,陆水水库,04-04 08:00,49.62,0.15,12,2026-04-04,2026-04-03 20:57:32,5
长江,陕西,汉江,石泉,04-04 08:00,405.91,0.11,13,2026-04-04,2026-04-03 20:57:32,5
长江,陕西,汉江,安康库,04-04 08:00,315.98,-0.42,14,2026-04-04,2026-04-03 20:57:32,5
长江,湖北,汉江,丹江口水库,04-04 08:00,162.41,-0.04,15,2026-04-04,2026-04-03 20:57:32,5
长江流域,江西,赣江,万安水库,04-04 08:00,87.25,-0.62,16,2026-04-04,2026-04-03 20:57:32,5
长江流域,江西,抚河,廖坊,04-04 08:00,60.77,1.21,17,2026-04-04,2026-04-03 20:57:32,5
长江,江西,修河,柘林,04-04 08:00,60.25,0.13,18,2026-04-04,2026-04-03 20:57:32,5
内陆,青海,巴音河,黑石山,04-01 08:00,3019.37,,19,2026-04-04,2026-04-03 20:57:32,5
内陆河,青海,雪水河,温泉,04-04 08:00,3953.45,,20,2026-04-04,2026-04-03 20:57:32,5
甘肃,疏勒河,双塔堡水库,(坝上),04-04 08:00,1330.11,-0.05,21,2026-04-04,2026-04-03 20:57:32,5
内陆河,甘肃,党河,党河水库 （坝上）,04-04 08:00,1425.32,,22,2026-04-04,2026-04-03 20:57:32,5
内陆河,甘肃,马营河,李桥水库 (坝上),04-04 08:00,2176.97,0.92,23,2026-04-04,2026-04-03 20:57:32,5
内陆河,甘肃,洪水河,双树寺水库,04-01 08:00,2476.44,,24,2026-04-04,2026-04-03 20:57:32,5
甘萧,讨赖河,鸳鸯池水库,（坝上）,04-04 08:00,1320.67,-0.01,0,2026-04-04,2026-04-03 20:57:32,6
内陆河,甘肃,石羊河,红崖山水库（坝上）,04-01 08:00,1482.75,,1,2026-04-04,2026-04-03 20:57:32,6
闽江,福建,闽江,水口水库,04-04 08:00,57.18,-0.55,2,2026-04-04,2026-04-03 20:57:32,6
海河,河北,伊逊河,庙宫水库,04-01 08:00,760.66,,3,2026-04-04,2026-04-03 20:57:32,6
海河,河北,洋河,洋河水库,04-04 08:00,55.16,0.01,4,2026-04-04,2026-04-03 20:57:32,6
海河,河北,陡河,陡河水库（坝上）,04-04 08:00,30.94,-0.04,5,2026-04-04,2026-04-03 20:57:32,6
海河,天津,潮白新河,黄白桥上,04-04 08:00,5.16,-0.04,6,2026-04-04,2026-04-03 20:57:32,6
海河,天津,潮白新河,宁车沽上,04-04 08:00,2.15,-0.11,7,2026-04-04,2026-04-03 20:57:32,6
海河,河北,白河,云州水库 (坝上),04-04 08:00,1027.1,-0.06,8,2026-04-04,2026-04-03 20:57:32,6
海河,北京,白河,白河堡,04-04 08:00,593.79,0.02,9,2026-04-04,2026-04-03 20:57:32,6
海河,北京,忙牛河,半城子水库,04-04 08:00,252.35,0.01,10,2026-04-04,2026-04-03 20:57:32,6
海河,北京,安达木河,遥桥峪水库,04-04 08:00,459.2,-0.13,11,2026-04-04,2026-04-03 20:57:32,6
海河,北京,红门川,沙厂水库,04-04 08:00,162.77,-0.18,12,2026-04-04,2026-04-03 20:57:32,6
海河,北京,怀河,怀柔水库,04-04 08:00,57.97,0.06,13,2026-04-04,2026-04-03 20:57:32,6
海河,北京,雁栖河,北台上水库,04-04 08:00,85.11,,14,2026-04-04,2026-04-03 20:57:32,6
海河,北京,沙河,大水峪水库,04-04 08:00,170.55,0.01,15,2026-04-04,2026-04-03 20:57:32,6
海河,北京,泃河,海子水库,04-04 08:00,108.65,,16,2026-04-04,2026-04-03 20:57:32,6
海河,北京,泃河,黄松峪水库,04-04 08:00,199.2,,17,2026-04-04,2026-04-03 20:57:32,6
海河,北京,泃河,西峪水库,04-04 08:00,213.14,,18,2026-04-04,2026-04-03 20:57:32,6
海河,天津,州河,于桥坝上,04-04 08:00,19.35,0.1,19,2026-04-04,2026-04-03 20:57:32,6
海河,河北,还乡河,邱庄水库（坝上）,04-04 08:00,64.99,,20,2026-04-04,2026-04-03 20:57:32,6
海河,北京,温榆河,十三陵水库,04-04 08:00,90.7,1.25,21,2026-04-04,2026-04-03 20:57:32,6
海河,北京,东沙河,十三陵水库上池,04-04 08:00,537.26,-26.71,22,2026-04-04,2026-04-03 20:57:32,6
海河,北京,温榆河,桃峪口水库,04-04 08:00,65.63,-0.03,23,2026-04-04,2026-04-03 20:57:32,6
海河,北京,小清河,大宁水库,04-04 08:00,51.69,-0.08,24,2026-04-04,2026-04-03 20:57:32,6
海河,山西,桑干河,册由,04-04 08:00,952.77,,0,2026-04-04,2026-04-03 20:57:32,7
海河,北京,清水河,斋堂水库,04-04 08:00,452.78,-0.01,1,2026-04-04,2026-04-03 20:57:32,7
海河,河北,中易水,安格庄水库,04-04 08:00,153.1,0.06,2,2026-04-04,2026-04-03 20:57:32,7
海河,河北,北易水,旺隆,04-04 08:00,129.91,-0.01,3,2026-04-04,2026-04-03 20:57:32,7
海河,河北,马头沟,马头,04-04 08:00,138.45,,4,2026-04-04,2026-04-03 20:57:32,7
海河,河北,垒子河,西累子,04-04 08:00,62.37,,5,2026-04-04,2026-04-03 20:57:32,7
海河,北京,刺猬河,崇青水库,04-04 08:00,67.76,0.01,6,2026-04-04,2026-04-03 20:57:32,7
海河,河北,磁河,横山岭水库 (坝上),04-04 08:00,233.34,-0.08,7,2026-04-04,2026-04-03 20:57:32,7
海河,河北,沙河,王快水库,04-04 08:00,192.93,-0.03,8,2026-04-04,2026-04-03 20:57:32,7
海河,河北,郜河,口头水库,04-04 08:00,199.89,-0.02,9,2026-04-04,2026-04-03 20:57:32,7
海河,河北,唐河,西大洋水库,04-04 08:00,133.59,,10,2026-04-04,2026-04-03 20:57:32,7
海河,河北,界河,龙潭,04-04 08:00,438.49,-0.02,11,2026-04-04,2026-04-03 20:57:32,7
海河,河北,漕河,龙门水库,04-04 08:00,122.17,-0.07,12,2026-04-04,2026-04-03 20:57:32,7
海河,河北,沙河,野沟门水库,01-01 08:00,374.16,,13,2026-04-04,2026-04-03 20:57:32,7
海河,河北,沙河,朱庄水库,04-04 08:00,241.24,-0.07,14,2026-04-04,2026-04-03 20:57:32,7
海河,河北,泜河,临城水库,04-04 08:00,119.99,-0.05,15,2026-04-04,2026-04-03 20:57:32,7
海河,山,松溪河,郭庄,04-01 08:00,929.29,,16,2026-04-04,2026-04-03 20:57:32,7
海河,天津,团泊洼,团泊洼水库,04-01 08:00,1.87,,17,2026-04-04,2026-04-03 20:57:32,7
海河,河南,卫河,宝泉,04-01 08:00,256.44,_-,18,2026-04-04,2026-04-03 20:57:32,7
海河,河南,沧河,狮豹头,04-01 08:00,300.98,,19,2026-04-04,2026-04-03 20:57:32,7
海河,河南,浙河,弓上,06-10 08:00,482.12,-0.73,20,2026-04-04,2026-04-03 20:57:32,7
海河,河南,汤河,汤河,04-01 08:00,112.41,,21,2026-04-04,2026-04-03 20:57:32,7
海河,河南,通河,琵琶寺,04-01 08:00,115.11,,22,2026-04-04,2026-04-03 20:57:32,7
海河,河南,安阳河,小南海,04-04 08:00,163.87,-0.02,23,2026-04-04,2026-04-03 20:57:32,7
海河,河南,粉红江,双泉,04-01 08:00,140.91,,24,2026-04-04,2026-04-03 20:57:32,7
海河,河南,露水河,南谷洞,04-01 08:00,529.05,,0,2026-04-04,2026-04-03 20:57:32,8
海河,山西,浊漳河南源,漳泽水库,04-01 08:00,901.63,,1,2026-04-04,2026-04-03 20:57:32,8
海河,山西,浊漳河北源,关河水库,04-01 08:00,991.99,,2,2026-04-04,2026-04-03 20:57:32,8
海河,山西,清漳西源,石匣,04-01 08:00,1141.9,,3,2026-04-04,2026-04-03 20:57:32,8
黄河,青海,黄河,龙羊峡,04-04 08:00,2583.91,-0.08,4,2026-04-04,2026-04-03 20:57:32,8
黄河,甘肃,黄河,刘家峡水库,04-04 08:00,1734.27,-0.04,5,2026-04-04,2026-04-03 20:57:32,8
黄河,宁夏,黄河,青铜峡水库,04-04 08:00,1156,,6,2026-04-04,2026-04-03 20:57:32,8
黄河,山西,黄河,万家寨上,04-04 08:00,975.5,0.2,7,2026-04-04,2026-04-03 20:57:32,8
黄河,山西,黄河,天桥上,04-01 08:00,833,,8,2026-04-04,2026-04-03 20:57:32,8
黄河,河南,黄河,史家滩,04-04 08:00,317.09,-0.27,9,2026-04-04,2026-04-03 20:57:32,8
黄河,青海,巴燕河,东大滩,04-04 08:00,2983,-0.02,10,2026-04-04,2026-04-03 20:57:32,8
黄河,陕西,杏子河,王瑶,04-01 08:00,1179.56,,11,2026-04-04,2026-04-03 20:57:32,8
黄河,陕西,芦河,河口庙,04-01 08:00,1147,,12,2026-04-04,2026-04-03 20:57:32,8
黄河,陕西,榆溪河,尤家,04-03 08:00,1093.27,0.03,13,2026-04-04,2026-04-03 20:57:32,8
黄河,陕西,居水,薛峰,04-01 08:00,605.53,,14,2026-04-04,2026-04-03 20:57:32,8
黄河,河南,宏农涧河,窄口,04-04 08:00,638.53,-0.07,15,2026-04-04,2026-04-03 20:57:32,8
,黄河,汾河,汾河水库,04-04 08:00,1124.57,-0.03,16,2026-04-04,2026-04-03 20:57:32,8
黄河,山西,文峪河,文峪河水库,04-01 08:00,833.56,,17,2026-04-04,2026-04-03 20:57:32,8
黄河,陕西,千河,冯家山,04-01 08:00,708.27,,18,2026-04-04,2026-04-03 20:57:32,8
黄河,陕西,漆水河,羊毛湾,04-01 08:00,636.6,,19,2026-04-04,2026-04-03 20:57:32,8
黄河,陕西,黑河,金盆,04-04 08:00,585.43,0.07,20,2026-04-04,2026-04-03 20:57:32,8
黄河,陕西,石砭峪,石砭峪,04-04 08:00,724.6,-0.2,21,2026-04-04,2026-04-03 20:57:32,8
黄河,陕西,沮河,桃曲坡,04-01 08:00,786.03,,22,2026-04-04,2026-04-03 20:57:32,8
黄河,陕西,沈河,沈河,04-01 08:00,400.41,,23,2026-04-04,2026-04-03 20:57:32,8
黄河,河南,枯河,唐岗,04-01 08:00,117.44,,0,2026-04-04,2026-04-03 20:57:32,9
黄河,河南,漭河,白墙,04-01 08:00,125.18,,1,2026-04-04,2026-04-03 20:57:32,9
黄河,山东,东平湖,东平湖老湖,04-04 08:00,41.15,-0.02,2,2026-04-04,2026-04-03 20:57:32,9
黄河,山东,瀛汶河,雪野水库,04-01 08:00,232.24,,3,2026-04-04,2026-04-03 20:57:32,9
黄河,山东,石汶河,黄前水库,04-01 08:00,137.97,,4,2026-04-04,2026-04-03 20:57:32,9
黄河,山东,大汶河南支,东周水库,04-01 08:00,227.94,,5,2026-04-04,2026-04-03 20:57:32,9
黄河,山东,光明河,光明水库,04-01 08:00,88.07,,6,2026-04-04,2026-04-03 20:57:32,9
黄河,河南,伊河,陆浑坝上,04-04 08:00,317.77,,7,2026-04-04,2026-04-03 20:57:32,9
黄河,河南,焦家川,青沟,04-01 08:00,611.26,,8,2026-04-04,2026-04-03 20:57:32,9
黄河,河南,刘涧河,陶花店,04-01 08:00,131.82,,9,2026-04-04,2026-04-03 20:57:32,9
黄河,河南,洛河,故县水库,04-04 08:00,520.49,0.11,10,2026-04-04,2026-04-03 20:57:32,9
黄河,河南,甘水河,范店,04-01 08:00,325.7,,11,2026-04-04,2026-04-03 20:57:32,9
黄河,陕西,南洛河,李村,10-24 08:00,1035.36,,12,2026-04-04,2026-04-03 20:57:32,9
黄河,河南,陈宅河,寺河,04-01 08:00,401.36,,13,2026-04-04,2026-04-03 20:57:32,9
黄河,河南,丹河,青天河,04-01 08:00,353.3,,14,2026-04-04,2026-04-03 20:57:32,9
淮河,山东,淄河,太河水库,04-04 08:00,232.58,-0.02,15,2026-04-04,2026-04-03 20:57:32,9
淮河,山东,弥河,冶源水库,04-01 08:00,136.33,,16,2026-04-04,2026-04-03 20:57:32,9
淮河,山东,白浪河,白浪河水库,04-01 08:00,57.29,,17,2026-04-04,2026-04-03 20:57:32,9
淮河,山东,潍河,墙齐水库（西库）,04-01 08:00,98.31,,18,2026-04-04,2026-04-03 20:57:32,9
淮河,山东,汶河,高崖水库,04-01 08:00,152.41,,19,2026-04-04,2026-04-03 20:57:32,9
淮河,山东,大沽河,产芝水库,04-01 08:00,72.02,,20,2026-04-04,2026-04-03 20:57:32,9
淮河,山东,猪洞河,尹府水库,04-01 08:00,78.48,,21,2026-04-04,2026-04-03 20:57:32,9
淮河,山东,白沙河,崂山水库,04-01 08:00,49.57,,22,2026-04-04,2026-04-03 20:57:32,9
淮河,山东,清洋河,门楼水库,04-01 08:00,28.72,,23,2026-04-04,2026-04-03 20:57:32,9
淮河,山东,东母猪河,郭格庄水库,04-01 08:00,81.03,,24,2026-04-04,2026-04-03 20:57:32,9
淮河,山东,浚河,唐村水库,04-01 08:00,185.06,,0,2026-04-04,2026-04-03 20:57:32,11
淮河,山东,温凉河,许家崖水库,04-01 08:00,145.39,,1,2026-04-04,2026-04-03 20:57:32,11
淮河,江苏,淋头河,阿湖水库站,04-04 08:00,26.27,,2,2026-04-04,2026-04-03 20:57:32,11
淮河,山东,沭河,沙沟水库,04-01 08:00,66.39,,3,2026-04-04,2026-04-03 20:57:32,11
淮河,山东,沭河,青峰岭水库,04-01 08:00,159.35,,4,2026-04-04,2026-04-03 20:57:32,11
淮河,江苏,厚镇河,安峰山水库,04-04 08:00,16.98,,5,2026-04-04,2026-04-03 20:57:32,11
淮河,山东,浔河,陡山水库,04-01 08:00,125.42,,6,2026-04-04,2026-04-03 20:57:32,11
淮河,山东,资邱河,杨庄水库,04-01 08:00,163.74,,7,2026-04-04,2026-04-03 20:57:32,11
淮河,山东,泗河,贺庄水库,04-01 08:00,142.91,,8,2026-04-04,2026-04-03 20:57:32,11
淮河,山东,黄沟河,华村水库,04-01 08:00,146.84,,9,2026-04-04,2026-04-03 20:57:32,11
淮河,山东,济河,龙湾套水库,04-01 08:00,148.93,,10,2026-04-04,2026-04-03 20:57:32,11
淮河,山东,小沂河,尼山水库,04-01 08:00,119.86,,11,2026-04-04,2026-04-03 20:57:32,11
淮河,山东,城河,岩马水库,04-04 08:00,124.5,−0.01,12,2026-04-04,2026-04-03 20:57:32,11
淮河,山东,西河,会宝岭水库(南）,04-01 08:00,74.89,,13,2026-04-04,2026-04-03 20:57:32,11
淮河,山东,城河,户主水库,04-01 08:00,122.62,,14,2026-04-04,2026-04-03 20:57:32,11
淮河,山东,付疃河,日照,04-01 08:00,38.83,,15,2026-04-04,2026-04-03 20:57:32,11
淮河,江苏,青口河,小塔山水库,04-04 08:00,31.94,,16,2026-04-04,2026-04-03 20:57:32,11
长江,重庆,大洪河,大洪河,04-04 08:00,287.83,0.06,17,2026-04-04,2026-04-03 20:57:32,11
长江,重庆,龙溪河,狮子滩,04-04 08:00,335.06,-0.02,18,2026-04-04,2026-04-03 20:57:32,11
长江,重庆,龙河,石板水,04-01 08:00,473.83,,19,2026-04-04,2026-04-03 20:57:32,11
长江,甘肃,白龙江,碧口水库,04-04 08:00,700.58,0.08,20,2026-04-04,2026-04-03 20:57:32,11
长江,贵州,乌江,乌江渡水电站,04-04 08:00,747.46,0.01,21,2026-04-04,2026-04-03 20:57:32,11
长江,贵州,猫跳河,红枫水库,04-04 08:00,1234.15,-0.01,22,2026-04-04,2026-04-03 20:57:32,11
长江,贵州,猫跳河,百花水库,04-04 08:00,1190.63,0.01,23,2026-04-04,2026-04-03 20:57:32,11
长江,湖北,郁江,福宝山水库,04-04 08:00,1469.76,0.01,24,2026-04-04,2026-04-03 20:57:32,11
长江,湖北,黄柏河,西北口水库,04-04 08:00,315.27,-0.05,0,2026-04-04,2026-04-03 20:57:32,12
长江,湖北,玛瑙河,白河水库,04-04 08:00,167.59,,1,2026-04-04,2026-04-03 20:57:32,12
长江,湖北,印河,跑马水库,04-04 08:00,140.16,,2,2026-04-04,2026-04-03 20:57:32,12
长江,湖北,漳河,李家州,04-04 08:00,119.55,,3,2026-04-04,2026-04-03 20:57:32,12
长江,湖北,花庙河,石子岭水库,04-04 08:00,84.39,0.02,4,2026-04-04,2026-04-03 20:57:32,12
长江,湖北,长江,鲁家港水库,04-04 08:00,78.65,0.04,5,2026-04-04,2026-04-03 20:57:32,12
长江,湖北,巩河,巩河水库,04-04 08:00,127.45,-0.01,6,2026-04-04,2026-04-03 20:57:32,12
长江,湖北,清江,水布亚（坝上）,04-04 08:00,366.46,0.09,7,2026-04-04,2026-04-03 20:57:32,12
长江,湖北,清江,隔河岩(坝上),04-04 08:00,196.98,-0.05,8,2026-04-04,2026-04-03 20:57:32,12
长江,湖北,清江,高坝洲（坝上）,04-04 08:00,78.59,0.14,9,2026-04-04,2026-04-03 20:57:32,12
长江,湖北,车坝河,车坝水库,04-04 08:00,725.89,-0.24,10,2026-04-04,2026-04-03 20:57:32,12
长江,湖北,沮漳河,太湖港水库,04-04 08:00,37.53,,11,2026-04-04,2026-04-03 20:57:32,12
长江,湖南,江华水,涔天河,04-04 08:00,290.79,0.35,12,2026-04-04,2026-04-03 20:57:32,12
长江,湖南,湘江,双牌,04-04 08:00,163,1.25,13,2026-04-04,2026-04-03 20:57:32,12
长江,湖南,春陵水,欧阳海,04-04 08:00,125.67,0.97,14,2026-04-04,2026-04-03 20:57:32,12
长江,湖南,耒水,东江,04-04 08:00,270.08,0.68,15,2026-04-04,2026-04-03 20:57:32,12
长江,湖南,攸水,酒埠江,04-04 08:00,150.71,1.13,16,2026-04-04,2026-04-03 20:57:32,12
长江,湖南,永乐江,青山龙,04-04 08:00,235.19,1.69,17,2026-04-04,2026-04-03 20:57:32,12
长江,湖南,涟水,水府庙,04-04 08:00,91.82,0.84,18,2026-04-04,2026-04-03 20:57:32,12
长江,湖南,沩水,黄材,04-04 08:00,151.35,1.16,19,2026-04-04,2026-04-03 20:57:32,12
长江,湖南,涧江,官庄,04-04 08:00,112.62,0.79,20,2026-04-04,2026-04-03 20:57:32,12
珠江,广东,北江,飞来峡,04-04 08:00,23.54,0.41,21,2026-04-04,2026-04-03 20:57:32,12
长江,湖北,新峡河,新峡水库,04-04 08:00,529.3,-0.02,22,2026-04-04,2026-04-03 20:57:32,12
长江,湖南,白洋河,黄石,04-04 08:00,81.14,0.06,23,2026-04-04,2026-04-03 20:57:32,12
长江,湖北,沧水,沧水水库,04-04 08:00,88.62,,24,2026-04-04,2026-04-03 20:57:32,12
长江,湖北,界溪河,卷桥水库,04-04 08:00,48.67,0.02,0,2026-04-04,2026-04-03 20:57:32,13
长江,湖南,涔水,王家厂,04-04 08:00,76.44,0.03,1,2026-04-04,2026-04-03 20:57:32,13
长江,湖北,新河,北河水库,04-04 08:00,121.82,0.01,2,2026-04-04,2026-04-03 20:57:32,13
长江,湖北,湄港,雨山水库,04-01 08:00,119.95,,3,2026-04-04,2026-04-03 20:57:32,13
长江,湖北,三溪河,王英,04-04 08:00,63.26,0.01,4,2026-04-04,2026-04-03 20:57:32,13
长江,湖北,泊漠河,院基寺,12-24 08:00,46.76,,5,2026-04-04,2026-04-03 20:57:32,13
长江,湖北,栗树河,梅店,04-04 08:00,60.01,,6,2026-04-04,2026-04-03 20:57:32,13
长江,湖北,檀树岗河,檀树岗,04-04 08:00,106.35,0.12,7,2026-04-04,2026-04-03 20:57:32,13
长江,湖北,张家河,八角庙,04-04 08:00,114.04,,8,2026-04-04,2026-04-03 20:57:32,13
长江,湖北,四马河,烟宝地,04-04 08:00,113,0.01,9,2026-04-04,2026-04-03 20:57:32,13
长江,湖北,火莲畈,火莲畈,04-04 08:00,78.54,-0.08,10,2026-04-04,2026-04-03 20:57:32,13
长江,湖北,金沙河,金沙河,04-04 08:00,67.2,-0.01,11,2026-04-04,2026-04-03 20:57:32,13
长江,湖北,跳石河,大河铺,04-04 08:00,153.72,,12,2026-04-04,2026-04-03 20:57:32,13
长江,湖北,芭茅河,芭茅河,04-04 08:00,116.47,-0.08,13,2026-04-04,2026-04-03 20:57:32,13
长江,湖北,阎家河,三河口,04-04 08:00,142.71,0.02,14,2026-04-04,2026-04-03 20:57:32,13
长江,湖北,白杲河,明山,04-04 08:00,88.86,0.01,15,2026-04-04,2026-04-03 20:57:32,13
长江,湖北,浮桥河,浮桥河,04-04 08:00,61.21,,16,2026-04-04,2026-04-03 20:57:32,13
长江,湖北,杨家河,尾斗山,04-04 08:00,62.15,-0.01,17,2026-04-04,2026-04-03 20:57:32,13
长江,湖北,沙河,黑石嘴,03-21 08:00,94.8,,18,2026-04-04,2026-04-03 20:57:32,13
长江,湖北,沙河,道观河,04-04 08:00,74.48,-0.01,19,2026-04-04,2026-04-03 20:57:32,13
长江,湖北,新昌河,天堂,04-04 08:00,288.09,-0.26,20,2026-04-04,2026-04-03 20:57:32,13
长江,湖北,新昌河,天堂二级,04-04 08:00,247.29,0.76,21,2026-04-04,2026-04-03 20:57:32,13
长江,湖北,西河,张家嘴,04-04 08:00,227.33,,22,2026-04-04,2026-04-03 20:57:32,13
长江,湖北,蕲水,大同,04-04 08:00,114.95,-0.02,23,2026-04-04,2026-04-03 20:57:32,13
长江,湖北,蕲水,花园,10-15 08:00,87.43,-0.14,24,2026-04-04,2026-04-03 20:57:32,13
长江,湖北,石门港,石门水库,04-04 08:00,161.51,0.02,0,2026-04-04,2026-04-03 20:57:32,14
长江,湖北,长河,跨马墩,04-04 08:00,170.31,0.01,1,2026-04-04,2026-04-03 20:57:32,14
长江,湖北,长河,凤凰关,04-04 08:00,168.41,-0.03,2,2026-04-04,2026-04-03 20:57:32,14
长江,湖北,巴水,牛车河,04-04 08:00,71.96,,3,2026-04-04,2026-04-03 20:57:32,14
长江,湖北,新桥河,鹞鹰岩,04-04 08:00,44.97,-0.02,4,2026-04-04,2026-04-03 20:57:32,14
长江,湖北,雷溪河,黄河厂,04-04 08:00,82.02,0.01,5,2026-04-04,2026-04-03 20:57:32,14
长江,湖北,鲤港,阁壁,04-04 08:00,153.62,,6,2026-04-04,2026-04-03 20:57:32,14
长江,湖北,何家港,龙潭,04-04 08:00,184.63,,7,2026-04-04,2026-04-03 20:57:32,14
长江,湖北,陆马河,三湖连江,04-04 08:00,26.59,0.01,8,2026-04-04,2026-04-03 20:57:32,14
长江,湖北,汀泗河,双石水库,04-01 08:00,84.47,,9,2026-04-04,2026-04-03 20:57:32,14
长江,湖北,淦河,南川,04-04 08:00,99.55,0.04,10,2026-04-04,2026-04-03 20:57:32,14
长江,湖北,易家段河,百丈潭,04-01 08:00,424.82,,11,2026-04-04,2026-04-03 20:57:32,14
长江,湖北,黄水河,四门楼水库,04-01 08:00,83.1,,12,2026-04-04,2026-04-03 20:57:32,14
长江,陕西,汉江,喜河,04-04 08:00,361.14,,13,2026-04-04,2026-04-03 20:57:32,14
长江,陕西,褒河,石门,04-01 08:00,618.05,,14,2026-04-04,2026-04-03 20:57:32,14
长江,陕西,党水河,党河,04-01 08:00,528.91,,15,2026-04-04,2026-04-03 20:57:32,14
长江,陕西,岚河,蔺河口,04-04 08:00,489,-1.28,16,2026-04-04,2026-04-03 20:57:32,14
长江,湖北,天惠河,土门,04-01 08:00,319.52,,17,2026-04-04,2026-04-03 20:57:32,14
长江,湖北,堵河,黄龙滩,04-04 08:00,244.1,0.02,18,2026-04-04,2026-04-03 20:57:32,14
长江,湖北,竹溪河,竹溪河,04-01 08:00,495.75,,19,2026-04-04,2026-04-03 20:57:32,14
长江,湖北,霍河,霍河,04-04 08:00,323.96,0.21,20,2026-04-04,2026-04-03 20:57:32,14
长江,湖北,浪河,浪河店,04-01 08:00,200.22,,21,2026-04-04,2026-04-03 20:57:32,14
长江,湖北,北河,潭口,04-04 08:00,138.39,-0.13,22,2026-04-04,2026-04-03 20:57:32,14
长江,湖北,南河,南河,04-04 08:00,149.51,-0.95,23,2026-04-04,2026-04-03 20:57:32,14
长江,湖北,红水河,红水河,10-26 08:00,117.18,0.03,24,2026-04-04,2026-04-03 20:57:32,14
长江,湖北,沙河,沙河,04-04 08:00,166.52,,0,2026-04-04,2026-04-03 20:57:32,16
长江,湖北,沙河,姚棚,04-04 08:00,174.51,,1,2026-04-04,2026-04-03 20:57:32,16
长江,湖北,沙河,马安山,12-06 08:00,149.77,0.01,2,2026-04-04,2026-04-03 20:57:32,16
长江,陕西,银花河,洛峪*,04-04 08:00,130.71,-0.02,3,2026-04-04,2026-04-03 20:57:32,16
长江,湖北,官沟河,官沟,04-04 08:00,85.07,,4,2026-04-04,2026-04-03 20:57:32,16
长江,湖北,华阳河,华阳河,04-04 08:00,140.44,-0.01,5,2026-04-04,2026-04-03 20:57:32,16
长江,湖北,熊河,熊河,04-04 08:00,120.59,,6,2026-04-04,2026-04-03 20:57:32,16
长江,湖北,温水,大洪山,04-04 08:00,171.18,,7,2026-04-04,2026-04-03 20:57:32,16
长江,湖北,溠水,吴山,04-04 08:00,188.68,,8,2026-04-04,2026-04-03 20:57:32,16
长江,湖北,溠水,黑屋湾,04-04 08:00,113.87,一,9,2026-04-04,2026-04-03 20:57:32,16
长江,湖北,罗河,罗河,04-04 08:00,115.62,,10,2026-04-04,2026-04-03 20:57:32,16
长江,湖北,封江口河,天河口,04-04 08:00,183.3,0.03,11,2026-04-04,2026-04-03 20:57:32,16
长江,湖北,水支流，晏家河,观音岩,04-04 08:00,105.2,-0.02,12,2026-04-04,2026-04-03 20:57:32,16
长江,湖北,浆溪店河,先觉庙,04-04 08:00,101.72,,13,2026-04-04,2026-04-03 20:57:32,16
长江,湖北,漂水,马鞍山,04-04 08:00,89.55,,14,2026-04-04,2026-04-03 20:57:32,16
长江,湖北,两河口河,两河口,04-04 08:00,119.61,-0.01,15,2026-04-04,2026-04-03 20:57:32,16
长江,湖北,徐家河,徐家河,04-04 08:00,66.02,-0.01,16,2026-04-04,2026-04-03 20:57:32,16
长江,湖北,温水支流，漳河,郑家河,04-04 08:00,91.91,0.01,17,2026-04-04,2026-04-03 20:57:32,16
长江,湖北,水东支上游,界牌,04-04 08:00,128.42,0.01,18,2026-04-04,2026-04-03 20:57:32,16
长江,湖北,水支流，胡家河,芳畈,04-04 08:00,79.49,0.02,19,2026-04-04,2026-04-03 20:57:32,16
长江,湖北,水支流，晏家河,金盆,04-04 08:00,67.86,0.01,20,2026-04-04,2026-04-03 20:57:32,16
长江,湖北,水支流，张家岗河,八汊洼,04-04 08:00,45.95,-0.01,21,2026-04-04,2026-04-03 20:57:32,16
长江,湖北,界河,滑石冲,04-04 08:00,98.64,,22,2026-04-04,2026-04-03 20:57:32,16
长江,湖北,寨子河,石门,04-04 08:00,82.56,0.02,23,2026-04-04,2026-04-03 20:57:32,16
长江,湖北,司马河,石龙,04-04 08:00,58.02,0.01,24,2026-04-04,2026-04-03 20:57:32,16
长江,湖北,关门河,吴岭,04-04 08:00,56,0.01,0,2026-04-04,2026-04-03 20:57:32,17
长江,湖北,鬼水,惠亭山,04-04 08:00,79.64,,1,2026-04-04,2026-04-03 20:57:32,17
长江,湖北,大富水,高关,04-04 08:00,111.56,0.02,2,2026-04-04,2026-04-03 20:57:32,17
长江,湖北,广水河,霞家河,04-04 08:00,110.16,,3,2026-04-04,2026-04-03 20:57:32,17
长江流域,江西,云亭水,老营盘水库,04-04 08:00,143.51,0.09,4,2026-04-04,2026-04-03 20:57:32,17
长江流域,江西,富田水,白云山水库,04-04 08:00,168.33,1.62,5,2026-04-04,2026-04-03 20:57:32,17
长江流域,江西,牛吼江,南车水库,04-04 08:00,148.4,0.63,6,2026-04-04,2026-04-03 20:57:32,17
长江流域,江西,泸水,社上水库,04-04 08:00,164.81,1.32,7,2026-04-04,2026-04-03 20:57:32,17
长江流域,江西,袁水,江口,04-04 08:00,68,0.86,8,2026-04-04,2026-04-03 20:57:32,17
长江流域,江西,尧市,飞剑潭一坝水库,04-04 08:00,168.85,0.11,9,2026-04-04,2026-04-03 20:57:32,17
长江流域,江西,丰水,紫云山水库,04-04 08:00,73.52,0.61,10,2026-04-04,2026-04-03 20:57:32,17
长江流域,江西,秀水,潘桥水库,04-04 08:00,61.19,0.63,11,2026-04-04,2026-04-03 20:57:32,17
长江流域,江西,苏溪,上游水库,04-04 08:00,78.26,0.07,12,2026-04-04,2026-04-03 20:57:32,17
长江,江西,乐安河,共库,04-04 08:00,68.61,0.18,13,2026-04-04,2026-04-03 20:57:32,17
长江流域,江西,修河,大锻水库,04-04 08:00,205.87,0.4,14,2026-04-04,2026-04-03 20:57:32,17
长江,江西,土塘水,大港水库,04-04 08:00,64.43,0.44,15,2026-04-04,2026-04-03 20:57:32,17
长江,江苏,句容河,北山水库（镇江）,04-04 08:00,50.34,-0.02,16,2026-04-04,2026-04-03 20:57:32,17
长江,湖北,荆竹河,荆竹,04-04 08:00,56.17,,17,2026-04-04,2026-04-03 20:57:32,17
长江,湖北,坪河,龙坪,04-04 08:00,64.76,,18,2026-04-04,2026-04-03 20:57:32,17
长江,湖北,古角河,古角,04-04 08:00,61.26,0.03,19,2026-04-04,2026-04-03 20:57:32,17
长江,安徽,长河,花凉亭,04-04 08:00,75.07,0.03,20,2026-04-04,2026-04-03 20:57:32,17
长江,湖北,梅川河,梅川,04-01 08:00,65.38,0.02,21,2026-04-04,2026-04-03 20:57:32,17
长江,湖北,戴文义河,仙人坝,04-04 08:00,40.7,,22,2026-04-04,2026-04-03 20:57:32,17
长江,安徽,杭埠河,龙河口（内）,04-04 08:00,68.15,-0.01,23,2026-04-04,2026-04-03 20:57:32,17
长江,安徽,南淝河,董铺,04-04 08:00,28,0.03,24,2026-04-04,2026-04-03 20:57:32,17
长江,安徽,襄河,黄栗树,04-04 08:00,40.16,,0,2026-04-04,2026-04-03 20:57:32,18
长江,安徽,清流河,沙河集,04-04 08:00,29.17,-0.01,1,2026-04-04,2026-04-03 20:57:32,18
长江流域太湖区,浙江,南苕溪,青山水库,04-04 08:00,24.13,0.41,2,2026-04-04,2026-04-03 20:57:32,18
长江流域太湖区,浙江,余英溪,对河口水库,04-04 08:00,42.32,0.27,3,2026-04-04,2026-04-03 20:57:32,18
长江流域太湖区,浙江,西溪,赋石水库,04-04 08:00,73.38,0.16,4,2026-04-04,2026-04-03 20:57:32,18
长江流域太湖区,浙江,南溪,老石坎水库,04-04 08:00,111.28,0.33,5,2026-04-04,2026-04-03 20:57:32,18
太湖,江苏,大溪水库,大溪水库,04-04 08:00,12.88,-0.02,6,2026-04-04,2026-04-03 20:57:32,18
太湖,江苏,沙河水库,沙河水库,04-04 08:00,18.05,0.24,7,2026-04-04,2026-04-03 20:57:32,18
太湖,江苏,屋溪,横山水库,04-04 08:00,28.35,,8,2026-04-04,2026-04-03 20:57:32,18
浙闽台河流,浙江,富春江,富春江水库,04-04 08:00,22.55,-0.3,9,2026-04-04,2026-04-03 20:57:32,18
浙闽台河流,浙江,乌溪江,黄坛口水库,04-04 08:00,113.75,0.18,10,2026-04-04,2026-04-03 20:57:32,18
浙闽台河流,浙江,铜山源,铜山源水库,04-04 08:00,128.51,0.18,11,2026-04-04,2026-04-03 20:57:32,18
浙闽台河流,浙江,东阳江,横锦水库,04-04 08:00,150.19,0.29,12,2026-04-04,2026-04-03 20:57:32,18
浙闽台河流,浙江,南江,南江水库,04-04 08:00,195.83,0.36,13,2026-04-04,2026-04-03 20:57:32,18
浙闽台河流,浙江,新安江,新安江水库,04-04 08:00,98.11,0.04,14,2026-04-04,2026-04-03 20:57:32,18
浙闽台河流,浙江,开化江,石壁水库,04-04 08:00,83.24,0.15,15,2026-04-04,2026-04-03 20:57:32,18
浙闽台河流,浙江,陈蔡江,陈蔡水库,04-04 08:00,74.41,0.3,16,2026-04-04,2026-04-03 20:57:32,18
浙闽台河流,浙江,新昌江,长诏水库,04-04 08:00,112.68,0.31,17,2026-04-04,2026-04-03 20:57:32,18
浙闽台河流,浙江,南山江,南山水库,04-04 08:00,107.96,0.19,18,2026-04-04,2026-04-03 20:57:32,18
浙闽台河流,浙江,樟溪,皎口水库,04-04 08:00,53.87,0.55,19,2026-04-04,2026-04-03 20:57:32,18
浙闽台河流,浙江,县江,横山水库,04-04 08:00,83.18,0.35,20,2026-04-04,2026-04-03 20:57:32,18
浙闽台河流,浙江,始丰溪,里石门水库,04-04 08:00,169.13,0.37,21,2026-04-04,2026-04-03 20:57:32,18
浙闽台河流,浙江,逆溪,牛头山水库,04-04 08:00,32.75,0.07,22,2026-04-04,2026-04-03 20:57:32,18
浙闽台河流,浙江,永宁江,长潭水库,04-04 08:00,27.5,0.02,23,2026-04-04,2026-04-03 20:57:32,18
浙闽台河流,浙江,龙泉溪,紧水滩水库,04-04 08:00,172.82,-0.16,24,2026-04-04,2026-04-03 20:57:32,18
闽江,福建,九龙溪,安砂水库,04-04 08:00,246.9,0.01,0,2026-04-04,2026-04-03 20:57:32,19
闽江,福建,沙溪,沙溪口水库,04-04 08:00,85.52,0.93,1,2026-04-04,2026-04-03 20:57:32,19
闽江,福建,金溪,池潭水库,04-04 08:00,265.19,1.42,2,2026-04-04,2026-04-03 20:57:32,19
闽江,福建,建溪,东溪水库,04-04 08:00,260.34,1.05,3,2026-04-04,2026-04-03 20:57:32,19
闽江,福建,尤溪,水东水库,04-04 08:00,138.73,-0.57,4,2026-04-04,2026-04-03 20:57:32,19
闽江,福建,屏山溪,坑口水库,04-04 08:00,605.42,1.9,5,2026-04-04,2026-04-03 20:57:32,19
闽江,福建,古田溪,古田一级水库,04-04 08:00,366.05,0.22,6,2026-04-04,2026-04-03 20:57:32,19
晋江,福建,晋江东溪,山美水库,04-04 08:00,79.82,0.12,7,2026-04-04,2026-04-03 20:57:32,19
闽东南诸河,福建,万安溪,万安水库,04-04 08:00,343.24,2.12,8,2026-04-04,2026-04-03 20:57:32,19
闽东南诸河,福建,陈巷溪,活盘水库,04-04 08:00,57.03,0.37,9,2026-04-04,2026-04-03 20:57:32,19
闽东南诸河,福建,船场溪,南一水库,04-04 08:00,288.06,1.99,10,2026-04-04,2026-04-03 20:57:32,19
闽东诸河,福建,穆阳溪,芹山水库,04-04 08:00,730.06,0.91,11,2026-04-04,2026-04-03 20:57:32,19
闽东诸河,福建,鳌江,山仔水库,03-27 08:00,82.96,0.24,12,2026-04-04,2026-04-03 20:57:32,19
闽南诸河,福建,龙江,东张水库,04-04 08:00,46.7,0.08,13,2026-04-04,2026-04-03 20:57:32,19
萩芦溪,福建,三叉河溪,东方红,03-30 08:00,51.98,-0.04,14,2026-04-04,2026-04-03 20:57:32,19
闽南沿海诸河,福建,延寿溪,东圳,04-04 08:00,67.27,0.19,15,2026-04-04,2026-04-03 20:57:32,19
闽南沿海诸河,福建,苦溪,古洋,04-04 08:00,100.67,0.46,16,2026-04-04,2026-04-03 20:57:32,19
闽南沿海诸河,福建,大罗溪,惠女水库,04-04 08:00,66.36,0.07,17,2026-04-04,2026-04-03 20:57:32,19
闽东南诸河,福建,汀溪,汀溪水库,04-04 08:00,57.66,0.4,18,2026-04-04,2026-04-03 20:57:32,19
闽东南诸河,福建,漳江,峰头水库,04-04 08:00,62.34,-0.09,19,2026-04-04,2026-04-03 20:57:32,19
闽东南诸河,福建,湖内溪,亚湖水库,04-04 08:00,32.45,,20,2026-04-04,2026-04-03 20:57:32,19
珠江,贵州,南盘江,天生桥一级,04-04 08:00,754.47,-0.28,21,2026-04-04,2026-04-03 20:57:32,19
珠江,云南,黄泥河,鲁布革,04-04 08:00,1125.06,0.04,22,2026-04-04,2026-04-03 20:57:32,19
珠江,广东,罗定江,金银河,04-04 08:00,96.39,-0.08,23,2026-04-04,2026-04-03 20:57:32,19
珠江,广东,新榕河,罗光,04-04 08:00,283.02,-0.15,24,2026-04-04,2026-04-03 20:57:32,19
珠江,广东,新兴江,合河,04-04 08:00,162.39,-0.14,0,2026-04-04,2026-04-03 20:57:32,20
珠江,广东,勒竹河,北峰山,04-04 08:00,111.19,-0.09,1,2026-04-04,2026-04-03 20:57:32,20
珠江,广东,罗坪水,朝阳,04-04 08:00,118.42,0.06,2,2026-04-04,2026-04-03 20:57:32,20
珠江,广东,船步河,山,04-04 08:00,191.05,-0.26,3,2026-04-04,2026-04-03 20:57:32,20
珠江,广东,社圩水,共成,04-04 08:00,74.19,-0.01,4,2026-04-04,2026-04-03 20:57:32,20
珠江,广东,长利水,九坑河,04-04 08:00,33.88,-0.03,5,2026-04-04,2026-04-03 20:57:32,20
珠江,广东,锦江,锦江(仁化）,04-04 08:00,127.43,2.34,6,2026-04-04,2026-04-03 20:57:32,20
珠江,广东,廊田水,东洛,04-04 08:00,303.83,1.5,7,2026-04-04,2026-04-03 20:57:32,20
北江,广东,南水,南水,04-04 08:00,201.11,0.12,8,2026-04-04,2026-04-03 20:57:32,20
珠江,广东,大镇水,空子,04-04 08:00,133.17,-0.01,9,2026-04-04,2026-04-03 20:57:32,20
珠江,广东,潭源洞水,潭岭,04-04 08:00,624.38,0.68,10,2026-04-04,2026-04-03 20:57:32,20
珠江,广东,秦皇水,大秦,04-04 08:00,62.84,0.13,11,2026-04-04,2026-04-03 20:57:32,20
珠江,广东,枫湾河,小坑,04-04 08:00,217.59,0.12,12,2026-04-04,2026-04-03 20:57:32,20
珠江,广东,黄洞水,龙须带,04-04 08:00,244.94,0.09,13,2026-04-04,2026-04-03 20:57:32,20
珠江,广东,迎咀河,迎咀,04-04 08:00,54.63,-0.07,14,2026-04-04,2026-04-03 20:57:32,20
珠江,广东,银盏河,银盏,04-04 08:00,51.38,-0.01,15,2026-04-04,2026-04-03 20:57:32,20
珠江,广东,江谷河,江谷,04-04 08:00,44.78,0.02,16,2026-04-04,2026-04-03 20:57:32,20
珠江,广东,东江,枫树坝,04-04 08:00,143.82,0.43,17,2026-04-04,2026-04-03 20:57:32,20
珠江,广东,新丰江,新丰江,04-04 08:00,107.26,0.06,18,2026-04-04,2026-04-03 20:57:32,20
珠江,广东,翁江,长湖,04-04 08:00,59.21,-0.2,19,2026-04-04,2026-04-03 20:57:32,20
淮河,山东,潍河,峡山水库,04-04 08:00,37.35,,20,2026-04-04,2026-04-03 20:57:32,20
长江,湖北,宋家港,石门塘水库,04-01 08:00,249.17,,21,2026-04-04,2026-04-03 20:57:32,20
长江,湖北,青山河,青山,04-01 08:00,112.43,-14.87,22,2026-04-04,2026-04-03 20:57:32,20
长江,湖北,漳河,烟墩,04-04 08:00,119.53,-0.01,23,2026-04-04,2026-04-03 20:57:32,20
淮河,安徽,淠河东源,磨子潭,04-04 08:00,185.05,0.08,24,2026-04-04,2026-04-03 20:57:32,20
长江,湖北,马家港,象河,04-04 08:00,146.42,0.01,0,2026-04-04,2026-04-03 20:57:32,21
长江,湖北,小南河,小南河,04-04 08:00,165.48,0.01,1,2026-04-04,2026-04-03 20:57:32,21
长江,湖北,苍龙河,周桥,04-04 08:00,121.24,0.01,2,2026-04-04,2026-04-03 20:57:32,21
长江,湖北,沙河,吉河,04-04 08:00,138.57,-0.03,3,2026-04-04,2026-04-03 20:57:32,21
长江,湖北,沙河,北郊,04-04 08:00,131.51,-0.03,4,2026-04-04,2026-04-03 20:57:32,21
海河,河南,淇河,陈家院,04-01 08:00,774.47,,5,2026-04-04,2026-04-03 20:57:32,21
长江,湖北,茅塔河,茅塔河,04-04 08:00,269.15,-0.26,6,2026-04-04,2026-04-03 20:57:32,21
长江,湖北,小河,谭家湾,04-01 08:00,542.3,,7,2026-04-04,2026-04-03 20:57:32,21
海河,天津,引滦明渠,尔王庄库,04-03 08:00,2.77,0.07,8,2026-04-04,2026-04-03 20:57:32,21
黄河,甘肃,蒲河,巴家嘴水库,02-11 08:00,1113.3,,9,2026-04-04,2026-04-03 20:57:32,21
长江,湖北,水,清水河,04-04 08:00,71.24,,10,2026-04-04,2026-04-03 20:57:32,21
长江,安徽,青弋江,陈村,04-04 08:00,108.57,0.03,11,2026-04-04,2026-04-03 20:57:32,21
长江,湖南,新墙河,铁山,04-04 08:00,84.23,0.08,12,2026-04-04,2026-04-03 20:57:32,21
松花江流域,吉林,松花江吉林段,丰满,04-04 08:00,252.68,-0.05,13,2026-04-04,2026-04-03 20:57:32,21
海河,河北,忙牛河,窟隆山水库,04-01 08:00,566.18,,14,2026-04-04,2026-04-03 20:57:32,21
海河,河北,瀑河,大庆水库,04-01 08:00,612.47,,15,2026-04-04,2026-04-03 20:57:32,21
海河,山西,浊漳河西源,后湾水库,04-01 08:00,919.86,,16,2026-04-04,2026-04-03 20:57:32,21
黄河,河南,马涧河,九龙角,04-01 08:00,323.05,,17,2026-04-04,2026-04-03 20:57:32,21
黄河,河南,马营涧,大沟口,04-01 08:00,595.05,,18,2026-04-04,2026-04-03 20:57:32,21
淮河,河南,马兰河,玉马,04-01 08:00,440.67,,19,2026-04-04,2026-04-03 20:57:32,21
长江,陕西,观音河,观音河,04-04 08:00,462.96,,20,2026-04-04,2026-04-03 20:57:32,21
长江,湖北,夏家河,夏家寺,04-04 08:00,48.02,0.01,21,2026-04-04,2026-04-03 20:57:32,21
长江,湖北,泊漠河,泥河,12-24 08:00,45.64,,22,2026-04-04,2026-04-03 20:57:32,21
淮河,河南,贾鲁河,尖岗,04-01 08:00,146.11,,23,2026-04-04,2026-04-03 20:57:32,21
黄河,陕西,石头河,石头河,04-01 08:00,782,,24,2026-04-04,2026-04-03 20:57:32,21
淮河,河南,泼陂河,泼河,04-04 08:00,77.33,-0.01,5,2026-04-04,2026-04-03 20:57:32,22
黄河,陕西,榆溪河,红石峡库,04-01 08:00,1088.01,,6,2026-04-04,2026-04-03 20:57:32,22
黄河,陕西,千河,段家峡,04-01 08:00,1081.94,,7,2026-04-04,2026-04-03 20:57:32,22
黄河,陕西,千河,王家崖,04-01 08:00,601.73,,8,2026-04-04,2026-04-03 20:57:32,22
黄河,山东,玉符河,卧虎山水库,04-01 08:00,128.53,,9,2026-04-04,2026-04-03 20:57:32,22
淮河,山东,潍河,墙齐水库（东库）,04-01 08:00,98.31,,10,2026-04-04,2026-04-03 20:57:32,22
淮河,山东,汶河,牟山水库,04-01 08:00,75.82,,11,2026-04-04,2026-04-03 20:57:32,22
淮河,山东,黄水河,王屋水库,04-01 08:00,71.64,,12,2026-04-04,2026-04-03 20:57:32,22
淮河,河南,十字江,王堂,04-01 08:00,97.08,,13,2026-04-04,2026-04-03 20:57:32,22
淮河,河南,泼陂河,长洲河,04-01 08:00,155.84,,14,2026-04-04,2026-04-03 20:57:32,22
淮河,河南,象河,霍庄,04-01 08:00,108.53,,15,2026-04-04,2026-04-03 20:57:32,22
淮河,河南,陶家河,铁佛寺,04-01 08:00,101.21,,16,2026-04-04,2026-04-03 20:57:32,22
淮河,山东,沂河,跋山水库,04-01 08:00,176.23,,17,2026-04-04,2026-04-03 20:57:32,22
淮河,山东,西皋河,昌里水库,04-01 08:00,192.65,,18,2026-04-04,2026-04-03 20:57:32,22
淮河,山东,袁公河,小仕阳水库,04-01 08:00,152.12,,19,2026-04-04,2026-04-03 20:57:32,22
淮河,山东,大沙河,西苇水库,04-01 08:00,103.34,,20,2026-04-04,2026-04-03 20:57:32,22
长江,河南,梁河,三山,04-01 08:00,191.04,,21,2026-04-04,2026-04-03 20:57:32,22
长江,陕西,旬河,钟家坪,04-04 08:00,246.2,,23,2026-04-04,2026-04-03 20:57:32,22
