reservoir_id,reservoir_name,reservoir_name_en,country,admin_unit,river,basin,lat,lon,capacity_total (unit not published),dead_storage (unit not published),frl (m),dam_height (m),year_built,main_use,source_agency,source_url,data_type,last_updated
494,白盆珠,,China,广东,西枝江,珠江,,,,,,,,,MWR,http://xxfb.mwr.cn/sq_dxsk.html?v=1.0,in_situ,2026-09-21 18:14:14
495,上板桥,,China,广东,二渡河,珠江,,,,,,,,,MWR,http://xxfb.mwr.cn/sq_dxsk.html?v=1.0,in_situ,2026-09-21 18:14:14
496,七礤水库,,China,广东,东江,珠江,,,,,,,,,MWR,http://xxfb.mwr.cn/sq_dxsk.html?v=1.0,in_situ,2026-09-21 18:14:14
497,红花湖,,China,广东,东江,珠江,,,,,,,,,MWR,http://xxfb.mwr.cn/sq_dxsk.html?v=1.0,in_situ,2026-09-21 18:14:14
498,同沙,,China,广东,黄沙水,珠江,,,,,,,,,MWR,http://xxfb.mwr.cn/sq_dxsk.html?v=1.0,in_situ,2026-09-21 18:14:14
499,鸡心石,,China,广东,横岭水,珠江,,,,,,,,,MWR,http://xxfb.mwr.cn/sq_dxsk.html?v=1.0,in_situ,2026-09-21 18:14:14
500,稿树下,,China,广东,稿树下水,珠江,,,,,,,,,MWR,http://xxfb.mwr.cn/sq_dxsk.html?v=1.0,in_situ,2026-09-21 18:14:14
501,联和,,China,广东,里波水,珠江,,,,,,,,,MWR,http://xxfb.mwr.cn/sq_dxsk.html?v=1.0,in_situ,2026-09-21 18:14:14
502,天堂山,,China,广东,增江,珠江,,,,,,,,,MWR,http://xxfb.mwr.cn/sq_dxsk.html?v=1.0,in_situ,2026-09-21 18:14:14
503,流溪河,,China,广东,流溪河,流溪河,,,,,,,,,MWR,http://xxfb.mwr.cn/sq_dxsk.html?v=1.0,in_situ,2026-09-21 18:14:14
504,天湖,,China,广东,天湖水库水,流溪河,,,,,,,,,MWR,http://xxfb.mwr.cn/sq_dxsk.html?v=1.0,in_situ,2026-09-21 18:14:14
505,和龙,,China,广东,沙坑,流溪河,,,,,,,,,MWR,http://xxfb.mwr.cn/sq_dxsk.html?v=1.0,in_situ,2026-09-21 18:14:14
506,显岗,,China,广东,沙河,珠江,,,,,,,,,MWR,http://xxfb.mwr.cn/sq_dxsk.html?v=1.0,in_situ,2026-09-21 18:14:14
507,黄龙带,,China,广东,流溪河,流溪河,,,,,,,,,MWR,http://xxfb.mwr.cn/sq_dxsk.html?v=1.0,in_situ,2026-09-21 18:14:14
508,罗田,,China,广东,茅洲河,珠江,,,,,,,,,MWR,http://xxfb.mwr.cn/sq_dxsk.html?v=1.0,in_situ,2026-09-21 18:14:14
509,铁岗,,China,广东,西乡水,珠江,,,,,,,,,MWR,http://xxfb.mwr.cn/sq_dxsk.html?v=1.0,in_situ,2026-09-21 18:14:14
510,西沥,,China,广东,南头河,珠江,,,,,,,,,MWR,http://xxfb.mwr.cn/sq_dxsk.html?v=1.0,in_situ,2026-09-21 18:14:14
511,深圳,,China,广东,深圳水,珠江,,,,,,,,,MWR,http://xxfb.mwr.cn/sq_dxsk.html?v=1.0,in_situ,2026-09-21 18:14:14
512,梅林,,China,广东,新洲河,珠江,,,,,,,,,MWR,http://xxfb.mwr.cn/sq_dxsk.html?v=1.0,in_situ,2026-09-21 18:14:14
513,松子坑,,China,广东,龙岗河,珠江,,,,,,,,,MWR,http://xxfb.mwr.cn/sq_dxsk.html?v=1.0,in_situ,2026-09-21 18:14:14
514,宝鸭仔,,China,广东,莲塘水,珠江,,,,,,,,,MWR,http://xxfb.mwr.cn/sq_dxsk.html?v=1.0,in_situ,2026-09-21 18:14:14
515,四堡,,China,广东,沙坪水,珠江,,,,,,,,,MWR,http://xxfb.mwr.cn/sq_dxsk.html?v=1.0,in_situ,2026-09-21 18:14:14
516,长江,,China,广东,小隐涌,珠江,,,,,,,,,MWR,http://xxfb.mwr.cn/sq_dxsk.html?v=1.0,in_situ,2026-09-21 18:14:14
517,锦江,,China,广东,潭江,珠江,,,,,,,,,MWR,http://xxfb.mwr.cn/sq_dxsk.html?v=1.0,in_situ,2026-09-21 18:14:14
518,大沙河,,China,广东,鹤洲水,珠江,,,,,,,,,MWR,http://xxfb.mwr.cn/sq_dxsk.html?v=1.0,in_situ,2026-09-21 18:14:14
519,镇海,,China,广东,镇海水,珠江,,,,,,,,,MWR,http://xxfb.mwr.cn/sq_dxsk.html?v=1.0,in_situ,2026-09-21 18:14:14
520,大镜山,,China,广东,大镜山溪,珠江,,,,,,,,,MWR,http://xxfb.mwr.cn/sq_dxsk.html?v=1.0,in_situ,2026-09-21 18:14:14
521,益塘,,China,广东,五华河,韩江,,,,,,,,,MWR,http://xxfb.mwr.cn/sq_dxsk.html?v=1.0,in_situ,2026-09-21 18:14:14
522,和山岩,,China,广东,和山河,韩江,,,,,,,,,MWR,http://xxfb.mwr.cn/sq_dxsk.html?v=1.0,in_situ,2026-09-21 18:14:14
524,棉花滩水库,,China,福建,汀江,韩江,,,,,,,,,MWR,http://xxfb.mwr.cn/sq_dxsk.html?v=1.0,in_situ,2026-09-21 18:14:14
525,青溪,,China,广东,汀江,韩江,,,,,,,,,MWR,http://xxfb.mwr.cn/sq_dxsk.html?v=1.0,in_situ,2026-09-21 18:14:14
526,梅西,,China,广东,程江,韩江,,,,,,,,,MWR,http://xxfb.mwr.cn/sq_dxsk.html?v=1.0,in_situ,2026-09-21 18:14:14
527,凤溪,,China,广东,凤凰溪,韩江,,,,,,,,,MWR,http://xxfb.mwr.cn/sq_dxsk.html?v=1.0,in_situ,2026-09-21 18:14:14
529,龙颈（上）,,China,广东,五经富水,粤东沿海诸河,,,,,,,,,MWR,http://xxfb.mwr.cn/sq_dxsk.html?v=1.0,in_situ,2026-09-21 18:14:14
530,龙颈（下）,,China,广东,五经富水,粤东沿海诸河,,,,,,,,,MWR,http://xxfb.mwr.cn/sq_dxsk.html?v=1.0,in_situ,2026-09-21 18:14:14
531,小龙溪,,China,广东,小龙溪,粤东沿海诸河,,,,,,,,,MWR,http://xxfb.mwr.cn/sq_dxsk.html?v=1.0,in_situ,2026-09-21 18:14:14
532,龙溪一级,,China,广东,龙溪水,粤东沿海诸河,,,,,,,,,MWR,http://xxfb.mwr.cn/sq_dxsk.html?v=1.0,in_situ,2026-09-21 18:14:14
533,龙溪二级,,China,广东,龙溪水,粤东沿海诸河,,,,,,,,,MWR,http://xxfb.mwr.cn/sq_dxsk.html?v=1.0,in_situ,2026-09-21 18:14:14
534,红场,,China,广东,锣鼓水,粤东沿海诸河,,,,,,,,,MWR,http://xxfb.mwr.cn/sq_dxsk.html?v=1.0,in_situ,2026-09-21 18:14:14
535,上金溪,,China,广东,金溪河,粤东沿海诸河,,,,,,,,,MWR,http://xxfb.mwr.cn/sq_dxsk.html?v=1.0,in_situ,2026-09-21 18:14:14
536,上三坑,,China,广东,三坑溪,粤东沿海诸河,,,,,,,,,MWR,http://xxfb.mwr.cn/sq_dxsk.html?v=1.0,in_situ,2026-09-21 18:14:14
537,白沙溪,,China,广东,练江,粤东沿海诸河,,,,,,,,,MWR,http://xxfb.mwr.cn/sq_dxsk.html?v=1.0,in_situ,2026-09-21 18:14:14
538,镇北,,China,广东,雷岭河,粤东沿海诸河,,,,,,,,,MWR,http://xxfb.mwr.cn/sq_dxsk.html?v=1.0,in_situ,2026-09-21 18:14:14
539,蜈蚣岭,,China,广东,雷岭河,粤东沿海诸河,,,,,,,,,MWR,http://xxfb.mwr.cn/sq_dxsk.html?v=1.0,in_situ,2026-09-21 18:14:14
540,朝面山,,China,广东,黄江,粤东沿海诸河,,,,,,,,,MWR,http://xxfb.mwr.cn/sq_dxsk.html?v=1.0,in_situ,2026-09-21 18:14:14
541,横江,,China,广东,横江水,粤东沿海诸河,,,,,,,,,MWR,http://xxfb.mwr.cn/sq_dxsk.html?v=1.0,in_situ,2026-09-21 18:14:14
542,汤坑,,China,广东,练江,粤东沿海诸河,,,,,,,,,MWR,http://xxfb.mwr.cn/sq_dxsk.html?v=1.0,in_situ,2026-09-21 18:14:14
543,秋风岭,,China,广东,练江,粤东沿海诸河,,,,,,,,,MWR,http://xxfb.mwr.cn/sq_dxsk.html?v=1.0,in_situ,2026-09-21 18:14:14
544,龙潭,,China,广东,龙江,粤东沿海诸河,,,,,,,,,MWR,http://xxfb.mwr.cn/sq_dxsk.html?v=1.0,in_situ,2026-09-21 18:14:14
545,石榴潭,,China,广东,罗溪,粤东沿海诸河,,,,,,,,,MWR,http://xxfb.mwr.cn/sq_dxsk.html?v=1.0,in_situ,2026-09-21 18:14:14
547,公平,,China,广东,黄江,粤东沿海诸河,,,,,,,,,MWR,http://xxfb.mwr.cn/sq_dxsk.html?v=1.0,in_situ,2026-09-21 18:14:14
548,黄山洞,,China,广东,大液河,粤东沿海诸河,,,,,,,,,MWR,http://xxfb.mwr.cn/sq_dxsk.html?v=1.0,in_situ,2026-09-21 18:14:14
549,新西河,,China,广东,新西河,粤东沿海诸河,,,,,,,,,MWR,http://xxfb.mwr.cn/sq_dxsk.html?v=1.0,in_situ,2026-09-21 18:14:14
550,大隆洞,,China,广东,大隆洞河,珠江,,,,,,,,,MWR,http://xxfb.mwr.cn/sq_dxsk.html?v=1.0,in_situ,2026-09-21 18:14:14
552,高城,,China,广东,小水河,鉴江,,,,,,,,,MWR,http://xxfb.mwr.cn/sq_dxsk.html?v=1.0,in_situ,2026-09-21 18:14:14
553,尚文,,China,广东,六雅河,鉴江,,,,,,,,,MWR,http://xxfb.mwr.cn/sq_dxsk.html?v=1.0,in_situ,2026-09-21 18:14:14
554,良德水库（大坝）,,China,广东,大井河,鉴江,,,,,,,,,MWR,http://xxfb.mwr.cn/sq_dxsk.html?v=1.0,in_situ,2026-09-21 18:14:14
555,罗坑,,China,广东,庙背水,鉴江,,,,,,,,,MWR,http://xxfb.mwr.cn/sq_dxsk.html?v=1.0,in_situ,2026-09-21 18:14:14
556,黄沙,,China,广东,袂花江,鉴江,,,,,,,,,MWR,http://xxfb.mwr.cn/sq_dxsk.html?v=1.0,in_situ,2026-09-21 18:14:14
557,西湖,,China,广东,东运河,粤西沿海诸河,,,,,,,,,MWR,http://xxfb.mwr.cn/sq_dxsk.html?v=1.0,in_situ,2026-09-21 18:14:14
558,龙门,,China,广东,龙门河,粤西沿海诸河,,,,,,,,,MWR,http://xxfb.mwr.cn/sq_dxsk.html?v=1.0,in_situ,2026-09-21 18:14:14
559,大水桥,,China,广东,大水桥河,粤西沿海诸河,,,,,,,,,MWR,http://xxfb.mwr.cn/sq_dxsk.html?v=1.0,in_situ,2026-09-21 18:14:14
560,鹤地水库（大坝）,,China,广东,九洲江,粤西沿海诸河,,,,,,,,,MWR,http://xxfb.mwr.cn/sq_dxsk.html?v=1.0,in_situ,2026-09-21 18:14:14
561,武陵,,China,广东,武陵河,粤西沿海诸河,,,,,,,,,MWR,http://xxfb.mwr.cn/sq_dxsk.html?v=1.0,in_situ,2026-09-21 18:14:14
562,岭背下,,China,广东,沙铲河,粤西沿海诸河,,,,,,,,,MWR,http://xxfb.mwr.cn/sq_dxsk.html?v=1.0,in_situ,2026-09-21 18:14:14
563,仙人域,,China,广东,沙铲河,粤西沿海诸河,,,,,,,,,MWR,http://xxfb.mwr.cn/sq_dxsk.html?v=1.0,in_situ,2026-09-21 18:14:14
564,北河,,China,广东,漠阳江,珠江,,,,,,,,,MWR,http://xxfb.mwr.cn/sq_dxsk.html?v=1.0,in_situ,2026-09-21 18:14:14
565,东湖,,China,广东,那龙河,珠江,,,,,,,,,MWR,http://xxfb.mwr.cn/sq_dxsk.html?v=1.0,in_situ,2026-09-21 18:14:14
566,茅垌,,China,广东,洋边河,珠江,,,,,,,,,MWR,http://xxfb.mwr.cn/sq_dxsk.html?v=1.0,in_situ,2026-09-21 18:14:14
567,陂底,,China,广东,儒洞河,珠江,,,,,,,,,MWR,http://xxfb.mwr.cn/sq_dxsk.html?v=1.0,in_situ,2026-09-21 18:14:14
568,松涛水库（南丰）,,China,海南,南渡江,南渡江,,,,,,,,,MWR,http://xxfb.mwr.cn/sq_dxsk.html?v=1.0,in_situ,2026-09-21 18:14:14
569,牛路岭水库,,China,海南,万泉河,万泉河,,,,,,,,,MWR,http://xxfb.mwr.cn/sq_dxsk.html?v=1.0,in_situ,2026-09-21 18:14:14
570,万宁水库（大坝）,,China,海南,太阳河,太阳河,,,,,,,,,MWR,http://xxfb.mwr.cn/sq_dxsk.html?v=1.0,in_situ,2026-09-21 18:14:14
571,赤田水库,,China,海南,藤桥西河,藤桥河,,,,,,,,,MWR,http://xxfb.mwr.cn/sq_dxsk.html?v=1.0,in_situ,2026-09-21 18:14:14
572,福万水库,,China,海南,三亚河,三亚河,,,,,,,,,MWR,http://xxfb.mwr.cn/sq_dxsk.html?v=1.0,in_situ,2026-09-21 18:14:14
573,半岭水库,,China,海南,三亚河,三亚河,,,,,,,,,MWR,http://xxfb.mwr.cn/sq_dxsk.html?v=1.0,in_situ,2026-09-21 18:14:14
574,水源池水库,,China,海南,三亚河,三亚河,,,,,,,,,MWR,http://xxfb.mwr.cn/sq_dxsk.html?v=1.0,in_situ,2026-09-21 18:14:14
575,抱古水库,,China,海南,宁远河,宁远河,,,,,,,,,MWR,http://xxfb.mwr.cn/sq_dxsk.html?v=1.0,in_situ,2026-09-21 18:14:14
576,大隆水库,,China,海南,宁远河,宁远河,,,,,,,,,MWR,http://xxfb.mwr.cn/sq_dxsk.html?v=1.0,in_situ,2026-09-21 18:14:14
577,长茅水库,,China,海南,望楼河,望楼河,,,,,,,,,MWR,http://xxfb.mwr.cn/sq_dxsk.html?v=1.0,in_situ,2026-09-21 18:14:14
578,石门水库,,China,海南,望楼河,望楼河,,,,,,,,,MWR,http://xxfb.mwr.cn/sq_dxsk.html?v=1.0,in_situ,2026-09-21 18:14:14
579,高坡岭水库,,China,海南,罗带河,罗带河,,,,,,,,,MWR,http://xxfb.mwr.cn/sq_dxsk.html?v=1.0,in_situ,2026-09-21 18:14:14
580,大广坝水库,,China,海南,昌化江,昌化江,,,,,,,,,MWR,http://xxfb.mwr.cn/sq_dxsk.html?v=1.0,in_situ,2026-09-21 18:14:14
581,石碌水库,,China,海南,石碌河,昌化江,,,,,,,,,MWR,http://xxfb.mwr.cn/sq_dxsk.html?v=1.0,in_situ,2026-09-21 18:14:14
441,亭下水库,,China,浙江,剡江,浙闽台河流,,,,,,,,,MWR,http://xxfb.mwr.cn/sq_dxsk.html?v=1.0,in_situ,2026-09-21 18:14:14
234,马河水库,,China,山东,北沙河,淮河,,,,,,,,,MWR,http://xxfb.mwr.cn/sq_dxsk.html?v=1.0,in_situ,2026-09-21 18:14:14
236,周村水库,,China,山东,西加河,淮河,,,,,,,,,MWR,http://xxfb.mwr.cn/sq_dxsk.html?v=1.0,in_situ,2026-09-21 18:14:14
29,宿鸭湖,,China,河南,汝河,淮河,,,,,,,,,MWR,http://xxfb.mwr.cn/sq_dxsk.html?v=1.0,in_situ,2026-09-21 18:14:14
60,瓦房城水库,,China,甘肃,大堵马河,内陆河,,,,,,,,,MWR,http://xxfb.mwr.cn/sq_dxsk.html?v=1.0,in_situ,2026-09-21 18:14:14
103,东武仕水库（坝上）,,China,河北,滏阳河,海河,,,,,,,,,MWR,http://xxfb.mwr.cn/sq_dxsk.html?v=1.0,in_situ,2026-09-21 18:14:14
110,石门水库,,China,河南,石门河,海河,,,,,,,,,MWR,http://xxfb.mwr.cn/sq_dxsk.html?v=1.0,in_situ,2026-09-21 18:14:14
112,塔岗,,China,河南,沧河,海河,,,,,,,,,MWR,http://xxfb.mwr.cn/sq_dxsk.html?v=1.0,in_situ,2026-09-21 18:14:14
118,彰武,,China,河南,安阳河,海河,,,,,,,,,MWR,http://xxfb.mwr.cn/sq_dxsk.html?v=1.0,in_situ,2026-09-21 18:14:14
132,大南川,,China,青海,大南川河,黄河,,,,,,,,,MWR,http://xxfb.mwr.cn/sq_dxsk.html?v=1.0,in_situ,2026-09-21 18:14:14
1,白山,,China,吉林,松花江吉林段,松花江流域,,,,,,,,,MWR,http://xxfb.mwr.cn/sq_dxsk.html?v=1.0,in_situ,2026-09-21 18:14:14
3,尼尔基坝上,,China,黑龙江,嫩江,黑龙江流域,,,,,,,,,MWR,http://xxfb.mwr.cn/sq_dxsk.html?v=1.0,in_situ,2026-09-21 18:14:14
4,察尔森上,,China,内蒙古,洮儿河,黑龙江流域,,,,,,,,,MWR,http://xxfb.mwr.cn/sq_dxsk.html?v=1.0,in_situ,2026-09-21 18:14:14
5,月亮湖,,China,吉林,洮儿河,嫩江,,,,,,,,,MWR,http://xxfb.mwr.cn/sq_dxsk.html?v=1.0,in_situ,2026-09-21 18:14:14
6,二龙山,,China,吉林,东辽河,辽河,,,,,,,,,MWR,http://xxfb.mwr.cn/sq_dxsk.html?v=1.0,in_situ,2026-09-21 18:14:14
7,柴河水库,,China,辽宁,柴河,辽河,,,,,,,,,MWR,http://xxfb.mwr.cn/sq_dxsk.html?v=1.0,in_situ,2026-09-21 18:14:14
8,清河水库,,China,辽宁,清河,辽河,,,,,,,,,MWR,http://xxfb.mwr.cn/sq_dxsk.html?v=1.0,in_situ,2026-09-21 18:14:14
9,闹德海,,China,辽宁,柳河,辽河,,,,,,,,,MWR,http://xxfb.mwr.cn/sq_dxsk.html?v=1.0,in_situ,2026-09-21 18:14:14
10,大伙房水库,,China,辽宁,浑河,辽河,,,,,,,,,MWR,http://xxfb.mwr.cn/sq_dxsk.html?v=1.0,in_situ,2026-09-21 18:14:14
11,观音阁水库,,China,辽宁,太子河,辽河,,,,,,,,,MWR,http://xxfb.mwr.cn/sq_dxsk.html?v=1.0,in_situ,2026-09-21 18:14:14
12,参窝水库,,China,辽宁,太子河,辽河,,,,,,,,,MWR,http://xxfb.mwr.cn/sq_dxsk.html?v=1.0,in_situ,2026-09-21 18:14:14
13,潘家口,,China,海委,滦河,海河流域,,,,,,,,,MWR,http://xxfb.mwr.cn/sq_dxsk.html?v=1.0,in_situ,2026-09-21 18:14:14
14,大黑汀,,China,海委,滦河,海河流域,,,,,,,,,MWR,http://xxfb.mwr.cn/sq_dxsk.html?v=1.0,in_situ,2026-09-21 18:14:14
15,桃林口水库,,China,河北,青龙河,海河,,,,,,,,,MWR,http://xxfb.mwr.cn/sq_dxsk.html?v=1.0,in_situ,2026-09-21 18:14:14
16,新安,,China,河北,白洋淀,海河,,,,,,,,,MWR,http://xxfb.mwr.cn/sq_dxsk.html?v=1.0,in_situ,2026-09-21 18:14:14
17,端村,,China,河北,白洋淀,海河,,,,,,,,,MWR,http://xxfb.mwr.cn/sq_dxsk.html?v=1.0,in_situ,2026-09-21 18:14:14
18,王家寨,,China,河北,白洋淀,海河,,,,,,,,,MWR,http://xxfb.mwr.cn/sq_dxsk.html?v=1.0,in_situ,2026-09-21 18:14:14
19,密云白河坝上,,China,北京,白河,海河,,,,,,,,,MWR,http://xxfb.mwr.cn/sq_dxsk.html?v=1.0,in_situ,2026-09-21 18:14:14
20,官厅水库,,China,北京,永定河,海河,,,,,,,,,MWR,http://xxfb.mwr.cn/sq_dxsk.html?v=1.0,in_situ,2026-09-21 18:14:14
21,十方院（白）（堰上）,,China,河北,白洋淀,海河,,,,,,,,,MWR,http://xxfb.mwr.cn/sq_dxsk.html?v=1.0,in_situ,2026-09-21 18:14:14
22,岗南水库（坝上）,,China,河北,滹沱河,海河,,,,,,,,,MWR,http://xxfb.mwr.cn/sq_dxsk.html?v=1.0,in_situ,2026-09-21 18:14:14
23,黄壁庄水库（坝上）,,China,河北,滹沱河,海河,,,,,,,,,MWR,http://xxfb.mwr.cn/sq_dxsk.html?v=1.0,in_situ,2026-09-21 18:14:14
24,岳城水库（坝上）,,China,海委,漳河,海河流域,,,,,,,,,MWR,http://xxfb.mwr.cn/sq_dxsk.html?v=1.0,in_situ,2026-09-21 18:14:14
25,小浪底水库,,China,河南,黄河,黄河,,,,,,,,,MWR,http://xxfb.mwr.cn/sq_dxsk.html?v=1.0,in_situ,2026-09-21 18:14:14
26,安丰塘,,China,安徽,淠东干渠,淮河,,,,,,,,,MWR,http://xxfb.mwr.cn/sq_dxsk.html?v=1.0,in_situ,2026-09-21 18:14:14
27,南湾,,China,河南,浉河,淮河,,,,,,,,,MWR,http://xxfb.mwr.cn/sq_dxsk.html?v=1.0,in_situ,2026-09-21 18:14:14
28,板桥,,China,河南,汝河,淮河,,,,,,,,,MWR,http://xxfb.mwr.cn/sq_dxsk.html?v=1.0,in_situ,2026-09-21 18:14:14
30,鲇鱼山,,China,河南,灌河,淮河,,,,,,,,,MWR,http://xxfb.mwr.cn/sq_dxsk.html?v=1.0,in_situ,2026-09-21 18:14:14
31,昭平台,,China,河南,沙河,淮河,,,,,,,,,MWR,http://xxfb.mwr.cn/sq_dxsk.html?v=1.0,in_situ,2026-09-21 18:14:14
32,白泽山,,China,河南,沙河,淮河,,,,,,,,,MWR,http://xxfb.mwr.cn/sq_dxsk.html?v=1.0,in_situ,2026-09-21 18:14:14
33,洪泽湖,,China,江苏,洪泽湖,淮河,,,,,,,,,MWR,http://xxfb.mwr.cn/sq_dxsk.html?v=1.0,in_situ,2026-09-21 18:14:14
34,骆马湖水库,,China,江苏,骆马湖,淮河,,,,,,,,,MWR,http://xxfb.mwr.cn/sq_dxsk.html?v=1.0,in_situ,2026-09-21 18:14:14
35,石梁河水库,,China,江苏,新沭河,淮河,,,,,,,,,MWR,http://xxfb.mwr.cn/sq_dxsk.html?v=1.0,in_situ,2026-09-21 18:14:14
36,三峡,,China,湖北,长江,长江,,,,,,,,,MWR,http://xxfb.mwr.cn/sq_dxsk.html?v=1.0,in_situ,2026-09-21 18:14:14
37,寺坪,,China,湖北,南河,长江,,,,,,,,,MWR,http://xxfb.mwr.cn/sq_dxsk.html?v=1.0,in_situ,2026-09-21 18:14:14
38,马桥,,China,湖北,粉青河,长江,,,,,,,,,MWR,http://xxfb.mwr.cn/sq_dxsk.html?v=1.0,in_situ,2026-09-21 18:14:14
39,黑清河,,China,湖北,黑清河,长江,,,,,,,,,MWR,http://xxfb.mwr.cn/sq_dxsk.html?v=1.0,in_situ,2026-09-21 18:14:14
40,柘溪,,China,湖南,资水,长江,,,,,,,,,MWR,http://xxfb.mwr.cn/sq_dxsk.html?v=1.0,in_situ,2026-09-21 18:14:14
41,五强溪,,China,湖南,沅水,长江,,,,,,,,,MWR,http://xxfb.mwr.cn/sq_dxsk.html?v=1.0,in_situ,2026-09-21 18:14:14
42,凤滩,,China,湖南,酉水,长江,,,,,,,,,MWR,http://xxfb.mwr.cn/sq_dxsk.html?v=1.0,in_situ,2026-09-21 18:14:14
43,江坪,,China,湖南,溇水,长江,,,,,,,,,MWR,http://xxfb.mwr.cn/sq_dxsk.html?v=1.0,in_situ,2026-09-21 18:14:14
44,富水,,China,湖北,富水,长江,,,,,,,,,MWR,http://xxfb.mwr.cn/sq_dxsk.html?v=1.0,in_situ,2026-09-21 18:14:14
45,白莲河,,China,湖北,浠水,长江,,,,,,,,,MWR,http://xxfb.mwr.cn/sq_dxsk.html?v=1.0,in_situ,2026-09-21 18:14:14
46,陆水水库,,China,湖北,陆水,长江,,,,,,,,,MWR,http://xxfb.mwr.cn/sq_dxsk.html?v=1.0,in_situ,2026-09-21 18:14:14
47,石泉,,China,陕西,汉江,长江,,,,,,,,,MWR,http://xxfb.mwr.cn/sq_dxsk.html?v=1.0,in_situ,2026-09-21 18:14:14
48,安康库,,China,陕西,汉江,长江,,,,,,,,,MWR,http://xxfb.mwr.cn/sq_dxsk.html?v=1.0,in_situ,2026-09-21 18:14:14
49,丹江口水库,,China,湖北,汉江,长江,,,,,,,,,MWR,http://xxfb.mwr.cn/sq_dxsk.html?v=1.0,in_situ,2026-09-21 18:14:14
50,万安水库,,China,江西,赣江,长江流域,,,,,,,,,MWR,http://xxfb.mwr.cn/sq_dxsk.html?v=1.0,in_situ,2026-09-21 18:14:14
51,廖坊,,China,江西,抚河,长江流域,,,,,,,,,MWR,http://xxfb.mwr.cn/sq_dxsk.html?v=1.0,in_situ,2026-09-21 18:14:14
52,柘林,,China,江西,修河,长江,,,,,,,,,MWR,http://xxfb.mwr.cn/sq_dxsk.html?v=1.0,in_situ,2026-09-21 18:14:14
53,黑石山,,China,青海,巴音河,内陆,,,,,,,,,MWR,http://xxfb.mwr.cn/sq_dxsk.html?v=1.0,in_situ,2026-09-21 18:14:14
54,温泉,,China,青海,雪水河,内陆河,,,,,,,,,MWR,http://xxfb.mwr.cn/sq_dxsk.html?v=1.0,in_situ,2026-09-21 18:14:14
55,双塔堡水库（坝上）,,China,甘肃,马勒河,内陆河,,,,,,,,,MWR,http://xxfb.mwr.cn/sq_dxsk.html?v=1.0,in_situ,2026-09-21 18:14:14
56,党河水库（坝上）,,China,甘肃,党河,内陆河,,,,,,,,,MWR,http://xxfb.mwr.cn/sq_dxsk.html?v=1.0,in_situ,2026-09-21 18:14:14
57,李桥水库（坝上）,,China,甘肃,马营河,内陆河,,,,,,,,,MWR,http://xxfb.mwr.cn/sq_dxsk.html?v=1.0,in_situ,2026-09-21 18:14:14
59,双树寺水库,,China,甘肃,洪水河,内陆河,,,,,,,,,MWR,http://xxfb.mwr.cn/sq_dxsk.html?v=1.0,in_situ,2026-09-21 18:14:14
61,鸳鸯池水库（坝上）,,China,甘肃,讨赖河,内陆河,,,,,,,,,MWR,http://xxfb.mwr.cn/sq_dxsk.html?v=1.0,in_situ,2026-09-21 18:14:14
62,红崖山水库（坝上）,,China,甘肃,石羊河,内陆河,,,,,,,,,MWR,http://xxfb.mwr.cn/sq_dxsk.html?v=1.0,in_situ,2026-09-21 18:14:14
63,水口水库,,China,福建,闽江,闽江,,,,,,,,,MWR,http://xxfb.mwr.cn/sq_dxsk.html?v=1.0,in_situ,2026-09-21 18:14:14
65,庙宫水库,,China,河北,伊逊河,海河,,,,,,,,,MWR,http://xxfb.mwr.cn/sq_dxsk.html?v=1.0,in_situ,2026-09-21 18:14:14
67,洋河水库,,China,河北,洋河,海河,,,,,,,,,MWR,http://xxfb.mwr.cn/sq_dxsk.html?v=1.0,in_situ,2026-09-21 18:14:14
68,陡河水库（坝上）,,China,河北,陡河,海河,,,,,,,,,MWR,http://xxfb.mwr.cn/sq_dxsk.html?v=1.0,in_situ,2026-09-21 18:14:14
69,黄白桥上,,China,天津,潮白新河,海河,,,,,,,,,MWR,http://xxfb.mwr.cn/sq_dxsk.html?v=1.0,in_situ,2026-09-21 18:14:14
70,宁车沽上,,China,天津,潮白新河,海河,,,,,,,,,MWR,http://xxfb.mwr.cn/sq_dxsk.html?v=1.0,in_situ,2026-09-21 18:14:14
71,云州水库（坝上）,,China,河北,白河,海河,,,,,,,,,MWR,http://xxfb.mwr.cn/sq_dxsk.html?v=1.0,in_situ,2026-09-21 18:14:14
72,白河堡,,China,北京,白河,海河,,,,,,,,,MWR,http://xxfb.mwr.cn/sq_dxsk.html?v=1.0,in_situ,2026-09-21 18:14:14
73,半城子水库,,China,北京,忙牛河,海河,,,,,,,,,MWR,http://xxfb.mwr.cn/sq_dxsk.html?v=1.0,in_situ,2026-09-21 18:14:14
75,遥桥峪水库,,China,北京,安达木河,海河,,,,,,,,,MWR,http://xxfb.mwr.cn/sq_dxsk.html?v=1.0,in_situ,2026-09-21 18:14:14
76,沙厂水库,,China,北京,红门川,海河,,,,,,,,,MWR,http://xxfb.mwr.cn/sq_dxsk.html?v=1.0,in_situ,2026-09-21 18:14:14
77,怀柔水库,,China,北京,怀河,海河,,,,,,,,,MWR,http://xxfb.mwr.cn/sq_dxsk.html?v=1.0,in_situ,2026-09-21 18:14:14
78,北台上水库,,China,北京,雁栖河,海河,,,,,,,,,MWR,http://xxfb.mwr.cn/sq_dxsk.html?v=1.0,in_situ,2026-09-21 18:14:14
79,大水峪水库,,China,北京,沙河,海河,,,,,,,,,MWR,http://xxfb.mwr.cn/sq_dxsk.html?v=1.0,in_situ,2026-09-21 18:14:14
80,海子水库,,China,北京,泃河,海河,,,,,,,,,MWR,http://xxfb.mwr.cn/sq_dxsk.html?v=1.0,in_situ,2026-09-21 18:14:14
81,黄松峪水库,,China,北京,泃河,海河,,,,,,,,,MWR,http://xxfb.mwr.cn/sq_dxsk.html?v=1.0,in_situ,2026-09-21 18:14:14
82,西峪水库,,China,北京,泃河,海河,,,,,,,,,MWR,http://xxfb.mwr.cn/sq_dxsk.html?v=1.0,in_situ,2026-09-21 18:14:14
83,于桥坝上,,China,天津,州河,海河,,,,,,,,,MWR,http://xxfb.mwr.cn/sq_dxsk.html?v=1.0,in_situ,2026-09-21 18:14:14
84,邱庄水库（坝上）,,China,河北,还乡河,海河,,,,,,,,,MWR,http://xxfb.mwr.cn/sq_dxsk.html?v=1.0,in_situ,2026-09-21 18:14:14
86,十三陵水库,,China,北京,温榆河,海河,,,,,,,,,MWR,http://xxfb.mwr.cn/sq_dxsk.html?v=1.0,in_situ,2026-09-21 18:14:14
87,十三陵水库上池,,China,北京,东沙河,海河,,,,,,,,,MWR,http://xxfb.mwr.cn/sq_dxsk.html?v=1.0,in_situ,2026-09-21 18:14:14
88,桃峪口水库,,China,北京,温榆河,海河,,,,,,,,,MWR,http://xxfb.mwr.cn/sq_dxsk.html?v=1.0,in_situ,2026-09-21 18:14:14
89,大宁水库,,China,北京,小清河,海河,,,,,,,,,MWR,http://xxfb.mwr.cn/sq_dxsk.html?v=1.0,in_situ,2026-09-21 18:14:14
90,册田,,China,山西,桑干河,海河,,,,,,,,,MWR,http://xxfb.mwr.cn/sq_dxsk.html?v=1.0,in_situ,2026-09-21 18:14:14
91,斋堂水库,,China,北京,清水河,海河,,,,,,,,,MWR,http://xxfb.mwr.cn/sq_dxsk.html?v=1.0,in_situ,2026-09-21 18:14:14
92,安格庄水库,,China,河北,中易水,海河,,,,,,,,,MWR,http://xxfb.mwr.cn/sq_dxsk.html?v=1.0,in_situ,2026-09-21 18:14:14
93,旺隆,,China,河北,北易水,海河,,,,,,,,,MWR,http://xxfb.mwr.cn/sq_dxsk.html?v=1.0,in_situ,2026-09-21 18:14:14
94,马头,,China,河北,马头沟,海河,,,,,,,,,MWR,http://xxfb.mwr.cn/sq_dxsk.html?v=1.0,in_situ,2026-09-21 18:14:14
95,西累子,,China,河北,垒子河,海河,,,,,,,,,MWR,http://xxfb.mwr.cn/sq_dxsk.html?v=1.0,in_situ,2026-09-21 18:14:14
96,崇青水库,,China,北京,刺猬河,海河,,,,,,,,,MWR,http://xxfb.mwr.cn/sq_dxsk.html?v=1.0,in_situ,2026-09-21 18:14:14
97,横山岭水库（坝上）,,China,河北,磁河,海河,,,,,,,,,MWR,http://xxfb.mwr.cn/sq_dxsk.html?v=1.0,in_situ,2026-09-21 18:14:14
98,王快水库,,China,河北,沙河,海河,,,,,,,,,MWR,http://xxfb.mwr.cn/sq_dxsk.html?v=1.0,in_situ,2026-09-21 18:14:14
99,口头水库,,China,河北,郜河,海河,,,,,,,,,MWR,http://xxfb.mwr.cn/sq_dxsk.html?v=1.0,in_situ,2026-09-21 18:14:14
100,西大洋水库,,China,河北,唐河,海河,,,,,,,,,MWR,http://xxfb.mwr.cn/sq_dxsk.html?v=1.0,in_situ,2026-09-21 18:14:14
101,龙潭,,China,河北,界河,海河,,,,,,,,,MWR,http://xxfb.mwr.cn/sq_dxsk.html?v=1.0,in_situ,2026-09-21 18:14:14
102,龙门水库,,China,河北,漕河,海河,,,,,,,,,MWR,http://xxfb.mwr.cn/sq_dxsk.html?v=1.0,in_situ,2026-09-21 18:14:14
104,野沟门水库,,China,河北,沙河,海河,,,,,,,,,MWR,http://xxfb.mwr.cn/sq_dxsk.html?v=1.0,in_situ,2026-09-21 18:14:14
105,朱庄水库,,China,河北,沙河,海河,,,,,,,,,MWR,http://xxfb.mwr.cn/sq_dxsk.html?v=1.0,in_situ,2026-09-21 18:14:14
106,临城水库,,China,河北,泜河,海河,,,,,,,,,MWR,http://xxfb.mwr.cn/sq_dxsk.html?v=1.0,in_situ,2026-09-21 18:14:14
107,郭庄,,China,山西,松溪河,海河,,,,,,,,,MWR,http://xxfb.mwr.cn/sq_dxsk.html?v=1.0,in_situ,2026-09-21 18:14:14
108,团泊洼水库,,China,天津,团泊洼,海河,,,,,,,,,MWR,http://xxfb.mwr.cn/sq_dxsk.html?v=1.0,in_situ,2026-09-21 18:14:14
109,宝泉,,China,河南,卫河,海河,,,,,,,,,MWR,http://xxfb.mwr.cn/sq_dxsk.html?v=1.0,in_situ,2026-09-21 18:14:14
111,狮豹头,,China,河南,沧河,海河,,,,,,,,,MWR,http://xxfb.mwr.cn/sq_dxsk.html?v=1.0,in_situ,2026-09-21 18:14:14
114,弓上,,China,河南,浙河,海河,,,,,,,,,MWR,http://xxfb.mwr.cn/sq_dxsk.html?v=1.0,in_situ,2026-09-21 18:14:14
115,汤河,,China,河南,汤河,海河,,,,,,,,,MWR,http://xxfb.mwr.cn/sq_dxsk.html?v=1.0,in_situ,2026-09-21 18:14:14
116,琵琶寺,,China,河南,通河,海河,,,,,,,,,MWR,http://xxfb.mwr.cn/sq_dxsk.html?v=1.0,in_situ,2026-09-21 18:14:14
117,小南海,,China,河南,安阳河,海河,,,,,,,,,MWR,http://xxfb.mwr.cn/sq_dxsk.html?v=1.0,in_situ,2026-09-21 18:14:14
119,双泉,,China,河南,粉红江,海河,,,,,,,,,MWR,http://xxfb.mwr.cn/sq_dxsk.html?v=1.0,in_situ,2026-09-21 18:14:14
120,南谷洞,,China,河南,露水河,海河,,,,,,,,,MWR,http://xxfb.mwr.cn/sq_dxsk.html?v=1.0,in_situ,2026-09-21 18:14:14
121,漳泽水库,,China,山西,浊漳河南源,海河,,,,,,,,,MWR,http://xxfb.mwr.cn/sq_dxsk.html?v=1.0,in_situ,2026-09-21 18:14:14
123,关河水库,,China,山西,浊漳河北源,海河,,,,,,,,,MWR,http://xxfb.mwr.cn/sq_dxsk.html?v=1.0,in_situ,2026-09-21 18:14:14
124,石匣,,China,山西,清漳西源,海河,,,,,,,,,MWR,http://xxfb.mwr.cn/sq_dxsk.html?v=1.0,in_situ,2026-09-21 18:14:14
125,龙羊峡,,China,青海,黄河,黄河,,,,,,,,,MWR,http://xxfb.mwr.cn/sq_dxsk.html?v=1.0,in_situ,2026-09-21 18:14:14
126,刘家峡水库,,China,甘肃,黄河,黄河,,,,,,,,,MWR,http://xxfb.mwr.cn/sq_dxsk.html?v=1.0,in_situ,2026-09-21 18:14:14
127,青铜峡水库,,China,宁夏,黄河,黄河,,,,,,,,,MWR,http://xxfb.mwr.cn/sq_dxsk.html?v=1.0,in_situ,2026-09-21 18:14:14
128,万家寨上,,China,山西,黄河,黄河,,,,,,,,,MWR,http://xxfb.mwr.cn/sq_dxsk.html?v=1.0,in_situ,2026-09-21 18:14:14
129,天桥上,,China,山西,黄河,黄河,,,,,,,,,MWR,http://xxfb.mwr.cn/sq_dxsk.html?v=1.0,in_situ,2026-09-21 18:14:14
130,史家滩,,China,河南,黄河,黄河,,,,,,,,,MWR,http://xxfb.mwr.cn/sq_dxsk.html?v=1.0,in_situ,2026-09-21 18:14:14
131,东大滩,,China,青海,巴燕河,黄河,,,,,,,,,MWR,http://xxfb.mwr.cn/sq_dxsk.html?v=1.0,in_situ,2026-09-21 18:14:14
133,王瑶,,China,陕西,杏子河,黄河,,,,,,,,,MWR,http://xxfb.mwr.cn/sq_dxsk.html?v=1.0,in_situ,2026-09-21 18:14:14
134,猪头山,,China,陕西,西芦河,黄河,,,,,,,,,MWR,http://xxfb.mwr.cn/sq_dxsk.html?v=1.0,in_situ,2026-09-21 18:14:14
135,河口庙,,China,陕西,芦河,黄河,,,,,,,,,MWR,http://xxfb.mwr.cn/sq_dxsk.html?v=1.0,in_situ,2026-09-21 18:14:14
137,尤家卵,,China,陕西,榆溪河,黄河,,,,,,,,,MWR,http://xxfb.mwr.cn/sq_dxsk.html?v=1.0,in_situ,2026-09-21 18:14:14
138,薛峰,,China,陕西,居水,黄河,,,,,,,,,MWR,http://xxfb.mwr.cn/sq_dxsk.html?v=1.0,in_situ,2026-09-21 18:14:14
139,窄口,,China,河南,宏农涧河,黄河,,,,,,,,,MWR,http://xxfb.mwr.cn/sq_dxsk.html?v=1.0,in_situ,2026-09-21 18:14:14
140,汾河水库,,China,山西,汾河,黄河,,,,,,,,,MWR,http://xxfb.mwr.cn/sq_dxsk.html?v=1.0,in_situ,2026-09-21 18:14:14
141,文峪河水库,,China,山西,文峪河,黄河,,,,,,,,,MWR,http://xxfb.mwr.cn/sq_dxsk.html?v=1.0,in_situ,2026-09-21 18:14:14
143,冯家山,,China,陕西,千河,黄河,,,,,,,,,MWR,http://xxfb.mwr.cn/sq_dxsk.html?v=1.0,in_situ,2026-09-21 18:14:14
146,羊毛湾,,China,陕西,漆水河,黄河,,,,,,,,,MWR,http://xxfb.mwr.cn/sq_dxsk.html?v=1.0,in_situ,2026-09-21 18:14:14
147,金盆,,China,陕西,黑河,黄河,,,,,,,,,MWR,http://xxfb.mwr.cn/sq_dxsk.html?v=1.0,in_situ,2026-09-21 18:14:14
148,石砭峪,,China,陕西,石砭峪,黄河,,,,,,,,,MWR,http://xxfb.mwr.cn/sq_dxsk.html?v=1.0,in_situ,2026-09-21 18:14:14
149,桃曲坡,,China,陕西,沮河,黄河,,,,,,,,,MWR,http://xxfb.mwr.cn/sq_dxsk.html?v=1.0,in_situ,2026-09-21 18:14:14
150,沈河,,China,陕西,沈河,黄河,,,,,,,,,MWR,http://xxfb.mwr.cn/sq_dxsk.html?v=1.0,in_situ,2026-09-21 18:14:14
152,唐岗,,China,河南,枯河,黄河,,,,,,,,,MWR,http://xxfb.mwr.cn/sq_dxsk.html?v=1.0,in_situ,2026-09-21 18:14:14
153,白墙,,China,河南,漭河,黄河,,,,,,,,,MWR,http://xxfb.mwr.cn/sq_dxsk.html?v=1.0,in_situ,2026-09-21 18:14:14
155,东平湖老湖,,China,山东,东平湖,黄河,,,,,,,,,MWR,http://xxfb.mwr.cn/sq_dxsk.html?v=1.0,in_situ,2026-09-21 18:14:14
156,雪野水库,,China,山东,瀛汶河,黄河,,,,,,,,,MWR,http://xxfb.mwr.cn/sq_dxsk.html?v=1.0,in_situ,2026-09-21 18:14:14
157,黄前水库,,China,山东,石汶河,黄河,,,,,,,,,MWR,http://xxfb.mwr.cn/sq_dxsk.html?v=1.0,in_situ,2026-09-21 18:14:14
158,东周水库,,China,山东,大汶河南支,黄河,,,,,,,,,MWR,http://xxfb.mwr.cn/sq_dxsk.html?v=1.0,in_situ,2026-09-21 18:14:14
159,光明水库,,China,山东,光明河,黄河,,,,,,,,,MWR,http://xxfb.mwr.cn/sq_dxsk.html?v=1.0,in_situ,2026-09-21 18:14:14
160,陆浑坝上,,China,河南,伊河,黄河,,,,,,,,,MWR,http://xxfb.mwr.cn/sq_dxsk.html?v=1.0,in_situ,2026-09-21 18:14:14
161,青沟,,China,河南,焦家川,黄河,,,,,,,,,MWR,http://xxfb.mwr.cn/sq_dxsk.html?v=1.0,in_situ,2026-09-21 18:14:14
163,陶花店,,China,河南,刘涧河,黄河,,,,,,,,,MWR,http://xxfb.mwr.cn/sq_dxsk.html?v=1.0,in_situ,2026-09-21 18:14:14
164,故县水库,,China,河南,洛河,黄河,,,,,,,,,MWR,http://xxfb.mwr.cn/sq_dxsk.html?v=1.0,in_situ,2026-09-21 18:14:14
166,范店,,China,河南,甘水河,黄河,,,,,,,,,MWR,http://xxfb.mwr.cn/sq_dxsk.html?v=1.0,in_situ,2026-09-21 18:14:14
167,李村,,China,陕西,南洛河,黄河,,,,,,,,,MWR,http://xxfb.mwr.cn/sq_dxsk.html?v=1.0,in_situ,2026-09-21 18:14:14
168,寺河,,China,河南,陈宅河,黄河,,,,,,,,,MWR,http://xxfb.mwr.cn/sq_dxsk.html?v=1.0,in_situ,2026-09-21 18:14:14
169,青天河,,China,河南,丹河,黄河,,,,,,,,,MWR,http://xxfb.mwr.cn/sq_dxsk.html?v=1.0,in_situ,2026-09-21 18:14:14
170,太河水库,,China,山东,淄河,淮河,,,,,,,,,MWR,http://xxfb.mwr.cn/sq_dxsk.html?v=1.0,in_situ,2026-09-21 18:14:14
171,冶源水库,,China,山东,弥河,淮河,,,,,,,,,MWR,http://xxfb.mwr.cn/sq_dxsk.html?v=1.0,in_situ,2026-09-21 18:14:14
172,白浪河水库,,China,山东,白浪河,淮河,,,,,,,,,MWR,http://xxfb.mwr.cn/sq_dxsk.html?v=1.0,in_situ,2026-09-21 18:14:14
174,墙齐水库（西库）,,China,山东,潍河,淮河,,,,,,,,,MWR,http://xxfb.mwr.cn/sq_dxsk.html?v=1.0,in_situ,2026-09-21 18:14:14
176,高崖水库,,China,山东,汶河,淮河,,,,,,,,,MWR,http://xxfb.mwr.cn/sq_dxsk.html?v=1.0,in_situ,2026-09-21 18:14:14
178,产芝水库,,China,山东,大沽河,淮河,,,,,,,,,MWR,http://xxfb.mwr.cn/sq_dxsk.html?v=1.0,in_situ,2026-09-21 18:14:14
179,尹府水库,,China,山东,猪洞河,淮河,,,,,,,,,MWR,http://xxfb.mwr.cn/sq_dxsk.html?v=1.0,in_situ,2026-09-21 18:14:14
180,崂山水库,,China,山东,白沙河,淮河,,,,,,,,,MWR,http://xxfb.mwr.cn/sq_dxsk.html?v=1.0,in_situ,2026-09-21 18:14:14
182,门楼水库,,China,山东,清洋河,淮河,,,,,,,,,MWR,http://xxfb.mwr.cn/sq_dxsk.html?v=1.0,in_situ,2026-09-21 18:14:14
183,郭格庄水库,,China,山东,东母猪河,淮河,,,,,,,,,MWR,http://xxfb.mwr.cn/sq_dxsk.html?v=1.0,in_situ,2026-09-21 18:14:14
184,米山水库,,China,山东,母猪河,淮河,,,,,,,,,MWR,http://xxfb.mwr.cn/sq_dxsk.html?v=1.0,in_situ,2026-09-21 18:14:14
185,龙角山水库,,China,山东,乳山河,淮河,,,,,,,,,MWR,http://xxfb.mwr.cn/sq_dxsk.html?v=1.0,in_situ,2026-09-21 18:14:14
186,沐浴水库,,China,山东,蚬河,淮河,,,,,,,,,MWR,http://xxfb.mwr.cn/sq_dxsk.html?v=1.0,in_situ,2026-09-21 18:14:14
188,红石嘴,,China,河南,明河,淮河,,,,,,,,,MWR,http://xxfb.mwr.cn/sq_dxsk.html?v=1.0,in_situ,2026-09-21 18:14:14
189,石山口,,China,河南,小潢河,淮河,,,,,,,,,MWR,http://xxfb.mwr.cn/sq_dxsk.html?v=1.0,in_situ,2026-09-21 18:14:14
191,五岳,,China,河南,青龙河,淮河,,,,,,,,,MWR,http://xxfb.mwr.cn/sq_dxsk.html?v=1.0,in_situ,2026-09-21 18:14:14
192,香山,,China,河南,田铺河,淮河,,,,,,,,,MWR,http://xxfb.mwr.cn/sq_dxsk.html?v=1.0,in_situ,2026-09-21 18:14:14
195,花山,,China,湖北,界河,淮河,,,,,,,,,MWR,http://xxfb.mwr.cn/sq_dxsk.html?v=1.0,in_situ,2026-09-21 18:14:14
196,飞沙河,,China,湖北,界河,淮河,,,,,,,,,MWR,http://xxfb.mwr.cn/sq_dxsk.html?v=1.0,in_situ,2026-09-21 18:14:14
197,小龙山,,China,河南,小潢河,淮河,,,,,,,,,MWR,http://xxfb.mwr.cn/sq_dxsk.html?v=1.0,in_situ,2026-09-21 18:14:14
198,石漫滩,,China,河南,滚河,淮河,,,,,,,,,MWR,http://xxfb.mwr.cn/sq_dxsk.html?v=1.0,in_situ,2026-09-21 18:14:14
199,火石山,,China,河南,大沙河,淮河,,,,,,,,,MWR,http://xxfb.mwr.cn/sq_dxsk.html?v=1.0,in_situ,2026-09-21 18:14:14
201,老河,,China,河南,黄溪河,淮河,,,,,,,,,MWR,http://xxfb.mwr.cn/sq_dxsk.html?v=1.0,in_situ,2026-09-21 18:14:14
202,薄山,,China,河南,臻头河,淮河,,,,,,,,,MWR,http://xxfb.mwr.cn/sq_dxsk.html?v=1.0,in_situ,2026-09-21 18:14:14
203,梅山,,China,安徽,史河,淮河,,,,,,,,,MWR,http://xxfb.mwr.cn/sq_dxsk.html?v=1.0,in_situ,2026-09-21 18:14:14
205,白沙,,China,河南,颍河,淮河,,,,,,,,,MWR,http://xxfb.mwr.cn/sq_dxsk.html?v=1.0,in_situ,2026-09-21 18:14:14
206,澎河,,China,河南,澎河,淮河,,,,,,,,,MWR,http://xxfb.mwr.cn/sq_dxsk.html?v=1.0,in_situ,2026-09-21 18:14:14
208,孤石滩,,China,河南,澧河,淮河,,,,,,,,,MWR,http://xxfb.mwr.cn/sq_dxsk.html?v=1.0,in_situ,2026-09-21 18:14:14
210,常庄,,China,河南,贾峪河,淮河,,,,,,,,,MWR,http://xxfb.mwr.cn/sq_dxsk.html?v=1.0,in_situ,2026-09-21 18:14:14
211,丁店,,China,河南,索河,淮河,,,,,,,,,MWR,http://xxfb.mwr.cn/sq_dxsk.html?v=1.0,in_situ,2026-09-21 18:14:14
212,李湾,,China,河南,双洎河,淮河,,,,,,,,,MWR,http://xxfb.mwr.cn/sq_dxsk.html?v=1.0,in_situ,2026-09-21 18:14:14
214,佛子岭,,China,安徽,淠河东源,淮河,,,,,,,,,MWR,http://xxfb.mwr.cn/sq_dxsk.html?v=1.0,in_situ,2026-09-21 18:14:14
215,响洪甸,,China,安徽,淠河西源,淮河,,,,,,,,,MWR,http://xxfb.mwr.cn/sq_dxsk.html?v=1.0,in_situ,2026-09-21 18:14:14
216,田庄水库,,China,山东,沂河,淮河,,,,,,,,,MWR,http://xxfb.mwr.cn/sq_dxsk.html?v=1.0,in_situ,2026-09-21 18:14:14
218,岸堤水库,,China,山东,东汶河,淮河,,,,,,,,,MWR,http://xxfb.mwr.cn/sq_dxsk.html?v=1.0,in_situ,2026-09-21 18:14:14
219,唐村水库,,China,山东,浚河,淮河,,,,,,,,,MWR,http://xxfb.mwr.cn/sq_dxsk.html?v=1.0,in_situ,2026-09-21 18:14:14
221,许家崖水库,,China,山东,温凉河,淮河,,,,,,,,,MWR,http://xxfb.mwr.cn/sq_dxsk.html?v=1.0,in_situ,2026-09-21 18:14:14
222,阿湖水库站,,China,江苏,淋头河,淮河,,,,,,,,,MWR,http://xxfb.mwr.cn/sq_dxsk.html?v=1.0,in_situ,2026-09-21 18:14:14
223,沙沟水库,,China,山东,沭河,淮河,,,,,,,,,MWR,http://xxfb.mwr.cn/sq_dxsk.html?v=1.0,in_situ,2026-09-21 18:14:14
224,青峰岭水库,,China,山东,沭河,淮河,,,,,,,,,MWR,http://xxfb.mwr.cn/sq_dxsk.html?v=1.0,in_situ,2026-09-21 18:14:14
225,安峰山水库,,China,江苏,厚镇河,淮河,,,,,,,,,MWR,http://xxfb.mwr.cn/sq_dxsk.html?v=1.0,in_situ,2026-09-21 18:14:14
227,陡山水库,,China,山东,浔河,淮河,,,,,,,,,MWR,http://xxfb.mwr.cn/sq_dxsk.html?v=1.0,in_situ,2026-09-21 18:14:14
228,杨庄水库,,China,山东,资邱河,淮河,,,,,,,,,MWR,http://xxfb.mwr.cn/sq_dxsk.html?v=1.0,in_situ,2026-09-21 18:14:14
229,贺庄水库,,China,山东,泗河,淮河,,,,,,,,,MWR,http://xxfb.mwr.cn/sq_dxsk.html?v=1.0,in_situ,2026-09-21 18:14:14
230,华村水库,,China,山东,黄沟河,淮河,,,,,,,,,MWR,http://xxfb.mwr.cn/sq_dxsk.html?v=1.0,in_situ,2026-09-21 18:14:14
231,龙湾套水库,,China,山东,济河,淮河,,,,,,,,,MWR,http://xxfb.mwr.cn/sq_dxsk.html?v=1.0,in_situ,2026-09-21 18:14:14
232,尼山水库,,China,山东,小沂河,淮河,,,,,,,,,MWR,http://xxfb.mwr.cn/sq_dxsk.html?v=1.0,in_situ,2026-09-21 18:14:14
235,岩马水库,,China,山东,城河,淮河,,,,,,,,,MWR,http://xxfb.mwr.cn/sq_dxsk.html?v=1.0,in_situ,2026-09-21 18:14:14
237,会宝岭水库（南）,,China,山东,西加河,淮河,,,,,,,,,MWR,http://xxfb.mwr.cn/sq_dxsk.html?v=1.0,in_situ,2026-09-21 18:14:14
238,户主水库,,China,山东,城河,淮河,,,,,,,,,MWR,http://xxfb.mwr.cn/sq_dxsk.html?v=1.0,in_situ,2026-09-21 18:14:14
239,日照,,China,山东,付疃河,淮河,,,,,,,,,MWR,http://xxfb.mwr.cn/sq_dxsk.html?v=1.0,in_situ,2026-09-21 18:14:14
240,小塔山水库,,China,江苏,青口河,淮河,,,,,,,,,MWR,http://xxfb.mwr.cn/sq_dxsk.html?v=1.0,in_situ,2026-09-21 18:14:14
241,大洪河,,China,重庆,大洪河,长江,,,,,,,,,MWR,http://xxfb.mwr.cn/sq_dxsk.html?v=1.0,in_situ,2026-09-21 18:14:14
242,狮子滩,,China,重庆,龙溪河,长江,,,,,,,,,MWR,http://xxfb.mwr.cn/sq_dxsk.html?v=1.0,in_situ,2026-09-21 18:14:14
243,石板水,,China,重庆,龙河,长江,,,,,,,,,MWR,http://xxfb.mwr.cn/sq_dxsk.html?v=1.0,in_situ,2026-09-21 18:14:14
246,碧口水库,,China,甘肃,白龙江,长江,,,,,,,,,MWR,http://xxfb.mwr.cn/sq_dxsk.html?v=1.0,in_situ,2026-09-21 18:14:14
248,乌江渡水电站,,China,贵州,乌江,长江,,,,,,,,,MWR,http://xxfb.mwr.cn/sq_dxsk.html?v=1.0,in_situ,2026-09-21 18:14:14
249,红枫水库,,China,贵州,猫跳河,长江,,,,,,,,,MWR,http://xxfb.mwr.cn/sq_dxsk.html?v=1.0,in_situ,2026-09-21 18:14:14
250,百花水库,,China,贵州,猫跳河,长江,,,,,,,,,MWR,http://xxfb.mwr.cn/sq_dxsk.html?v=1.0,in_situ,2026-09-21 18:14:14
251,福宝山水库,,China,湖北,郁江,长江,,,,,,,,,MWR,http://xxfb.mwr.cn/sq_dxsk.html?v=1.0,in_situ,2026-09-21 18:14:14
252,西北口水库,,China,湖北,黄柏河,长江,,,,,,,,,MWR,http://xxfb.mwr.cn/sq_dxsk.html?v=1.0,in_situ,2026-09-21 18:14:14
253,白河水库,,China,湖北,玛瑙河,长江,,,,,,,,,MWR,http://xxfb.mwr.cn/sq_dxsk.html?v=1.0,in_situ,2026-09-21 18:14:14
254,跑马水库,,China,湖北,印河,长江,,,,,,,,,MWR,http://xxfb.mwr.cn/sq_dxsk.html?v=1.0,in_situ,2026-09-21 18:14:14
255,李家州,,China,湖北,漳河,长江,,,,,,,,,MWR,http://xxfb.mwr.cn/sq_dxsk.html?v=1.0,in_situ,2026-09-21 18:14:14
257,石子岭水库,,China,湖北,花庙河,长江,,,,,,,,,MWR,http://xxfb.mwr.cn/sq_dxsk.html?v=1.0,in_situ,2026-09-21 18:14:14
258,鲁家港水库,,China,湖北,长江,长江,,,,,,,,,MWR,http://xxfb.mwr.cn/sq_dxsk.html?v=1.0,in_situ,2026-09-21 18:14:14
259,巩河水库,,China,湖北,巩河,长江,,,,,,,,,MWR,http://xxfb.mwr.cn/sq_dxsk.html?v=1.0,in_situ,2026-09-21 18:14:14
260,水布坪（坝上）,,China,湖北,清江,长江,,,,,,,,,MWR,http://xxfb.mwr.cn/sq_dxsk.html?v=1.0,in_situ,2026-09-21 18:14:14
261,隔河岩（坝上）,,China,湖北,清江,长江,,,,,,,,,MWR,http://xxfb.mwr.cn/sq_dxsk.html?v=1.0,in_situ,2026-09-21 18:14:14
262,高坝洲（坝上）,,China,湖北,清江,长江,,,,,,,,,MWR,http://xxfb.mwr.cn/sq_dxsk.html?v=1.0,in_situ,2026-09-21 18:14:14
263,车坝水库,,China,湖北,车坝河,长江,,,,,,,,,MWR,http://xxfb.mwr.cn/sq_dxsk.html?v=1.0,in_situ,2026-09-21 18:14:14
264,太湖港水库,,China,湖北,沮漳河,长江,,,,,,,,,MWR,http://xxfb.mwr.cn/sq_dxsk.html?v=1.0,in_situ,2026-09-21 18:14:14
265,涔天河,,China,湖南,江华水,长江,,,,,,,,,MWR,http://xxfb.mwr.cn/sq_dxsk.html?v=1.0,in_situ,2026-09-21 18:14:14
266,双牌,,China,湖南,湘江,长江,,,,,,,,,MWR,http://xxfb.mwr.cn/sq_dxsk.html?v=1.0,in_situ,2026-09-21 18:14:14
267,欧阳海,,China,湖南,舂陵水,长江,,,,,,,,,MWR,http://xxfb.mwr.cn/sq_dxsk.html?v=1.0,in_situ,2026-09-21 18:14:14
268,东江,,China,湖南,耒水,长江,,,,,,,,,MWR,http://xxfb.mwr.cn/sq_dxsk.html?v=1.0,in_situ,2026-09-21 18:14:14
269,酒埠江,,China,湖南,攸水,长江,,,,,,,,,MWR,http://xxfb.mwr.cn/sq_dxsk.html?v=1.0,in_situ,2026-09-21 18:14:14
270,青山龙,,China,湖南,永乐江,长江,,,,,,,,,MWR,http://xxfb.mwr.cn/sq_dxsk.html?v=1.0,in_situ,2026-09-21 18:14:14
271,水府庙,,China,湖南,涟水,长江,,,,,,,,,MWR,http://xxfb.mwr.cn/sq_dxsk.html?v=1.0,in_situ,2026-09-21 18:14:14
272,黄材,,China,湖南,沩水,长江,,,,,,,,,MWR,http://xxfb.mwr.cn/sq_dxsk.html?v=1.0,in_situ,2026-09-21 18:14:14
273,官庄,,China,湖南,涧江,长江,,,,,,,,,MWR,http://xxfb.mwr.cn/sq_dxsk.html?v=1.0,in_situ,2026-09-21 18:14:14
274,飞来峡,,China,广东,北江,珠江,,,,,,,,,MWR,http://xxfb.mwr.cn/sq_dxsk.html?v=1.0,in_situ,2026-09-21 18:14:14
275,新峡水库,,China,湖北,新峡河,长江,,,,,,,,,MWR,http://xxfb.mwr.cn/sq_dxsk.html?v=1.0,in_situ,2026-09-21 18:14:14
276,黄石,,China,湖南,白洋河,长江,,,,,,,,,MWR,http://xxfb.mwr.cn/sq_dxsk.html?v=1.0,in_situ,2026-09-21 18:14:14
277,沧水水库,,China,湖北,沧水,长江,,,,,,,,,MWR,http://xxfb.mwr.cn/sq_dxsk.html?v=1.0,in_situ,2026-09-21 18:14:14
278,卷桥水库,,China,湖北,界溪河,长江,,,,,,,,,MWR,http://xxfb.mwr.cn/sq_dxsk.html?v=1.0,in_situ,2026-09-21 18:14:14
279,王家厂,,China,湖南,涔水,长江,,,,,,,,,MWR,http://xxfb.mwr.cn/sq_dxsk.html?v=1.0,in_situ,2026-09-21 18:14:14
280,北河水库,,China,湖北,新河,长江,,,,,,,,,MWR,http://xxfb.mwr.cn/sq_dxsk.html?v=1.0,in_situ,2026-09-21 18:14:14
282,雨山水库,,China,湖北,湄港,长江,,,,,,,,,MWR,http://xxfb.mwr.cn/sq_dxsk.html?v=1.0,in_situ,2026-09-21 18:14:14
284,王英,,China,湖北,三溪河,长江,,,,,,,,,MWR,http://xxfb.mwr.cn/sq_dxsk.html?v=1.0,in_situ,2026-09-21 18:14:14
285,院基寺,,China,湖北,泊漠河,长江,,,,,,,,,MWR,http://xxfb.mwr.cn/sq_dxsk.html?v=1.0,in_situ,2026-09-21 18:14:14
287,梅店,,China,湖北,栗树河,长江,,,,,,,,,MWR,http://xxfb.mwr.cn/sq_dxsk.html?v=1.0,in_situ,2026-09-21 18:14:14
289,檀树岗,,China,湖北,檀树岗河,长江,,,,,,,,,MWR,http://xxfb.mwr.cn/sq_dxsk.html?v=1.0,in_situ,2026-09-21 18:14:14
290,八角庙,,China,湖北,张家河,长江,,,,,,,,,MWR,http://xxfb.mwr.cn/sq_dxsk.html?v=1.0,in_situ,2026-09-21 18:14:14
291,烟宝地,,China,湖北,四马河,长江,,,,,,,,,MWR,http://xxfb.mwr.cn/sq_dxsk.html?v=1.0,in_situ,2026-09-21 18:14:14
292,火莲畈,,China,湖北,火莲畈,长江,,,,,,,,,MWR,http://xxfb.mwr.cn/sq_dxsk.html?v=1.0,in_situ,2026-09-21 18:14:14
293,金沙河,,China,湖北,金沙河,长江,,,,,,,,,MWR,http://xxfb.mwr.cn/sq_dxsk.html?v=1.0,in_situ,2026-09-21 18:14:14
294,大河铺,,China,湖北,跳石河,长江,,,,,,,,,MWR,http://xxfb.mwr.cn/sq_dxsk.html?v=1.0,in_situ,2026-09-21 18:14:14
295,芭茅河,,China,湖北,芭茅河,长江,,,,,,,,,MWR,http://xxfb.mwr.cn/sq_dxsk.html?v=1.0,in_situ,2026-09-21 18:14:14
296,三河口,,China,湖北,阎家河,长江,,,,,,,,,MWR,http://xxfb.mwr.cn/sq_dxsk.html?v=1.0,in_situ,2026-09-21 18:14:14
297,明山,,China,湖北,白杲河,长江,,,,,,,,,MWR,http://xxfb.mwr.cn/sq_dxsk.html?v=1.0,in_situ,2026-09-21 18:14:14
298,浮桥河,,China,湖北,浮桥河,长江,,,,,,,,,MWR,http://xxfb.mwr.cn/sq_dxsk.html?v=1.0,in_situ,2026-09-21 18:14:14
299,尾斗山,,China,湖北,杨家河,长江,,,,,,,,,MWR,http://xxfb.mwr.cn/sq_dxsk.html?v=1.0,in_situ,2026-09-21 18:14:14
300,黑石嘴,,China,湖北,沙河,长江,,,,,,,,,MWR,http://xxfb.mwr.cn/sq_dxsk.html?v=1.0,in_situ,2026-09-21 18:14:14
301,道观河,,China,湖北,沙河,长江,,,,,,,,,MWR,http://xxfb.mwr.cn/sq_dxsk.html?v=1.0,in_situ,2026-09-21 18:14:14
302,天堂,,China,湖北,新昌河,长江,,,,,,,,,MWR,http://xxfb.mwr.cn/sq_dxsk.html?v=1.0,in_situ,2026-09-21 18:14:14
303,天堂二级,,China,湖北,新昌河,长江,,,,,,,,,MWR,http://xxfb.mwr.cn/sq_dxsk.html?v=1.0,in_situ,2026-09-21 18:14:14
304,张家嘴,,China,湖北,西河,长江,,,,,,,,,MWR,http://xxfb.mwr.cn/sq_dxsk.html?v=1.0,in_situ,2026-09-21 18:14:14
305,大同,,China,湖北,蕲水,长江,,,,,,,,,MWR,http://xxfb.mwr.cn/sq_dxsk.html?v=1.0,in_situ,2026-09-21 18:14:14
306,花园,,China,湖北,蕲水,长江,,,,,,,,,MWR,http://xxfb.mwr.cn/sq_dxsk.html?v=1.0,in_situ,2026-09-21 18:14:14
307,石门水库,,China,湖北,石门港,长江,,,,,,,,,MWR,http://xxfb.mwr.cn/sq_dxsk.html?v=1.0,in_situ,2026-09-21 18:14:14
308,跨马墩,,China,湖北,长河,长江,,,,,,,,,MWR,http://xxfb.mwr.cn/sq_dxsk.html?v=1.0,in_situ,2026-09-21 18:14:14
309,凤凰关,,China,湖北,长河,长江,,,,,,,,,MWR,http://xxfb.mwr.cn/sq_dxsk.html?v=1.0,in_situ,2026-09-21 18:14:14
310,牛车河,,China,湖北,巴水,长江,,,,,,,,,MWR,http://xxfb.mwr.cn/sq_dxsk.html?v=1.0,in_situ,2026-09-21 18:14:14
311,鹞鹰岩,,China,湖北,新桥河,长江,,,,,,,,,MWR,http://xxfb.mwr.cn/sq_dxsk.html?v=1.0,in_situ,2026-09-21 18:14:14
312,黄河厂,,China,湖北,雷溪河,长江,,,,,,,,,MWR,http://xxfb.mwr.cn/sq_dxsk.html?v=1.0,in_situ,2026-09-21 18:14:14
313,阁壁,,China,湖北,鲤港,长江,,,,,,,,,MWR,http://xxfb.mwr.cn/sq_dxsk.html?v=1.0,in_situ,2026-09-21 18:14:14
314,龙潭,,China,湖北,何家港,长江,,,,,,,,,MWR,http://xxfb.mwr.cn/sq_dxsk.html?v=1.0,in_situ,2026-09-21 18:14:14
316,三湖连江,,China,湖北,陆马河,长江,,,,,,,,,MWR,http://xxfb.mwr.cn/sq_dxsk.html?v=1.0,in_situ,2026-09-21 18:14:14
317,双石水库,,China,湖北,汀泗河,长江,,,,,,,,,MWR,http://xxfb.mwr.cn/sq_dxsk.html?v=1.0,in_situ,2026-09-21 18:14:14
318,南川,,China,湖北,淦河,长江,,,,,,,,,MWR,http://xxfb.mwr.cn/sq_dxsk.html?v=1.0,in_situ,2026-09-21 18:14:14
319,百丈潭,,China,湖北,易家段河,长江,,,,,,,,,MWR,http://xxfb.mwr.cn/sq_dxsk.html?v=1.0,in_situ,2026-09-21 18:14:14
320,四门楼水库,,China,湖北,黄水河,长江,,,,,,,,,MWR,http://xxfb.mwr.cn/sq_dxsk.html?v=1.0,in_situ,2026-09-21 18:14:14
321,喜河,,China,陕西,汉江,长江,,,,,,,,,MWR,http://xxfb.mwr.cn/sq_dxsk.html?v=1.0,in_situ,2026-09-21 18:14:14
322,石门,,China,陕西,褒河,长江,,,,,,,,,MWR,http://xxfb.mwr.cn/sq_dxsk.html?v=1.0,in_situ,2026-09-21 18:14:14
323,党河,,China,陕西,党水河,长江,,,,,,,,,MWR,http://xxfb.mwr.cn/sq_dxsk.html?v=1.0,in_situ,2026-09-21 18:14:14
325,蔺河口,,China,陕西,岚河,长江,,,,,,,,,MWR,http://xxfb.mwr.cn/sq_dxsk.html?v=1.0,in_situ,2026-09-21 18:14:14
327,土门,,China,湖北,天惠河,长江,,,,,,,,,MWR,http://xxfb.mwr.cn/sq_dxsk.html?v=1.0,in_situ,2026-09-21 18:14:14
328,黄龙滩,,China,湖北,堵河,长江,,,,,,,,,MWR,http://xxfb.mwr.cn/sq_dxsk.html?v=1.0,in_situ,2026-09-21 18:14:14
329,竹溪河,,China,湖北,竹溪河,长江,,,,,,,,,MWR,http://xxfb.mwr.cn/sq_dxsk.html?v=1.0,in_situ,2026-09-21 18:14:14
330,霍河,,China,湖北,霍河,长江,,,,,,,,,MWR,http://xxfb.mwr.cn/sq_dxsk.html?v=1.0,in_situ,2026-09-21 18:14:14
332,浪河店,,China,湖北,浪河,长江,,,,,,,,,MWR,http://xxfb.mwr.cn/sq_dxsk.html?v=1.0,in_situ,2026-09-21 18:14:14
333,潭口,,China,湖北,北河,长江,,,,,,,,,MWR,http://xxfb.mwr.cn/sq_dxsk.html?v=1.0,in_situ,2026-09-21 18:14:14
334,南河,,China,湖北,南河,长江,,,,,,,,,MWR,http://xxfb.mwr.cn/sq_dxsk.html?v=1.0,in_situ,2026-09-21 18:14:14
336,红水河,,China,湖北,红水河,长江,,,,,,,,,MWR,http://xxfb.mwr.cn/sq_dxsk.html?v=1.0,in_situ,2026-09-21 18:14:14
337,柳堰集,,China,湖北,柳堰河,长江,,,,,,,,,MWR,http://xxfb.mwr.cn/sq_dxsk.html?v=1.0,in_situ,2026-09-21 18:14:14
338,莺河一库,,China,湖北,莺河,长江,,,,,,,,,MWR,http://xxfb.mwr.cn/sq_dxsk.html?v=1.0,in_situ,2026-09-21 18:14:14
339,三道河,,China,湖北,蛮河,长江,,,,,,,,,MWR,http://xxfb.mwr.cn/sq_dxsk.html?v=1.0,in_situ,2026-09-21 18:14:14
340,云台山,,China,湖北,黑河,长江,,,,,,,,,MWR,http://xxfb.mwr.cn/sq_dxsk.html?v=1.0,in_situ,2026-09-21 18:14:14
341,仙居河,,China,湖北,仙居河,长江,,,,,,,,,MWR,http://xxfb.mwr.cn/sq_dxsk.html?v=1.0,in_situ,2026-09-21 18:14:14
344,温峡口,,China,湖北,敖水,长江,,,,,,,,,MWR,http://xxfb.mwr.cn/sq_dxsk.html?v=1.0,in_situ,2026-09-21 18:14:14
345,铜钱山,,China,湖北,司马河,长江,,,,,,,,,MWR,http://xxfb.mwr.cn/sq_dxsk.html?v=1.0,in_situ,2026-09-21 18:14:14
346,马家河,,China,湖北,马家河,长江,,,,,,,,,MWR,http://xxfb.mwr.cn/sq_dxsk.html?v=1.0,in_situ,2026-09-21 18:14:14
347,孟桥川,,China,湖北,汉江,长江,,,,,,,,,MWR,http://xxfb.mwr.cn/sq_dxsk.html?v=1.0,in_situ,2026-09-21 18:14:14
348,回龙河,,China,湖北,迴龙河,长江,,,,,,,,,MWR,http://xxfb.mwr.cn/sq_dxsk.html?v=1.0,in_situ,2026-09-21 18:14:14
349,西排子河,,China,湖北,西排子河,长江,,,,,,,,,MWR,http://xxfb.mwr.cn/sq_dxsk.html?v=1.0,in_situ,2026-09-21 18:14:14
350,马张河,,China,湖北,马张河,长江,,,,,,,,,MWR,http://xxfb.mwr.cn/sq_dxsk.html?v=1.0,in_situ,2026-09-21 18:14:14
351,黄坡,,China,湖北,敖水,长江,,,,,,,,,MWR,http://xxfb.mwr.cn/sq_dxsk.html?v=1.0,in_situ,2026-09-21 18:14:14
352,二龙山,,China,陕西,丹江,长江,,,,,,,,,MWR,http://xxfb.mwr.cn/sq_dxsk.html?v=1.0,in_situ,2026-09-21 18:14:14
353,滔河,,China,湖北,滔河,长江,,,,,,,,,MWR,http://xxfb.mwr.cn/sq_dxsk.html?v=1.0,in_situ,2026-09-21 18:14:14
354,石门,,China,河南,老灌河,长江,,,,,,,,,MWR,http://xxfb.mwr.cn/sq_dxsk.html?v=1.0,in_situ,2026-09-21 18:14:14
355,鸭河口,,China,河南,白河,长江,,,,,,,,,MWR,http://xxfb.mwr.cn/sq_dxsk.html?v=1.0,in_situ,2026-09-21 18:14:14
356,辛庄,,China,河南,流鸭河,长江,,,,,,,,,MWR,http://xxfb.mwr.cn/sq_dxsk.html?v=1.0,in_situ,2026-09-21 18:14:14
357,冢岗庙,,China,河南,泗水河,长江,,,,,,,,,MWR,http://xxfb.mwr.cn/sq_dxsk.html?v=1.0,in_situ,2026-09-21 18:14:14
358,兰营,,China,河南,十二里河,长江,,,,,,,,,MWR,http://xxfb.mwr.cn/sq_dxsk.html?v=1.0,in_situ,2026-09-21 18:14:14
359,赵湾,,China,河南,赵河,长江,,,,,,,,,MWR,http://xxfb.mwr.cn/sq_dxsk.html?v=1.0,in_situ,2026-09-21 18:14:14
360,华山,,China,河南,比河,长江,,,,,,,,,MWR,http://xxfb.mwr.cn/sq_dxsk.html?v=1.0,in_situ,2026-09-21 18:14:14
361,宋家场,,China,河南,十八道河,长江,,,,,,,,,MWR,http://xxfb.mwr.cn/sq_dxsk.html?v=1.0,in_situ,2026-09-21 18:14:14
363,虎山,,China,河南,丑河,长江,,,,,,,,,MWR,http://xxfb.mwr.cn/sq_dxsk.html?v=1.0,in_situ,2026-09-21 18:14:14
365,石梯,,China,湖北,沙河,长江,,,,,,,,,MWR,http://xxfb.mwr.cn/sq_dxsk.html?v=1.0,in_situ,2026-09-21 18:14:14
366,沙河,,China,湖北,沙河,长江,,,,,,,,,MWR,http://xxfb.mwr.cn/sq_dxsk.html?v=1.0,in_situ,2026-09-21 18:14:14
368,姚棚,,China,湖北,沙河,长江,,,,,,,,,MWR,http://xxfb.mwr.cn/sq_dxsk.html?v=1.0,in_situ,2026-09-21 18:14:14
369,马安山,,China,湖北,沙河,长江,,,,,,,,,MWR,http://xxfb.mwr.cn/sq_dxsk.html?v=1.0,in_situ,2026-09-21 18:14:14
371,洛峪*,,China,陕西,银花河,长江,,,,,,,,,MWR,http://xxfb.mwr.cn/sq_dxsk.html?v=1.0,in_situ,2026-09-21 18:14:14
372,官沟,,China,湖北,官沟河,长江,,,,,,,,,MWR,http://xxfb.mwr.cn/sq_dxsk.html?v=1.0,in_situ,2026-09-21 18:14:14
373,华阳河,,China,湖北,华阳河,长江,,,,,,,,,MWR,http://xxfb.mwr.cn/sq_dxsk.html?v=1.0,in_situ,2026-09-21 18:14:14
374,熊河,,China,湖北,熊河,长江,,,,,,,,,MWR,http://xxfb.mwr.cn/sq_dxsk.html?v=1.0,in_situ,2026-09-21 18:14:14
375,大洪山,,China,湖北,温水,长江,,,,,,,,,MWR,http://xxfb.mwr.cn/sq_dxsk.html?v=1.0,in_situ,2026-09-21 18:14:14
376,吴山,,China,湖北,溠水,长江,,,,,,,,,MWR,http://xxfb.mwr.cn/sq_dxsk.html?v=1.0,in_situ,2026-09-21 18:14:14
377,黑屋湾,,China,湖北,溠水,长江,,,,,,,,,MWR,http://xxfb.mwr.cn/sq_dxsk.html?v=1.0,in_situ,2026-09-21 18:14:14
378,罗河,,China,湖北,罗河,长江,,,,,,,,,MWR,http://xxfb.mwr.cn/sq_dxsk.html?v=1.0,in_situ,2026-09-21 18:14:14
379,天河口,,China,湖北,封江口河,长江,,,,,,,,,MWR,http://xxfb.mwr.cn/sq_dxsk.html?v=1.0,in_situ,2026-09-21 18:14:14
381,观音岩,,China,湖北,澴水支流，晏家河,长江,,,,,,,,,MWR,http://xxfb.mwr.cn/sq_dxsk.html?v=1.0,in_situ,2026-09-21 18:14:14
382,先觉庙,,China,湖北,浆溪店河,长江,,,,,,,,,MWR,http://xxfb.mwr.cn/sq_dxsk.html?v=1.0,in_situ,2026-09-21 18:14:14
383,马鞍山,,China,湖北,漂水,长江,,,,,,,,,MWR,http://xxfb.mwr.cn/sq_dxsk.html?v=1.0,in_situ,2026-09-21 18:14:14
384,两河口,,China,湖北,两河口河,长江,,,,,,,,,MWR,http://xxfb.mwr.cn/sq_dxsk.html?v=1.0,in_situ,2026-09-21 18:14:14
385,徐家河,,China,湖北,徐家河,长江,,,,,,,,,MWR,http://xxfb.mwr.cn/sq_dxsk.html?v=1.0,in_situ,2026-09-21 18:14:14
387,郑家河,,China,湖北,温水支流，漳河,长江,,,,,,,,,MWR,http://xxfb.mwr.cn/sq_dxsk.html?v=1.0,in_situ,2026-09-21 18:14:14
388,界牌,,China,湖北,澴水东支上游,长江,,,,,,,,,MWR,http://xxfb.mwr.cn/sq_dxsk.html?v=1.0,in_situ,2026-09-21 18:14:14
389,芳畈,,China,湖北,澴水支流，晏家河,长江,,,,,,,,,MWR,http://xxfb.mwr.cn/sq_dxsk.html?v=1.0,in_situ,2026-09-21 18:14:14
390,金盆,,China,湖北,澴水支流，晏家河,长江,,,,,,,,,MWR,http://xxfb.mwr.cn/sq_dxsk.html?v=1.0,in_situ,2026-09-21 18:14:14
391,八汊洼,,China,湖北,澴水支流，张家岗河,长江,,,,,,,,,MWR,http://xxfb.mwr.cn/sq_dxsk.html?v=1.0,in_situ,2026-09-21 18:14:14
392,滑石冲,,China,湖北,界河,长江,,,,,,,,,MWR,http://xxfb.mwr.cn/sq_dxsk.html?v=1.0,in_situ,2026-09-21 18:14:14
393,石门,,China,湖北,寨子河,长江,,,,,,,,,MWR,http://xxfb.mwr.cn/sq_dxsk.html?v=1.0,in_situ,2026-09-21 18:14:14
394,石龙,,China,湖北,司马河,长江,,,,,,,,,MWR,http://xxfb.mwr.cn/sq_dxsk.html?v=1.0,in_situ,2026-09-21 18:14:14
395,吴岭,,China,湖北,天门河,长江,,,,,,,,,MWR,http://xxfb.mwr.cn/sq_dxsk.html?v=1.0,in_situ,2026-09-21 18:14:14
396,惠亭山,,China,湖北,鬼水,长江,,,,,,,,,MWR,http://xxfb.mwr.cn/sq_dxsk.html?v=1.0,in_situ,2026-09-21 18:14:14
397,高关,,China,湖北,大富水,长江,,,,,,,,,MWR,http://xxfb.mwr.cn/sq_dxsk.html?v=1.0,in_situ,2026-09-21 18:14:14
398,霞家河,,China,湖北,广水河,长江,,,,,,,,,MWR,http://xxfb.mwr.cn/sq_dxsk.html?v=1.0,in_situ,2026-09-21 18:14:14
400,老营盘水库,,China,江西,云亭水,长江流域,,,,,,,,,MWR,http://xxfb.mwr.cn/sq_dxsk.html?v=1.0,in_situ,2026-09-21 18:14:14
401,白云山水库,,China,江西,富田水,长江流域,,,,,,,,,MWR,http://xxfb.mwr.cn/sq_dxsk.html?v=1.0,in_situ,2026-09-21 18:14:14
402,南车水库,,China,江西,牛吼江,长江流域,,,,,,,,,MWR,http://xxfb.mwr.cn/sq_dxsk.html?v=1.0,in_situ,2026-09-21 18:14:14
403,社上水库,,China,江西,泸水,长江流域,,,,,,,,,MWR,http://xxfb.mwr.cn/sq_dxsk.html?v=1.0,in_situ,2026-09-21 18:14:14
404,江口,,China,江西,袁水,长江流域,,,,,,,,,MWR,http://xxfb.mwr.cn/sq_dxsk.html?v=1.0,in_situ,2026-09-21 18:14:14
405,飞剑潭一坝水库,,China,江西,尧市,长江流域,,,,,,,,,MWR,http://xxfb.mwr.cn/sq_dxsk.html?v=1.0,in_situ,2026-09-21 18:14:14
406,紫云山水库,,China,江西,丰水,长江流域,,,,,,,,,MWR,http://xxfb.mwr.cn/sq_dxsk.html?v=1.0,in_situ,2026-09-21 18:14:14
407,潘桥水库,,China,江西,秀水,长江流域,,,,,,,,,MWR,http://xxfb.mwr.cn/sq_dxsk.html?v=1.0,in_situ,2026-09-21 18:14:14
408,上游水库,,China,江西,苏溪,长江流域,,,,,,,,,MWR,http://xxfb.mwr.cn/sq_dxsk.html?v=1.0,in_situ,2026-09-21 18:14:14
409,共库,,China,江西,乐安河,长江,,,,,,,,,MWR,http://xxfb.mwr.cn/sq_dxsk.html?v=1.0,in_situ,2026-09-21 18:14:14
410,大锻水库,,China,江西,修河,长江流域,,,,,,,,,MWR,http://xxfb.mwr.cn/sq_dxsk.html?v=1.0,in_situ,2026-09-21 18:14:14
411,大港水库,,China,江西,土塘水,长江,,,,,,,,,MWR,http://xxfb.mwr.cn/sq_dxsk.html?v=1.0,in_situ,2026-09-21 18:14:14
412,北山水库（镇江）,,China,江苏,句容河,长江,,,,,,,,,MWR,http://xxfb.mwr.cn/sq_dxsk.html?v=1.0,in_situ,2026-09-21 18:14:14
413,荆竹,,China,湖北,荆竹河,长江,,,,,,,,,MWR,http://xxfb.mwr.cn/sq_dxsk.html?v=1.0,in_situ,2026-09-21 18:14:14
414,龙坪,,China,湖北,龙坪河,长江,,,,,,,,,MWR,http://xxfb.mwr.cn/sq_dxsk.html?v=1.0,in_situ,2026-09-21 18:14:14
415,古角,,China,湖北,古角河,长江,,,,,,,,,MWR,http://xxfb.mwr.cn/sq_dxsk.html?v=1.0,in_situ,2026-09-21 18:14:14
416,花凉亭,,China,安徽,长河,长江,,,,,,,,,MWR,http://xxfb.mwr.cn/sq_dxsk.html?v=1.0,in_situ,2026-09-21 18:14:14
417,梅川,,China,湖北,梅川河,长江,,,,,,,,,MWR,http://xxfb.mwr.cn/sq_dxsk.html?v=1.0,in_situ,2026-09-21 18:14:14
418,仙人坝,,China,湖北,戴文义河,长江,,,,,,,,,MWR,http://xxfb.mwr.cn/sq_dxsk.html?v=1.0,in_situ,2026-09-21 18:14:14
419,龙河口（内）,,China,安徽,杭埠河,长江,,,,,,,,,MWR,http://xxfb.mwr.cn/sq_dxsk.html?v=1.0,in_situ,2026-09-21 18:14:14
420,董铺,,China,安徽,南淝河,长江,,,,,,,,,MWR,http://xxfb.mwr.cn/sq_dxsk.html?v=1.0,in_situ,2026-09-21 18:14:14
422,黄栗树,,China,安徽,襄河,长江,,,,,,,,,MWR,http://xxfb.mwr.cn/sq_dxsk.html?v=1.0,in_situ,2026-09-21 18:14:14
423,沙河集,,China,安徽,清流河,长江,,,,,,,,,MWR,http://xxfb.mwr.cn/sq_dxsk.html?v=1.0,in_situ,2026-09-21 18:14:14
424,青山水库,,China,浙江,南苕溪,长江流域太湖区,,,,,,,,,MWR,http://xxfb.mwr.cn/sq_dxsk.html?v=1.0,in_situ,2026-09-21 18:14:14
425,对河口水库,,China,浙江,余英溪,长江流域太湖区,,,,,,,,,MWR,http://xxfb.mwr.cn/sq_dxsk.html?v=1.0,in_situ,2026-09-21 18:14:14
426,赋石水库,,China,浙江,西溪,长江流域太湖区,,,,,,,,,MWR,http://xxfb.mwr.cn/sq_dxsk.html?v=1.0,in_situ,2026-09-21 18:14:14
427,老石坎水库,,China,浙江,南溪,长江流域太湖区,,,,,,,,,MWR,http://xxfb.mwr.cn/sq_dxsk.html?v=1.0,in_situ,2026-09-21 18:14:14
428,大溪水库,,China,江苏,大溪水库,太湖,,,,,,,,,MWR,http://xxfb.mwr.cn/sq_dxsk.html?v=1.0,in_situ,2026-09-21 18:14:14
429,沙河水库,,China,江苏,沙河水库,太湖,,,,,,,,,MWR,http://xxfb.mwr.cn/sq_dxsk.html?v=1.0,in_situ,2026-09-21 18:14:14
430,横山水库,,China,江苏,屋溪,太湖,,,,,,,,,MWR,http://xxfb.mwr.cn/sq_dxsk.html?v=1.0,in_situ,2026-09-21 18:14:14
431,富春江水库,,China,浙江,富春江,浙闽台河流,,,,,,,,,MWR,http://xxfb.mwr.cn/sq_dxsk.html?v=1.0,in_situ,2026-09-21 18:14:14
432,黄坛口水库,,China,浙江,乌溪江,浙闽台河流,,,,,,,,,MWR,http://xxfb.mwr.cn/sq_dxsk.html?v=1.0,in_situ,2026-09-21 18:14:14
433,铜山源水库,,China,浙江,铜山源,浙闽台河流,,,,,,,,,MWR,http://xxfb.mwr.cn/sq_dxsk.html?v=1.0,in_situ,2026-09-21 18:14:14
434,横锦水库,,China,浙江,东阳江,浙闽台河流,,,,,,,,,MWR,http://xxfb.mwr.cn/sq_dxsk.html?v=1.0,in_situ,2026-09-21 18:14:14
435,南江水库,,China,浙江,南江,浙闽台河流,,,,,,,,,MWR,http://xxfb.mwr.cn/sq_dxsk.html?v=1.0,in_situ,2026-09-21 18:14:14
436,新安江水库,,China,浙江,新安江,浙闽台河流,,,,,,,,,MWR,http://xxfb.mwr.cn/sq_dxsk.html?v=1.0,in_situ,2026-09-21 18:14:14
437,石壁水库,,China,浙江,开化江,浙闽台河流,,,,,,,,,MWR,http://xxfb.mwr.cn/sq_dxsk.html?v=1.0,in_situ,2026-09-21 18:14:14
438,陈蔡水库,,China,浙江,陈蔡江,浙闽台河流,,,,,,,,,MWR,http://xxfb.mwr.cn/sq_dxsk.html?v=1.0,in_situ,2026-09-21 18:14:14
439,长诏水库,,China,浙江,新昌江,浙闽台河流,,,,,,,,,MWR,http://xxfb.mwr.cn/sq_dxsk.html?v=1.0,in_situ,2026-09-21 18:14:14
440,南山水库,,China,浙江,南山江,浙闽台河流,,,,,,,,,MWR,http://xxfb.mwr.cn/sq_dxsk.html?v=1.0,in_situ,2026-09-21 18:14:14
442,皎口水库,,China,浙江,樟溪,浙闽台河流,,,,,,,,,MWR,http://xxfb.mwr.cn/sq_dxsk.html?v=1.0,in_situ,2026-09-21 18:14:14
443,横山水库,,China,浙江,县江,浙闽台河流,,,,,,,,,MWR,http://xxfb.mwr.cn/sq_dxsk.html?v=1.0,in_situ,2026-09-21 18:14:14
444,里石门水库,,China,浙江,始丰溪,浙闽台河流,,,,,,,,,MWR,http://xxfb.mwr.cn/sq_dxsk.html?v=1.0,in_situ,2026-09-21 18:14:14
445,牛头山水库,,China,浙江,逆溪,浙闽台河流,,,,,,,,,MWR,http://xxfb.mwr.cn/sq_dxsk.html?v=1.0,in_situ,2026-09-21 18:14:14
446,长潭水库,,China,浙江,永宁江,浙闽台河流,,,,,,,,,MWR,http://xxfb.mwr.cn/sq_dxsk.html?v=1.0,in_situ,2026-09-21 18:14:14
447,紧水滩水库,,China,浙江,龙泉溪,浙闽台河流,,,,,,,,,MWR,http://xxfb.mwr.cn/sq_dxsk.html?v=1.0,in_situ,2026-09-21 18:14:14
448,安砂水库,,China,福建,九龙溪,闽江,,,,,,,,,MWR,http://xxfb.mwr.cn/sq_dxsk.html?v=1.0,in_situ,2026-09-21 18:14:14
449,沙溪口水库,,China,福建,沙溪,闽江,,,,,,,,,MWR,http://xxfb.mwr.cn/sq_dxsk.html?v=1.0,in_situ,2026-09-21 18:14:14
450,池潭水库,,China,福建,金溪,闽江,,,,,,,,,MWR,http://xxfb.mwr.cn/sq_dxsk.html?v=1.0,in_situ,2026-09-21 18:14:14
451,东溪水库,,China,福建,建溪,闽江,,,,,,,,,MWR,http://xxfb.mwr.cn/sq_dxsk.html?v=1.0,in_situ,2026-09-21 18:14:14
452,水东水库,,China,福建,尤溪,闽江,,,,,,,,,MWR,http://xxfb.mwr.cn/sq_dxsk.html?v=1.0,in_situ,2026-09-21 18:14:14
453,坑口水库,,China,福建,屏山溪,闽江,,,,,,,,,MWR,http://xxfb.mwr.cn/sq_dxsk.html?v=1.0,in_situ,2026-09-21 18:14:14
454,古田一级水库,,China,福建,古田溪,闽江,,,,,,,,,MWR,http://xxfb.mwr.cn/sq_dxsk.html?v=1.0,in_situ,2026-09-21 18:14:14
455,山美水库,,China,福建,晋江东溪,晋江,,,,,,,,,MWR,http://xxfb.mwr.cn/sq_dxsk.html?v=1.0,in_situ,2026-09-21 18:14:14
456,万安水库,,China,福建,万安溪,闽东南诸河,,,,,,,,,MWR,http://xxfb.mwr.cn/sq_dxsk.html?v=1.0,in_situ,2026-09-21 18:14:14
457,活盘水库,,China,福建,陈巷溪,闽东南诸河,,,,,,,,,MWR,http://xxfb.mwr.cn/sq_dxsk.html?v=1.0,in_situ,2026-09-21 18:14:14
458,南一水库,,China,福建,船场溪,闽东南诸河,,,,,,,,,MWR,http://xxfb.mwr.cn/sq_dxsk.html?v=1.0,in_situ,2026-09-21 18:14:14
459,芹山水库,,China,福建,穆阳溪,闽东诸河,,,,,,,,,MWR,http://xxfb.mwr.cn/sq_dxsk.html?v=1.0,in_situ,2026-09-21 18:14:14
460,山仔水库,,China,福建,鳌江,闽东诸河,,,,,,,,,MWR,http://xxfb.mwr.cn/sq_dxsk.html?v=1.0,in_situ,2026-09-21 18:14:14
461,东张水库,,China,福建,龙江,闽南诸河,,,,,,,,,MWR,http://xxfb.mwr.cn/sq_dxsk.html?v=1.0,in_situ,2026-09-21 18:14:14
462,东方红,,China,福建,三叉河溪,萩芦溪,,,,,,,,,MWR,http://xxfb.mwr.cn/sq_dxsk.html?v=1.0,in_situ,2026-09-21 18:14:14
463,东圳,,China,福建,延寿溪,闽南沿海诸河,,,,,,,,,MWR,http://xxfb.mwr.cn/sq_dxsk.html?v=1.0,in_situ,2026-09-21 18:14:14
464,古洋,,China,福建,苦溪,闽南沿海诸河,,,,,,,,,MWR,http://xxfb.mwr.cn/sq_dxsk.html?v=1.0,in_situ,2026-09-21 18:14:14
465,惠女水库,,China,福建,大罗溪,闽南沿海诸河,,,,,,,,,MWR,http://xxfb.mwr.cn/sq_dxsk.html?v=1.0,in_situ,2026-09-21 18:14:14
466,汀溪水库,,China,福建,汀溪,闽东南诸河,,,,,,,,,MWR,http://xxfb.mwr.cn/sq_dxsk.html?v=1.0,in_situ,2026-09-21 18:14:14
467,峰头水库,,China,福建,漳江,闽东南诸河,,,,,,,,,MWR,http://xxfb.mwr.cn/sq_dxsk.html?v=1.0,in_situ,2026-09-21 18:14:14
468,亚湖水库,,China,福建,湖内溪,闽东南诸河,,,,,,,,,MWR,http://xxfb.mwr.cn/sq_dxsk.html?v=1.0,in_situ,2026-09-21 18:14:14
469,天生桥一级,,China,贵州,南盘江,珠江,,,,,,,,,MWR,http://xxfb.mwr.cn/sq_dxsk.html?v=1.0,in_situ,2026-09-21 18:14:14
470,鲁布革,,China,云南,黄泥河,珠江,,,,,,,,,MWR,http://xxfb.mwr.cn/sq_dxsk.html?v=1.0,in_situ,2026-09-21 18:14:14
471,金银河,,China,广东,罗定江,珠江,,,,,,,,,MWR,http://xxfb.mwr.cn/sq_dxsk.html?v=1.0,in_situ,2026-09-21 18:14:14
472,罗光,,China,广东,新榕河,珠江,,,,,,,,,MWR,http://xxfb.mwr.cn/sq_dxsk.html?v=1.0,in_situ,2026-09-21 18:14:14
473,合河,,China,广东,新兴江,珠江,,,,,,,,,MWR,http://xxfb.mwr.cn/sq_dxsk.html?v=1.0,in_situ,2026-09-21 18:14:14
474,北峰山,,China,广东,勒竹河,珠江,,,,,,,,,MWR,http://xxfb.mwr.cn/sq_dxsk.html?v=1.0,in_situ,2026-09-21 18:14:14
475,朝阳,,China,广东,罗坪水,珠江,,,,,,,,,MWR,http://xxfb.mwr.cn/sq_dxsk.html?v=1.0,in_situ,2026-09-21 18:14:14
476,山垌,,China,广东,船步河,珠江,,,,,,,,,MWR,http://xxfb.mwr.cn/sq_dxsk.html?v=1.0,in_situ,2026-09-21 18:14:14
477,共成,,China,广东,社圩水,珠江,,,,,,,,,MWR,http://xxfb.mwr.cn/sq_dxsk.html?v=1.0,in_situ,2026-09-21 18:14:14
478,九坑河,,China,广东,长利水,珠江,,,,,,,,,MWR,http://xxfb.mwr.cn/sq_dxsk.html?v=1.0,in_situ,2026-09-21 18:14:14
479,锦江（仁化）,,China,广东,锦江,珠江,,,,,,,,,MWR,http://xxfb.mwr.cn/sq_dxsk.html?v=1.0,in_situ,2026-09-21 18:14:14
480,东洛,,China,广东,廊田水,珠江,,,,,,,,,MWR,http://xxfb.mwr.cn/sq_dxsk.html?v=1.0,in_situ,2026-09-21 18:14:14
481,南水,,China,广东,南水,北江,,,,,,,,,MWR,http://xxfb.mwr.cn/sq_dxsk.html?v=1.0,in_situ,2026-09-21 18:14:14
483,空子,,China,广东,大镇水,珠江,,,,,,,,,MWR,http://xxfb.mwr.cn/sq_dxsk.html?v=1.0,in_situ,2026-09-21 18:14:14
484,潭岭,,China,广东,潭源洞水,珠江,,,,,,,,,MWR,http://xxfb.mwr.cn/sq_dxsk.html?v=1.0,in_situ,2026-09-21 18:14:14
485,大秦,,China,广东,秦皇水,珠江,,,,,,,,,MWR,http://xxfb.mwr.cn/sq_dxsk.html?v=1.0,in_situ,2026-09-21 18:14:14
486,小坑,,China,广东,枫湾河,珠江,,,,,,,,,MWR,http://xxfb.mwr.cn/sq_dxsk.html?v=1.0,in_situ,2026-09-21 18:14:14
488,龙须带,,China,广东,黄洞水,珠江,,,,,,,,,MWR,http://xxfb.mwr.cn/sq_dxsk.html?v=1.0,in_situ,2026-09-21 18:14:14
489,迎咀,,China,广东,迎咀河,珠江,,,,,,,,,MWR,http://xxfb.mwr.cn/sq_dxsk.html?v=1.0,in_situ,2026-09-21 18:14:14
490,银盏,,China,广东,银盏河,珠江,,,,,,,,,MWR,http://xxfb.mwr.cn/sq_dxsk.html?v=1.0,in_situ,2026-09-21 18:14:14
491,江谷,,China,广东,江谷河,珠江,,,,,,,,,MWR,http://xxfb.mwr.cn/sq_dxsk.html?v=1.0,in_situ,2026-09-21 18:14:14
492,枫树坝,,China,广东,东江,珠江,,,,,,,,,MWR,http://xxfb.mwr.cn/sq_dxsk.html?v=1.0,in_situ,2026-09-21 18:14:14
493,新丰江,,China,广东,新丰江,珠江,,,,,,,,,MWR,http://xxfb.mwr.cn/sq_dxsk.html?v=1.0,in_situ,2026-09-21 18:14:14
482,长湖,,China,广东,翁江,珠江,,,,,,,,,MWR,http://xxfb.mwr.cn/sq_dxsk.html?v=1.0,in_situ,2026-09-21 18:14:14
175,峡山水库,,China,山东,潍河,淮河,,,,,,,,,MWR,http://xxfb.mwr.cn/sq_dxsk.html?v=1.0,in_situ,2026-09-21 18:14:14
283,石门塘水库,,China,湖北,宋家港,长江,,,,,,,,,MWR,http://xxfb.mwr.cn/sq_dxsk.html?v=1.0,in_situ,2026-09-21 18:14:14
315,青山,,China,湖北,青山河,长江,,,,,,,,,MWR,http://xxfb.mwr.cn/sq_dxsk.html?v=1.0,in_situ,2026-09-21 18:14:14
256,烟墩,,China,湖北,漳河,长江,,,,,,,,,MWR,http://xxfb.mwr.cn/sq_dxsk.html?v=1.0,in_situ,2026-09-21 18:14:14
213,磨子潭,,China,安徽,淠河东源,淮河,,,,,,,,,MWR,http://xxfb.mwr.cn/sq_dxsk.html?v=1.0,in_situ,2026-09-21 18:14:14
343,象河,,China,湖北,马家港,长江,,,,,,,,,MWR,http://xxfb.mwr.cn/sq_dxsk.html?v=1.0,in_situ,2026-09-21 18:14:14
342,小南河,,China,湖北,小南河,长江,,,,,,,,,MWR,http://xxfb.mwr.cn/sq_dxsk.html?v=1.0,in_situ,2026-09-21 18:14:14
364,周桥,,China,湖北,苍龙河,长江,,,,,,,,,MWR,http://xxfb.mwr.cn/sq_dxsk.html?v=1.0,in_situ,2026-09-21 18:14:14
367,吉河,,China,湖北,沙河,长江,,,,,,,,,MWR,http://xxfb.mwr.cn/sq_dxsk.html?v=1.0,in_situ,2026-09-21 18:14:14
370,北郊,,China,湖北,沙河,长江,,,,,,,,,MWR,http://xxfb.mwr.cn/sq_dxsk.html?v=1.0,in_situ,2026-09-21 18:14:14
113,陈家院,,China,河南,淇河,海河,,,,,,,,,MWR,http://xxfb.mwr.cn/sq_dxsk.html?v=1.0,in_situ,2026-09-21 18:14:14
331,茅塔河,,China,湖北,茅塔河,长江,,,,,,,,,MWR,http://xxfb.mwr.cn/sq_dxsk.html?v=1.0,in_situ,2026-09-21 18:14:14
335,谭家湾,,China,湖北,小河,长江,,,,,,,,,MWR,http://xxfb.mwr.cn/sq_dxsk.html?v=1.0,in_situ,2026-09-21 18:14:14
85,尔王庄库,,China,天津,引滦明渠,海河,,,,,,,,,MWR,http://xxfb.mwr.cn/sq_dxsk.html?v=1.0,in_situ,2026-09-21 18:14:14
151,巴家嘴水库,,China,甘肃,蒲河,黄河,,,,,,,,,MWR,http://xxfb.mwr.cn/sq_dxsk.html?v=1.0,in_situ,2026-09-21 18:14:14
386,清水河,,China,湖北,温水,长江,,,,,,,,,MWR,http://xxfb.mwr.cn/sq_dxsk.html?v=1.0,in_situ,2026-09-21 18:14:14
421,陈村,,China,安徽,青弋江,长江,,,,,,,,,MWR,http://xxfb.mwr.cn/sq_dxsk.html?v=1.0,in_situ,2026-09-21 18:14:14
281,铁山,,China,湖南,新墙河,长江,,,,,,,,,MWR,http://xxfb.mwr.cn/sq_dxsk.html?v=1.0,in_situ,2026-09-21 18:14:14
2,丰满,,China,吉林,松花江吉林段,松花江流域,,,,,,,,,MWR,http://xxfb.mwr.cn/sq_dxsk.html?v=1.0,in_situ,2026-09-21 18:14:14
64,窟隆山水库,,China,河北,忙牛河,海河,,,,,,,,,MWR,http://xxfb.mwr.cn/sq_dxsk.html?v=1.0,in_situ,2026-09-21 18:14:14
66,大庆水库,,China,河北,瀑河,海河,,,,,,,,,MWR,http://xxfb.mwr.cn/sq_dxsk.html?v=1.0,in_situ,2026-09-21 18:14:14
122,后湾水库,,China,山西,浊漳河西源,海河,,,,,,,,,MWR,http://xxfb.mwr.cn/sq_dxsk.html?v=1.0,in_situ,2026-09-21 18:14:14
162,九龙角,,China,河南,马涧河,黄河,,,,,,,,,MWR,http://xxfb.mwr.cn/sq_dxsk.html?v=1.0,in_situ,2026-09-21 18:14:14
165,大沟口,,China,河南,马营涧,黄河,,,,,,,,,MWR,http://xxfb.mwr.cn/sq_dxsk.html?v=1.0,in_situ,2026-09-21 18:14:14
207,玉马,,China,河南,马兰河,淮河,,,,,,,,,MWR,http://xxfb.mwr.cn/sq_dxsk.html?v=1.0,in_situ,2026-09-21 18:14:14
324,观音河,,China,陕西,观音河,长江,,,,,,,,,MWR,http://xxfb.mwr.cn/sq_dxsk.html?v=1.0,in_situ,2026-09-21 18:14:14
288,夏家寺,,China,湖北,夏家河,长江,,,,,,,,,MWR,http://xxfb.mwr.cn/sq_dxsk.html?v=1.0,in_situ,2026-09-21 18:14:14
286,泥河,,China,湖北,泊漠河,长江,,,,,,,,,MWR,http://xxfb.mwr.cn/sq_dxsk.html?v=1.0,in_situ,2026-09-21 18:14:14
209,尖岗,,China,河南,贾鲁河,淮河,,,,,,,,,MWR,http://xxfb.mwr.cn/sq_dxsk.html?v=1.0,in_situ,2026-09-21 18:14:14
145,石头河,,China,陕西,石头河,黄河,,,,,,,,,MWR,http://xxfb.mwr.cn/sq_dxsk.html?v=1.0,in_situ,2026-09-21 18:14:14
194,泼河,,China,河南,泼陂河,淮河,,,,,,,,,MWR,http://xxfb.mwr.cn/sq_dxsk.html?v=1.0,in_situ,2026-09-21 18:14:14
136,红石峡库,,China,陕西,榆溪河,黄河,,,,,,,,,MWR,http://xxfb.mwr.cn/sq_dxsk.html?v=1.0,in_situ,2026-09-21 18:14:14
142,段家峡,,China,陕西,千河,黄河,,,,,,,,,MWR,http://xxfb.mwr.cn/sq_dxsk.html?v=1.0,in_situ,2026-09-21 18:14:14
144,王家崖,,China,陕西,千河,黄河,,,,,,,,,MWR,http://xxfb.mwr.cn/sq_dxsk.html?v=1.0,in_situ,2026-09-21 18:14:14
154,卧虎山水库,,China,山东,玉符河,黄河,,,,,,,,,MWR,http://xxfb.mwr.cn/sq_dxsk.html?v=1.0,in_situ,2026-09-21 18:14:14
173,墙齐水库（东库）,,China,山东,潍河,淮河,,,,,,,,,MWR,http://xxfb.mwr.cn/sq_dxsk.html?v=1.0,in_situ,2026-09-21 18:14:14
177,牟山水库,,China,山东,汶河,淮河,,,,,,,,,MWR,http://xxfb.mwr.cn/sq_dxsk.html?v=1.0,in_situ,2026-09-21 18:14:14
181,王屋水库,,China,山东,黄水河,淮河,,,,,,,,,MWR,http://xxfb.mwr.cn/sq_dxsk.html?v=1.0,in_situ,2026-09-21 18:14:14
187,王堂,,China,河南,十字江,淮河,,,,,,,,,MWR,http://xxfb.mwr.cn/sq_dxsk.html?v=1.0,in_situ,2026-09-21 18:14:14
193,长洲河,,China,河南,泼陂河,淮河,,,,,,,,,MWR,http://xxfb.mwr.cn/sq_dxsk.html?v=1.0,in_situ,2026-09-21 18:14:14
200,霍庄,,China,河南,象河,淮河,,,,,,,,,MWR,http://xxfb.mwr.cn/sq_dxsk.html?v=1.0,in_situ,2026-09-21 18:14:14
204,铁佛寺,,China,河南,陶家河,淮河,,,,,,,,,MWR,http://xxfb.mwr.cn/sq_dxsk.html?v=1.0,in_situ,2026-09-21 18:14:14
217,跋山水库,,China,山东,沂河,淮河,,,,,,,,,MWR,http://xxfb.mwr.cn/sq_dxsk.html?v=1.0,in_situ,2026-09-21 18:14:14
220,昌里水库,,China,山东,西皋河,淮河,,,,,,,,,MWR,http://xxfb.mwr.cn/sq_dxsk.html?v=1.0,in_situ,2026-09-21 18:14:14
226,小仕阳水库,,China,山东,袁公河,淮河,,,,,,,,,MWR,http://xxfb.mwr.cn/sq_dxsk.html?v=1.0,in_situ,2026-09-21 18:14:14
233,西苇水库,,China,山东,大沙河,淮河,,,,,,,,,MWR,http://xxfb.mwr.cn/sq_dxsk.html?v=1.0,in_situ,2026-09-21 18:14:14
362,三山,,China,河南,梁河,长江,,,,,,,,,MWR,http://xxfb.mwr.cn/sq_dxsk.html?v=1.0,in_situ,2026-09-21 18:14:14
58,双树寺水库,,China,甘肃,洪水河,内陆河,,,,,,,,,MWR,http://xxfb.mwr.cn/sq_dxsk.html?v=1.0,in_situ,2026-09-21 18:14:14
326,钟家坪,,China,陕西,旬河,长江,,,,,,,,,MWR,http://xxfb.mwr.cn/sq_dxsk.html?v=1.0,in_situ,2026-09-21 18:14:14
399,短港,,China,湖北,大富水,长江,,,,,,,,,MWR,http://xxfb.mwr.cn/sq_dxsk.html?v=1.0,in_situ,2026-09-21 18:14:14
380,封江口,,China,湖北,封江口河,长江,,,,,,,,,MWR,http://xxfb.mwr.cn/sq_dxsk.html?v=1.0,in_situ,2026-09-21 18:14:14
