file_name,source_url,bytes,sha256,first_seen
Bilanhydrologique2024-2025.pdf,https://www.abn.ne/index.php/files/15/Bulletins-hydrologiques-fr-FR/95/Bilanhydrologique2024-2025.pdf,888064,b0aa52d24074adff67542611a0f47281b89f14c0e63c3b4896d28673435ba73b,2026-09-02T080959Z
BulletinHydroAout2025.pdf,https://www.abn.ne/index.php/files/15/Bulletins-hydrologiques-fr-FR/93/BulletinHydroAout2025.pdf,1052321,633cc56687b0c7bcfa3cb5277f5d80c444b2764a26aabd815093e96a58318841,2026-09-02T080959Z
BulletinHydroDecembre2025.pdf,https://www.abn.ne/index.php/files/15/Bulletins-hydrologiques-fr-FR/124/BulletinHydroDecembre2025.pdf,726953,c0de04f34fbd36d2045df1da0c273d0eabe4516f261c0ae659eb852d571fbda1,2026-09-02T080959Z
BulletinHydroJanvier2025.pdf,https://www.abn.ne/index.php/files/15/Bulletins-hydrologiques-fr-FR/77/BulletinHydroJanvier2025.pdf,817170,9b95c8b6295d111e19d7e185be03f6af9813a2192ca2cf5e45c24bbe352f1098,2026-09-02T080959Z
BulletinHydroJanvier2026.pdf,https://www.abn.ne/index.php/files/15/Bulletins-hydrologiques-fr-FR/125/BulletinHydroJanvier2026.pdf,719341,5777fcdff6534b6a6664dce163ac2fed695b89549eb9fb1a6e1632d97169f7c5,2026-09-02T080959Z
BulletinHydroJuillet2025.pdf,https://www.abn.ne/index.php/files/15/Bulletins-hydrologiques-fr-FR/92/BulletinHydroJuillet2025.pdf,1047914,ac7aeb96173f4c8431dbcb1b718f6459ed0b94e24a1bcce3e94fa495c62d0972,2026-09-02T080959Z
BulletinHydroJuin2025.pdf,https://www.abn.ne/index.php/files/15/Bulletins-hydrologiques-fr-FR/91/BulletinHydroJuin2025.pdf,1040398,c5ba966196df9693bcfadf9c08ac6a2a09a4d128395dad8ebe96129cbe02b7a1,2026-09-02T080959Z
BulletinHydroMai2025.pdf,https://www.abn.ne/index.php/files/15/Bulletins-hydrologiques-fr-FR/90/BulletinHydroMai2025.pdf,1149879,b564f217e522bf5944e9f49472d68821bbae83532705c302feff06bcd2362c46,2026-09-02T080959Z
BulletinHydroSeptembre2025.pdf,https://www.abn.ne/index.php/files/15/Bulletins-hydrologiques-fr-FR/94/BulletinHydroSeptembre2025.pdf,1055801,13acabaa681def37fe0d19983f3aa602a02aed9833f03bcf9018d4e689150503,2026-09-02T080959Z
BulletinHydroavril2025.pdf,https://www.abn.ne/index.php/files/15/Bulletins-hydrologiques-fr-FR/89/BulletinHydroavril2025.pdf,1151155,ee0d20e7edb988d4e227ea48c0346862e472f1b7e12e747d232cec23c361e69f,2026-09-02T080959Z
BulletinHydrofevrier2025.pdf,https://www.abn.ne/index.php/files/15/Bulletins-hydrologiques-fr-FR/78/BulletinHydrofevrier2025.pdf,815760,bb50a8c651ee01f72b85b8466b31096441751221130c288913ce26d2c669c1f9,2026-09-02T080959Z
BulletinHydromars2025.pdf,https://www.abn.ne/index.php/files/15/Bulletins-hydrologiques-fr-FR/79/BulletinHydromars2025.pdf,815778,1217fe70ef9f238e12321a7c340308af27ca7a2e75a0d1c320070382dc851c9d,2026-09-02T080959Z
HydrologicalBalance2024-2025.pdf,https://www.abn.ne/index.php/files/15/Bulletins-hydrologiques-fr-FR/96/HydrologicalBalance2024-2025.pdf,883326,45eb931968473831f659ebbeafc99fcdfe141b8a01246759bb59b6d09699d026,2026-09-02T080959Z
Mois-d-Avril-2024.pdf,https://www.abn.ne/index.php/files/15/Bulletins-hydrologiques-fr-FR/3/Mois-d-Avril-2024.pdf,802324,8e272651ae05594f28282582323789dd34de5fa6dc0ed59a3db369c0087d674d,2026-09-02T080959Z
Mois-de-Fevrier-2024.pdf,https://www.abn.ne/index.php/files/15/Bulletins-hydrologiques-fr-FR/1/Mois-de-Fevrier-2024.pdf,456788,72e97766a6388a7250b5f33767fb158974c2c4063883ee168c213e6f524b3506,2026-09-02T080959Z
Mois-de-Juillet-2024.pdf,https://www.abn.ne/index.php/files/15/Bulletins-hydrologiques-fr-FR/6/Mois-de-Juillet-2024.pdf,799554,4f322140ee20fd94c411913e94022caf400ced4d1249865a719277eb073b3c6e,2026-09-02T080959Z
Mois-de-Mai-2024.pdf,https://www.abn.ne/index.php/files/15/Bulletins-hydrologiques-fr-FR/5/Mois-de-Mai-2024.pdf,806854,4f3d7c83d6b3cb172170e55bea57d37bf4466f94a9a201e771e13d51a016ee92,2026-09-02T080959Z
Mois-de-Mars-2024.pdf,https://www.abn.ne/index.php/files/15/Bulletins-hydrologiques-fr-FR/4/Mois-de-Mars-2024.pdf,1686697,9e208219e14da4ab162b4e7ff84a781e655627f0d310b4e20b9a76349aab1750,2026-09-02T080959Z
Mois-de-juin-2024.pdf,https://www.abn.ne/index.php/files/15/Bulletins-hydrologiques-fr-FR/2/Mois-de-juin-2024.pdf,792755,ba2d7e0fba176642457e1fcc6944ab60d5314b945b6ac9f03c9a2ed914efd27a,2026-09-02T080959Z
