station_id,dam_jp,observed_at,water_level_masl,total_inflow_m3s,total_outflow_m3s,storage_mcm
21565_7_1,手取川ダム,2026-09-10T00:00,446.73,65.17,0.49,106.35
21565_7_1,手取川ダム,2026-09-10T01:00,446.79,65.17,0.49,106.582
21565_7_1,手取川ダム,2026-09-10T02:00,446.85,59.29,0.49,106.815
21565_7_1,手取川ダム,2026-09-10T03:00,446.9,54.39,0.49,107.009
21565_7_1,手取川ダム,2026-09-10T04:00,446.95,54.39,0.49,107.203
21565_7_1,手取川ダム,2026-09-10T05:00,447.0,59.29,1.21,107.397
21565_7_1,手取川ダム,2026-09-10T06:00,447.02,52.01,30.8,107.476
21565_7_1,手取川ダム,2026-09-10T07:00,447.04,46.91,0.49,107.555
21565_7_1,手取川ダム,2026-09-10T08:00,447.09,51.02,0.49,107.752
4354_7_1,我谷ダム,2026-09-10T00:00,138.48,18.32,16.44,3.164
4354_7_1,我谷ダム,2026-09-10T01:00,138.5,18.47,16.43,3.171
4354_7_1,我谷ダム,2026-09-10T02:00,138.52,18.28,16.46,3.179
4354_7_1,我谷ダム,2026-09-10T03:00,138.53,17.66,16.44,3.182
4354_7_1,我谷ダム,2026-09-10T04:00,138.54,17.46,16.44,3.186
4354_7_1,我谷ダム,2026-09-10T05:00,138.56,18.39,16.44,3.193
4354_7_1,我谷ダム,2026-09-10T06:00,138.57,17.57,16.44,3.197
4354_7_1,我谷ダム,2026-09-10T07:00,138.57,16.45,16.42,3.197
4354_7_1,我谷ダム,2026-09-10T08:00,138.58,17.47,16.49,3.201
4354_7_2,九谷ダム,2026-09-10T00:00,184.82,18.29,14.98,3.702
4354_7_2,九谷ダム,2026-09-10T01:00,184.84,18.09,15.04,3.713
4354_7_2,九谷ダム,2026-09-10T02:00,184.85,17.43,15.08,3.718
4354_7_2,九谷ダム,2026-09-10T03:00,184.86,16.58,15.1,3.724
4354_7_2,九谷ダム,2026-09-10T04:00,184.86,15.12,15.13,3.724
4354_7_2,九谷ダム,2026-09-10T05:00,184.86,15.13,15.16,3.724
4354_7_2,九谷ダム,2026-09-10T06:00,184.86,15.13,15.11,3.724
4354_7_2,九谷ダム,2026-09-10T07:00,184.85,13.62,15.05,3.718
4354_7_2,九谷ダム,2026-09-10T08:00,184.84,13.56,15.03,3.713
4356_7_21,大日川ダム,2026-09-10T00:00,321.49,18.31,12.88,12.99
4356_7_21,大日川ダム,2026-09-10T01:00,321.51,18.3,12.87,13.009
4356_7_21,大日川ダム,2026-09-10T02:00,321.52,15.56,12.78,13.019
4356_7_21,大日川ダム,2026-09-10T03:00,321.53,15.56,12.83,13.029
4356_7_21,大日川ダム,2026-09-10T04:00,321.54,15.53,12.8,13.039
4356_7_21,大日川ダム,2026-09-10T05:00,321.54,12.8,12.84,13.039
4356_7_21,大日川ダム,2026-09-10T06:00,321.55,15.55,12.84,13.049
4356_7_21,大日川ダム,2026-09-10T07:00,321.55,12.8,12.79,13.049
4356_7_21,大日川ダム,2026-09-10T08:00,321.55,12.79,12.8,13.049
4361_7_31,北河内ダム,2026-09-10T00:00,129.51,1.11,2.13,1.433
4361_7_31,北河内ダム,2026-09-10T01:00,129.49,1.02,2.03,1.429
4361_7_31,北河内ダム,2026-09-10T02:00,129.47,0.98,1.89,1.425
4361_7_31,北河内ダム,2026-09-10T03:00,129.45,0.95,1.79,1.422
4361_7_31,北河内ダム,2026-09-10T04:00,129.43,0.82,1.65,1.418
4361_7_31,北河内ダム,2026-09-10T05:00,129.42,0.87,1.61,1.417
4361_7_31,北河内ダム,2026-09-10T06:00,129.4,0.76,1.47,1.413
4361_7_31,北河内ダム,2026-09-10T07:00,129.39,0.67,1.43,1.411
4361_7_31,北河内ダム,2026-09-10T08:00,129.37,0.68,1.37,1.408
4361_7_41,八ヶ川ダム,2026-09-10T00:00,131.16,1.03,1.03,1.028
4361_7_41,八ヶ川ダム,2026-09-10T01:00,131.15,1.06,1.06,1.026
4361_7_41,八ヶ川ダム,2026-09-10T02:00,131.15,1.01,1.01,1.026
4361_7_41,八ヶ川ダム,2026-09-10T03:00,131.14,0.95,0.99,1.025
4361_7_41,八ヶ川ダム,2026-09-10T04:00,131.13,0.75,1.03,1.024
4361_7_41,八ヶ川ダム,2026-09-10T05:00,131.13,0.75,0.97,1.024
4361_7_41,八ヶ川ダム,2026-09-10T06:00,131.12,0.72,0.98,1.023
4361_7_41,八ヶ川ダム,2026-09-10T07:00,131.11,0.67,0.92,1.021
4361_7_41,八ヶ川ダム,2026-09-10T08:00,131.1,0.64,0.95,1.02
4362_7_51,小屋ダム,2026-09-10T00:00,87.41,1.18,0.21,1.084
4362_7_51,小屋ダム,2026-09-10T01:00,87.44,1.05,0.21,1.088
4362_7_51,小屋ダム,2026-09-10T02:00,87.46,0.99,0.21,1.09
4362_7_51,小屋ダム,2026-09-10T03:00,87.48,0.7,0.21,1.093
4362_7_51,小屋ダム,2026-09-10T04:00,87.49,0.7,0.21,1.094
4362_7_51,小屋ダム,2026-09-10T05:00,87.5,0.53,0.2,1.095
4362_7_51,小屋ダム,2026-09-10T06:00,87.51,0.58,0.26,1.096
4362_7_51,小屋ダム,2026-09-10T07:00,87.52,0.62,0.3,1.097
4362_7_51,小屋ダム,2026-09-10T08:00,87.52,0.3,0.3,1.097
4369_7_61,犀川ダム,2026-09-10T00:00,336.17,14.73,11.97,4.464
4369_7_61,犀川ダム,2026-09-10T01:00,336.19,13.7,11.97,4.472
4369_7_61,犀川ダム,2026-09-10T02:00,336.2,13.35,11.97,4.476
4369_7_61,犀川ダム,2026-09-10T03:00,336.21,12.89,11.97,4.48
4369_7_61,犀川ダム,2026-09-10T04:00,336.22,13.12,,4.484
4369_7_61,犀川ダム,2026-09-10T05:00,336.22,11.97,,4.484
4369_7_61,犀川ダム,2026-09-10T06:00,336.21,10.82,,4.48
4369_7_61,犀川ダム,2026-09-10T07:00,336.2,10.82,,4.476
4369_7_61,犀川ダム,2026-09-10T08:00,336.19,10.82,,4.472
4369_7_62,内川ダム,2026-09-10T00:00,223.95,7.81,7.81,4.364
4369_7_62,内川ダム,2026-09-10T01:00,223.95,7.81,7.81,4.364
4369_7_62,内川ダム,2026-09-10T02:00,223.95,7.81,7.84,4.364
4369_7_62,内川ダム,2026-09-10T03:00,223.94,6.98,7.83,4.362
4369_7_62,内川ダム,2026-09-10T04:00,223.92,6.17,7.82,4.356
4369_7_62,内川ダム,2026-09-10T05:00,223.9,6.25,7.81,4.35
4369_7_62,内川ダム,2026-09-10T06:00,223.88,6.09,7.81,4.344
4369_7_62,内川ダム,2026-09-10T07:00,223.86,6.17,7.8,4.338
4369_7_62,内川ダム,2026-09-10T08:00,223.83,5.67,7.83,4.329
4369_7_63,新内川ダム,2026-09-10T00:00,107.6,,7.5,
4369_7_63,新内川ダム,2026-09-10T01:00,107.6,,7.52,
4369_7_63,新内川ダム,2026-09-10T02:00,107.6,,7.68,
4369_7_63,新内川ダム,2026-09-10T03:00,107.6,,7.44,
4369_7_63,新内川ダム,2026-09-10T04:00,107.6,,7.44,
4369_7_63,新内川ダム,2026-09-10T05:00,107.6,,7.21,
4369_7_63,新内川ダム,2026-09-10T06:00,107.6,,7.6,
4369_7_63,新内川ダム,2026-09-10T07:00,107.6,,7.52,
4369_7_63,新内川ダム,2026-09-10T08:00,107.6,,7.43,
4369_7_64,赤瀬ダム,2026-09-10T00:00,105.56,8.2,5.96,0.054
4369_7_64,赤瀬ダム,2026-09-10T01:00,105.61,7.23,5.98,0.061
4369_7_64,赤瀬ダム,2026-09-10T02:00,105.64,7.73,5.99,0.066
4369_7_64,赤瀬ダム,2026-09-10T03:00,105.66,7.98,5.99,0.069
4369_7_64,赤瀬ダム,2026-09-10T04:00,105.67,7.74,6.0,0.07
4369_7_64,赤瀬ダム,2026-09-10T05:00,105.67,6.0,6.0,0.07
4369_7_64,赤瀬ダム,2026-09-10T06:00,105.66,5.99,5.99,0.069
4369_7_64,赤瀬ダム,2026-09-10T07:00,105.64,4.5,5.99,0.066
4369_7_64,赤瀬ダム,2026-09-10T08:00,105.62,3.75,5.98,0.063
4369_7_65,辰巳ダム,2026-09-10T00:00,98.25,6.03,6.08,0.012
4369_7_65,辰巳ダム,2026-09-10T01:00,98.23,5.71,5.93,0.012
4369_7_65,辰巳ダム,2026-09-10T02:00,98.23,5.93,5.93,0.012
4369_7_65,辰巳ダム,2026-09-10T03:00,98.23,5.93,5.93,0.012
4369_7_65,辰巳ダム,2026-09-10T04:00,98.22,5.86,5.86,0.012
4369_7_65,辰巳ダム,2026-09-10T05:00,98.22,5.86,5.86,0.012
4369_7_65,辰巳ダム,2026-09-10T06:00,98.21,5.77,5.79,0.011
4369_7_65,辰巳ダム,2026-09-10T07:00,98.2,5.77,5.72,0.011
4369_7_65,辰巳ダム,2026-09-10T08:00,98.18,5.58,5.58,0.011
21565_7_1,手取川ダム,2026-09-10T09:00,447.13,44.28,0.49,107.91
21565_7_1,手取川ダム,2026-09-10T10:00,447.17,51.02,0.49,108.067
21565_7_1,手取川ダム,2026-09-10T11:00,447.21,41.54,0.49,108.225
21565_7_1,手取川ダム,2026-09-10T12:00,447.2,47.05,31.58,108.186
21565_7_1,手取川ダム,2026-09-10T13:00,447.23,44.28,0.49,108.304
21565_7_1,手取川ダム,2026-09-10T14:00,447.24,40.28,84.24,108.343
21565_7_1,手取川ダム,2026-09-10T15:00,447.24,40.28,0.49,108.343
21565_7_1,手取川ダム,2026-09-10T16:00,447.27,50.24,31.3,108.461
4354_7_1,我谷ダム,2026-09-10T09:00,138.59,17.49,19.94,3.204
4354_7_1,我谷ダム,2026-09-10T10:00,138.51,16.79,26.95,3.175
4354_7_1,我谷ダム,2026-09-10T11:00,138.37,14.63,30.37,3.123
4354_7_1,我谷ダム,2026-09-10T12:00,138.21,14.1,30.31,3.065
4354_7_1,我谷ダム,2026-09-10T13:00,138.05,13.83,30.26,3.006
4354_7_1,我谷ダム,2026-09-10T14:00,137.99,14.43,14.06,2.984
4354_7_1,我谷ダム,2026-09-10T15:00,138.01,16.01,14.04,2.991
4354_7_1,我谷ダム,2026-09-10T16:00,138.03,16.21,15.79,2.998
4354_7_2,九谷ダム,2026-09-10T09:00,184.82,12.0,14.94,3.702
4354_7_2,九谷ダム,2026-09-10T10:00,184.8,11.93,14.82,3.692
4354_7_2,九谷ダム,2026-09-10T11:00,184.78,11.85,14.78,3.681
4354_7_2,九谷ダム,2026-09-10T12:00,184.76,11.79,14.74,3.67
4354_7_2,九谷ダム,2026-09-10T13:00,184.73,10.53,14.64,3.654
4354_7_2,九谷ダム,2026-09-10T14:00,184.71,11.35,14.59,3.643
4354_7_2,九谷ダム,2026-09-10T15:00,184.68,10.09,14.49,3.627
4354_7_2,九谷ダム,2026-09-10T16:00,184.65,10.01,14.41,3.611
4356_7_21,大日川ダム,2026-09-10T09:00,321.55,12.79,12.76,13.049
4356_7_21,大日川ダム,2026-09-10T10:00,321.55,12.76,12.76,13.049
4356_7_21,大日川ダム,2026-09-10T11:00,321.55,12.77,12.74,13.049
4356_7_21,大日川ダム,2026-09-10T12:00,321.54,10.03,12.76,13.039
4356_7_21,大日川ダム,2026-09-10T13:00,321.53,10.03,12.81,13.029
4356_7_21,大日川ダム,2026-09-10T14:00,321.52,10.03,12.87,13.019
4356_7_21,大日川ダム,2026-09-10T15:00,321.52,12.77,12.83,13.019
4356_7_21,大日川ダム,2026-09-10T16:00,321.51,10.06,12.8,13.009
4361_7_31,北河内ダム,2026-09-10T09:00,129.36,0.65,1.33,1.406
4361_7_31,北河内ダム,2026-09-10T10:00,129.35,0.64,1.29,1.404
4361_7_31,北河内ダム,2026-09-10T11:00,129.33,0.67,1.19,1.401
4361_7_31,北河内ダム,2026-09-10T12:00,129.32,0.64,1.15,1.399
4361_7_31,北河内ダム,2026-09-10T13:00,129.31,0.57,1.13,1.397
4361_7_31,北河内ダム,2026-09-10T14:00,129.3,0.63,1.09,1.395
4361_7_31,北河内ダム,2026-09-10T15:00,129.29,0.59,1.02,1.394
4361_7_31,北河内ダム,2026-09-10T16:00,129.28,0.53,0.98,1.392
4361_7_41,八ヶ川ダム,2026-09-10T09:00,131.09,0.6,0.88,1.019
4361_7_41,八ヶ川ダム,2026-09-10T10:00,131.08,0.6,0.92,1.017
4361_7_41,八ヶ川ダム,2026-09-10T11:00,131.07,0.58,0.87,1.016
4361_7_41,八ヶ川ダム,2026-09-10T12:00,131.06,0.53,0.81,1.015
4361_7_41,八ヶ川ダム,2026-09-10T13:00,131.06,0.53,0.86,1.015
4361_7_41,八ヶ川ダム,2026-09-10T14:00,131.05,0.51,0.79,1.014
4361_7_41,八ヶ川ダム,2026-09-10T15:00,131.04,0.5,0.81,1.012
4361_7_41,八ヶ川ダム,2026-09-10T16:00,131.03,0.48,0.75,1.011
4362_7_51,小屋ダム,2026-09-10T09:00,87.53,0.73,0.43,1.099
4362_7_51,小屋ダム,2026-09-10T10:00,87.53,0.43,0.42,1.099
4362_7_51,小屋ダム,2026-09-10T11:00,87.54,0.78,0.47,1.1
4362_7_51,小屋ダム,2026-09-10T12:00,87.54,0.47,0.47,1.1
4362_7_51,小屋ダム,2026-09-10T13:00,87.54,0.47,0.47,1.1
4362_7_51,小屋ダム,2026-09-10T14:00,87.55,0.67,0.52,1.101
4362_7_51,小屋ダム,2026-09-10T15:00,87.55,0.65,0.52,1.101
4362_7_51,小屋ダム,2026-09-10T16:00,87.56,0.83,0.57,1.102
4369_7_61,犀川ダム,2026-09-10T09:00,336.18,9.43,10.17,4.468
4369_7_61,犀川ダム,2026-09-10T10:00,336.2,12.93,10.17,4.476
4369_7_61,犀川ダム,2026-09-10T11:00,336.21,11.76,10.17,4.48
4369_7_61,犀川ダム,2026-09-10T12:00,336.22,11.32,10.17,4.484
4369_7_61,犀川ダム,2026-09-10T13:00,336.23,11.32,10.17,4.489
4369_7_61,犀川ダム,2026-09-10T14:00,336.24,11.32,10.17,4.493
4369_7_61,犀川ダム,2026-09-10T15:00,336.25,11.32,10.17,4.497
4369_7_61,犀川ダム,2026-09-10T16:00,336.25,8.92,8.17,4.497
4369_7_62,内川ダム,2026-09-10T09:00,223.81,5.83,7.82,4.323
4369_7_62,内川ダム,2026-09-10T10:00,223.78,5.34,7.83,4.314
4369_7_62,内川ダム,2026-09-10T11:00,223.75,5.34,2.63,4.305
4369_7_62,内川ダム,2026-09-10T12:00,223.8,4.22,0.0,4.32
4369_7_62,内川ダム,2026-09-10T13:00,223.86,4.94,0.0,4.338
4369_7_62,内川ダム,2026-09-10T14:00,223.92,4.78,0.0,4.356
4369_7_62,内川ダム,2026-09-10T15:00,223.97,4.69,0.0,4.37
4369_7_62,内川ダム,2026-09-10T16:00,224.03,4.66,0.0,4.388
4369_7_63,新内川ダム,2026-09-10T09:00,107.6,,7.29,
4369_7_63,新内川ダム,2026-09-10T10:00,107.54,,8.94,
4369_7_63,新内川ダム,2026-09-10T11:00,107.42,,4.72,
4369_7_63,新内川ダム,2026-09-10T12:00,107.18,,2.27,
4369_7_63,新内川ダム,2026-09-10T13:00,106.85,,2.51,
4369_7_63,新内川ダム,2026-09-10T14:00,106.48,,2.5,
4369_7_63,新内川ダム,2026-09-10T15:00,106.09,,2.53,
4369_7_63,新内川ダム,2026-09-10T16:00,105.67,,2.55,
4369_7_64,赤瀬ダム,2026-09-10T09:00,105.59,5.02,5.97,0.058
4369_7_64,赤瀬ダム,2026-09-10T10:00,105.56,4.48,5.96,0.054
4369_7_64,赤瀬ダム,2026-09-10T11:00,105.52,4.52,6.54,0.048
4369_7_64,赤瀬ダム,2026-09-10T12:00,105.47,4.2,6.53,0.04
4369_7_64,赤瀬ダム,2026-09-10T13:00,105.41,3.99,6.51,0.031
4369_7_64,赤瀬ダム,2026-09-10T14:00,105.34,3.97,6.48,0.021
4369_7_64,赤瀬ダム,2026-09-10T15:00,105.28,3.7,6.46,0.012
4369_7_64,赤瀬ダム,2026-09-10T16:00,105.2,3.42,6.44,0.0
4369_7_65,辰巳ダム,2026-09-10T09:00,98.17,5.51,5.51,0.011
4369_7_65,辰巳ダム,2026-09-10T10:00,98.21,5.97,5.79,0.011
4369_7_65,辰巳ダム,2026-09-10T11:00,98.15,4.79,5.36,0.011
4369_7_65,辰巳ダム,2026-09-10T12:00,98.04,4.38,4.61,0.009
4369_7_65,辰巳ダム,2026-09-10T13:00,97.95,3.95,4.09,0.008
4369_7_65,辰巳ダム,2026-09-10T14:00,97.9,3.71,3.83,0.008
4369_7_65,辰巳ダム,2026-09-10T15:00,97.88,3.75,3.73,0.008
4369_7_65,辰巳ダム,2026-09-10T16:00,97.86,3.57,3.63,0.007
21565_7_1,手取川ダム,2026-09-10T17:00,447.3,48.96,60.67,108.58
21565_7_1,手取川ダム,2026-09-10T18:00,447.3,48.96,30.79,108.58
21565_7_1,手取川ダム,2026-09-10T19:00,447.31,47.16,30.63,108.619
21565_7_1,手取川ダム,2026-09-10T20:00,447.33,30.85,0.49,108.698
21565_7_1,手取川ダム,2026-09-10T21:00,447.36,39.13,0.49,108.816
21565_7_1,手取川ダム,2026-09-10T22:00,447.39,23.94,0.49,108.934
4354_7_1,我谷ダム,2026-09-10T17:00,138.03,15.7,15.79,2.998
4354_7_1,我谷ダム,2026-09-10T18:00,138.03,15.79,15.78,2.998
4354_7_1,我谷ダム,2026-09-10T19:00,138.03,15.72,15.78,2.998
4354_7_1,我谷ダム,2026-09-10T20:00,138.02,14.76,15.79,2.995
4354_7_1,我谷ダム,2026-09-10T21:00,138.01,14.76,15.79,2.991
4354_7_1,我谷ダム,2026-09-10T22:00,138.0,14.76,15.79,2.987
4354_7_2,九谷ダム,2026-09-10T17:00,184.62,10.21,14.33,3.595
4354_7_2,九谷ダム,2026-09-10T18:00,184.59,9.82,14.19,3.579
4354_7_2,九谷ダム,2026-09-10T19:00,184.56,9.51,14.06,3.563
4354_7_2,九谷ダム,2026-09-10T20:00,184.53,9.33,13.85,3.547
4354_7_2,九谷ダム,2026-09-10T21:00,184.5,9.3,13.7,3.531
4354_7_2,九谷ダム,2026-09-10T22:00,184.47,9.12,13.51,3.515
4356_7_21,大日川ダム,2026-09-10T17:00,321.5,10.04,12.86,13.0
4356_7_21,大日川ダム,2026-09-10T18:00,321.48,9.22,12.84,12.98
4356_7_21,大日川ダム,2026-09-10T19:00,321.47,8.66,12.76,12.97
4356_7_21,大日川ダム,2026-09-10T20:00,321.46,9.46,12.73,12.96
4356_7_21,大日川ダム,2026-09-10T21:00,321.45,10.16,12.91,12.95
4356_7_21,大日川ダム,2026-09-10T22:00,321.43,8.28,12.99,12.931
4361_7_31,北河内ダム,2026-09-10T17:00,129.27,0.49,0.96,1.39
4361_7_31,北河内ダム,2026-09-10T18:00,129.27,0.96,0.96,1.39
4361_7_31,北河内ダム,2026-09-10T19:00,129.26,0.47,0.92,1.388
4361_7_31,北河内ダム,2026-09-10T20:00,129.25,0.43,0.88,1.387
4361_7_31,北河内ダム,2026-09-10T21:00,129.24,0.38,0.83,1.385
4361_7_31,北河内ダム,2026-09-10T22:00,129.24,0.83,0.83,1.385
4361_7_41,八ヶ川ダム,2026-09-10T17:00,131.02,0.45,0.76,1.01
4361_7_41,八ヶ川ダム,2026-09-10T18:00,131.01,0.43,0.74,1.008
4361_7_41,八ヶ川ダム,2026-09-10T19:00,131.0,0.42,0.72,1.007
4361_7_41,八ヶ川ダム,2026-09-10T20:00,130.99,0.43,0.7,1.006
4361_7_41,八ヶ川ダム,2026-09-10T21:00,130.99,0.43,0.71,1.006
4361_7_41,八ヶ川ダム,2026-09-10T22:00,130.98,0.41,0.65,1.005
4362_7_51,小屋ダム,2026-09-10T17:00,87.56,0.6,0.57,1.102
4362_7_51,小屋ダム,2026-09-10T18:00,87.56,0.63,0.79,1.102
4362_7_51,小屋ダム,2026-09-10T19:00,87.56,0.96,0.97,1.102
4362_7_51,小屋ダム,2026-09-10T20:00,87.56,1.0,1.06,1.102
4362_7_51,小屋ダム,2026-09-10T21:00,87.56,1.07,1.06,1.102
4362_7_51,小屋ダム,2026-09-10T22:00,87.56,1.07,1.06,1.102
4369_7_61,犀川ダム,2026-09-10T17:00,336.25,8.17,8.17,4.497
4369_7_61,犀川ダム,2026-09-10T18:00,336.25,8.17,8.17,4.497
4369_7_61,犀川ダム,2026-09-10T19:00,336.25,8.17,8.17,4.497
4369_7_61,犀川ダム,2026-09-10T20:00,336.25,8.17,8.17,4.497
4369_7_61,犀川ダム,2026-09-10T21:00,336.25,8.17,8.17,4.497
4369_7_61,犀川ダム,2026-09-10T22:00,336.25,8.17,8.17,4.497
4369_7_62,内川ダム,2026-09-10T17:00,224.08,4.62,5.88,4.404
4369_7_62,内川ダム,2026-09-10T18:00,224.05,4.97,7.64,4.394
4369_7_62,内川ダム,2026-09-10T19:00,224.01,4.48,7.71,4.382
4369_7_62,内川ダム,2026-09-10T20:00,223.97,4.16,7.75,4.37
4369_7_62,内川ダム,2026-09-10T21:00,223.93,4.29,7.74,4.359
4369_7_62,内川ダム,2026-09-10T22:00,223.88,4.21,7.74,4.344
4369_7_63,新内川ダム,2026-09-10T17:00,105.25,,2.06,
4369_7_63,新内川ダム,2026-09-10T18:00,106.76,,4.79,
4369_7_63,新内川ダム,2026-09-10T19:00,107.3,,8.81,
4369_7_63,新内川ダム,2026-09-10T20:00,107.3,,9.16,
4369_7_63,新内川ダム,2026-09-10T21:00,107.3,,9.16,
4369_7_63,新内川ダム,2026-09-10T22:00,107.3,,9.14,
4369_7_64,赤瀬ダム,2026-09-10T17:00,105.2,3.39,3.53,0.0
4369_7_64,赤瀬ダム,2026-09-10T18:00,105.2,3.53,3.53,0.0
4369_7_64,赤瀬ダム,2026-09-10T19:00,105.19,3.12,3.53,0.0
4369_7_64,赤瀬ダム,2026-09-10T20:00,105.18,3.37,3.53,0.0
4369_7_64,赤瀬ダム,2026-09-10T21:00,105.17,2.87,3.52,0.0
4369_7_64,赤瀬ダム,2026-09-10T22:00,105.16,3.11,3.52,0.0
4369_7_65,辰巳ダム,2026-09-10T17:00,97.86,3.63,3.63,0.007
4369_7_65,辰巳ダム,2026-09-10T18:00,97.84,3.44,3.52,0.007
4369_7_65,辰巳ダム,2026-09-10T19:00,97.83,3.43,3.47,0.007
4369_7_65,辰巳ダム,2026-09-10T20:00,97.83,3.47,3.47,0.007
4369_7_65,辰巳ダム,2026-09-10T21:00,97.81,3.36,3.37,0.007
4369_7_65,辰巳ダム,2026-09-10T22:00,97.81,3.37,3.37,0.007
21565_7_1,手取川ダム,2026-09-11T00:00,447.47,39.13,0.49,109.25
21565_7_1,手取川ダム,2026-09-11T01:00,447.51,39.13,0.49,109.407
21565_7_1,手取川ダム,2026-09-11T02:00,447.54,39.13,0.49,109.526
4354_7_1,我谷ダム,2026-09-11T00:00,137.97,14.37,15.77,2.976
4354_7_1,我谷ダム,2026-09-11T01:00,137.94,13.25,15.79,2.965
4354_7_1,我谷ダム,2026-09-11T02:00,137.92,13.25,15.78,2.958
4354_7_2,九谷ダム,2026-09-11T00:00,184.41,8.74,13.11,3.483
4354_7_2,九谷ダム,2026-09-11T01:00,184.37,8.27,12.89,3.461
4354_7_2,九谷ダム,2026-09-11T02:00,184.34,8.09,12.76,3.445
4356_7_21,大日川ダム,2026-09-11T00:00,321.4,7.44,12.94,12.901
4356_7_21,大日川ダム,2026-09-11T01:00,321.39,10.2,12.91,12.891
4356_7_21,大日川ダム,2026-09-11T02:00,321.37,7.49,12.87,12.872
4361_7_31,北河内ダム,2026-09-11T00:00,129.22,0.29,0.75,1.381
4361_7_31,北河内ダム,2026-09-11T01:00,129.22,0.75,0.75,1.381
4361_7_31,北河内ダム,2026-09-11T02:00,129.21,0.26,0.69,1.379
4361_7_41,八ヶ川ダム,2026-09-11T00:00,130.96,0.39,0.61,1.002
4361_7_41,八ヶ川ダム,2026-09-11T01:00,130.96,0.39,0.65,1.002
4361_7_41,八ヶ川ダム,2026-09-11T02:00,130.95,0.38,0.6,1.001
4362_7_51,小屋ダム,2026-09-11T00:00,87.55,0.82,1.01,1.101
4362_7_51,小屋ダム,2026-09-11T01:00,87.55,1.02,1.01,1.101
4362_7_51,小屋ダム,2026-09-11T02:00,87.54,0.66,0.97,1.1
4369_7_61,犀川ダム,2026-09-11T00:00,336.24,8.17,8.17,4.493
4369_7_61,犀川ダム,2026-09-11T01:00,336.23,7.02,8.17,4.489
4369_7_61,犀川ダム,2026-09-11T02:00,336.22,7.02,8.17,4.484
4369_7_62,内川ダム,2026-09-11T00:00,223.88,3.22,0.0,4.344
4369_7_62,内川ダム,2026-09-11T01:00,223.92,3.95,0.0,4.356
4369_7_62,内川ダム,2026-09-11T02:00,223.97,3.87,0.0,4.37
4369_7_63,新内川ダム,2026-09-11T00:00,106.97,,2.1,
4369_7_63,新内川ダム,2026-09-11T01:00,106.67,,2.11,
4369_7_63,新内川ダム,2026-09-11T02:00,106.34,,2.19,
4369_7_64,赤瀬ダム,2026-09-11T00:00,105.12,2.91,3.51,0.0
4369_7_64,赤瀬ダム,2026-09-11T01:00,105.1,2.65,3.51,0.0
4369_7_64,赤瀬ダム,2026-09-11T02:00,105.08,2.49,3.51,0.0
4369_7_65,辰巳ダム,2026-09-11T00:00,97.81,3.37,3.37,0.007
4369_7_65,辰巳ダム,2026-09-11T01:00,97.8,3.32,3.32,0.007
4369_7_65,辰巳ダム,2026-09-11T02:00,97.79,3.18,3.26,0.007
21565_7_1,手取川ダム,2026-09-11T03:00,447.57,36.98,0.49,109.644
21565_7_1,手取川ダム,2026-09-11T04:00,447.61,39.13,0.49,109.801
21565_7_1,手取川ダム,2026-09-11T05:00,447.65,66.17,0.49,109.959
21565_7_1,手取川ダム,2026-09-11T06:00,447.69,44.28,0.49,110.117
21565_7_1,手取川ダム,2026-09-11T07:00,447.73,41.54,0.49,110.274
4354_7_1,我谷ダム,2026-09-11T03:00,137.89,13.65,15.78,2.947
4354_7_1,我谷ダム,2026-09-11T04:00,137.87,12.93,15.78,2.94
4354_7_1,我谷ダム,2026-09-11T05:00,137.85,13.64,15.77,2.933
4354_7_1,我谷ダム,2026-09-11T06:00,137.82,13.54,15.76,2.922
4354_7_1,我谷ダム,2026-09-11T07:00,137.8,12.94,15.8,2.914
4354_7_2,九谷ダム,2026-09-11T03:00,184.31,8.06,12.53,3.429
4354_7_2,九谷ダム,2026-09-11T04:00,184.29,8.77,12.42,3.418
4354_7_2,九谷ダム,2026-09-11T05:00,184.26,8.77,12.25,3.402
4354_7_2,九谷ダム,2026-09-11T06:00,184.24,8.93,12.12,3.392
4354_7_2,九谷ダム,2026-09-11T07:00,184.23,10.03,12.03,3.386
4356_7_21,大日川ダム,2026-09-11T03:00,321.35,8.86,12.85,12.852
4356_7_21,大日川ダム,2026-09-11T04:00,321.34,8.84,12.93,12.842
4356_7_21,大日川ダム,2026-09-11T05:00,321.33,10.21,12.9,12.833
4356_7_21,大日川ダム,2026-09-11T06:00,321.31,7.48,12.88,12.813
4356_7_21,大日川ダム,2026-09-11T07:00,321.3,10.18,12.82,12.803
4361_7_31,北河内ダム,2026-09-11T03:00,129.21,0.71,0.71,1.379
4361_7_31,北河内ダム,2026-09-11T04:00,129.2,0.21,0.65,1.378
4361_7_31,北河内ダム,2026-09-11T05:00,129.2,0.67,0.67,1.378
4361_7_31,北河内ダム,2026-09-11T06:00,129.2,0.66,0.66,1.378
4361_7_31,北河内ダム,2026-09-11T07:00,129.19,0.17,0.62,1.376
4361_7_41,八ヶ川ダム,2026-09-11T03:00,130.94,0.38,0.63,1.0
4361_7_41,八ヶ川ダム,2026-09-11T04:00,130.93,0.38,0.56,0.999
4361_7_41,八ヶ川ダム,2026-09-11T05:00,130.93,0.38,0.56,0.999
4361_7_41,八ヶ川ダム,2026-09-11T06:00,130.93,0.6,0.6,0.999
4361_7_41,八ヶ川ダム,2026-09-11T07:00,130.92,0.45,0.55,0.997
4362_7_51,小屋ダム,2026-09-11T03:00,87.54,0.97,0.97,1.1
4362_7_51,小屋ダム,2026-09-11T04:00,87.53,0.61,0.93,1.099
4362_7_51,小屋ダム,2026-09-11T05:00,87.52,0.83,0.88,1.097
4362_7_51,小屋ダム,2026-09-11T06:00,87.52,0.64,0.87,1.097
4362_7_51,小屋ダム,2026-09-11T07:00,87.51,0.52,0.84,1.096
4369_7_61,犀川ダム,2026-09-11T03:00,336.21,7.02,,4.48
4369_7_61,犀川ダム,2026-09-11T04:00,336.2,7.02,,4.476
4369_7_61,犀川ダム,2026-09-11T05:00,336.2,8.17,,4.476
4369_7_61,犀川ダム,2026-09-11T06:00,336.2,8.06,,4.476
4369_7_61,犀川ダム,2026-09-11T07:00,336.2,8.29,,4.476
4369_7_62,内川ダム,2026-09-11T03:00,224.02,3.73,0.0,4.385
4369_7_62,内川ダム,2026-09-11T04:00,224.06,4.05,0.0,4.398
4369_7_62,内川ダム,2026-09-11T05:00,224.11,4.2,5.88,4.413
4369_7_62,内川ダム,2026-09-11T06:00,224.08,4.81,7.66,4.404
4369_7_62,内川ダム,2026-09-11T07:00,224.04,4.23,7.73,4.391
4369_7_63,新内川ダム,2026-09-11T03:00,105.98,,2.13,
4369_7_63,新内川ダム,2026-09-11T04:00,105.61,,2.2,
4369_7_63,新内川ダム,2026-09-11T05:00,105.26,,1.82,
4369_7_63,新内川ダム,2026-09-11T06:00,106.76,,4.84,
4369_7_63,新内川ダム,2026-09-11T07:00,107.33,,8.68,
4369_7_64,赤瀬ダム,2026-09-11T03:00,105.06,2.6,3.5,0.0
4369_7_64,赤瀬ダム,2026-09-11T04:00,105.04,2.68,3.5,0.0
4369_7_64,赤瀬ダム,2026-09-11T05:00,105.02,2.68,3.5,0.0
4369_7_64,赤瀬ダム,2026-09-11T06:00,105.0,2.67,3.49,0.0
4369_7_64,赤瀬ダム,2026-09-11T07:00,104.99,3.08,3.49,0.0
4369_7_65,辰巳ダム,2026-09-11T03:00,97.79,3.24,3.26,0.007
4369_7_65,辰巳ダム,2026-09-11T04:00,97.79,3.26,3.26,0.007
4369_7_65,辰巳ダム,2026-09-11T05:00,97.79,3.26,3.26,0.007
4369_7_65,辰巳ダム,2026-09-11T06:00,97.8,3.32,3.32,0.007
4369_7_65,辰巳ダム,2026-09-11T07:00,97.8,3.32,3.32,0.007
21565_7_1,手取川ダム,2026-09-11T08:00,447.78,44.28,0.49,110.471
21565_7_1,手取川ダム,2026-09-11T09:00,447.82,47.41,0.49,110.629
21565_7_1,手取川ダム,2026-09-11T10:00,447.87,39.13,0.49,110.826
21565_7_1,手取川ダム,2026-09-11T11:00,447.91,41.54,0.49,110.984
21565_7_1,手取川ダム,2026-09-11T12:00,447.95,44.28,0.49,111.141
21565_7_1,手取川ダム,2026-09-11T13:00,447.99,44.28,0.49,111.299
21565_7_1,手取川ダム,2026-09-11T14:00,448.03,39.76,0.49,111.459
21565_7_1,手取川ダム,2026-09-11T15:00,448.07,44.99,0.49,111.619
21565_7_1,手取川ダム,2026-09-11T16:00,448.11,37.58,0.49,111.779
4354_7_1,我谷ダム,2026-09-11T08:00,137.77,12.75,15.77,2.903
4354_7_1,我谷ダム,2026-09-11T09:00,137.74,12.73,15.76,2.893
4354_7_1,我谷ダム,2026-09-11T10:00,137.71,12.73,15.75,2.882
4354_7_1,我谷ダム,2026-09-11T11:00,137.67,12.32,15.76,2.867
4354_7_1,我谷ダム,2026-09-11T12:00,137.64,12.11,15.77,2.856
4354_7_1,我谷ダム,2026-09-11T13:00,137.6,11.8,15.74,2.841
4354_7_1,我谷ダム,2026-09-11T14:00,137.56,12.0,15.75,2.827
4354_7_1,我谷ダム,2026-09-11T15:00,137.5,11.52,19.18,2.805
4354_7_1,我谷ダム,2026-09-11T16:00,137.41,10.57,19.17,2.772
4354_7_2,九谷ダム,2026-09-11T08:00,184.22,10.57,12.02,3.381
4354_7_2,九谷ダム,2026-09-11T09:00,184.21,10.49,11.94,3.376
4354_7_2,九谷ダム,2026-09-11T10:00,184.19,8.89,11.8,3.365
4354_7_2,九谷ダム,2026-09-11T11:00,184.17,8.78,11.71,3.354
4354_7_2,九谷ダム,2026-09-11T12:00,184.14,7.46,11.54,3.338
4354_7_2,九谷ダム,2026-09-11T13:00,184.12,8.22,11.41,3.327
4354_7_2,九谷ダム,2026-09-11T14:00,184.1,8.46,11.49,3.317
4354_7_2,九谷ダム,2026-09-11T15:00,184.07,6.95,11.34,3.301
4354_7_2,九谷ダム,2026-09-11T16:00,184.05,8.3,11.17,3.29
4356_7_21,大日川ダム,2026-09-11T08:00,321.29,10.18,12.97,12.793
4356_7_21,大日川ダム,2026-09-11T09:00,321.28,10.19,12.96,12.784
4356_7_21,大日川ダム,2026-09-11T10:00,321.26,7.45,12.87,12.764
4356_7_21,大日川ダム,2026-09-11T11:00,321.25,10.18,12.86,12.754
4356_7_21,大日川ダム,2026-09-11T12:00,321.23,9.1,12.81,12.735
4356_7_21,大日川ダム,2026-09-11T13:00,321.22,8.53,12.93,12.725
4356_7_21,大日川ダム,2026-09-11T14:00,321.2,7.46,12.89,12.705
4356_7_21,大日川ダム,2026-09-11T15:00,321.18,7.5,12.93,12.686
4356_7_21,大日川ダム,2026-09-11T16:00,321.16,7.51,12.83,12.667
4361_7_31,北河内ダム,2026-09-11T08:00,129.19,0.61,0.61,1.376
4361_7_31,北河内ダム,2026-09-11T09:00,129.19,0.62,0.62,1.376
4361_7_31,北河内ダム,2026-09-11T10:00,129.18,0.13,0.6,1.374
4361_7_31,北河内ダム,2026-09-11T11:00,129.18,0.6,0.6,1.374
4361_7_31,北河内ダム,2026-09-11T12:00,129.18,0.6,0.6,1.374
4361_7_31,北河内ダム,2026-09-11T13:00,129.17,0.11,0.55,1.372
4361_7_31,北河内ダム,2026-09-11T14:00,129.17,0.55,0.55,1.372
4361_7_31,北河内ダム,2026-09-11T15:00,129.17,0.57,0.57,1.372
4361_7_31,北河内ダム,2026-09-11T16:00,129.16,0.08,0.54,1.371
4361_7_41,八ヶ川ダム,2026-09-11T08:00,130.92,0.45,0.59,0.997
4361_7_41,八ヶ川ダム,2026-09-11T09:00,130.92,0.58,0.58,0.997
4361_7_41,八ヶ川ダム,2026-09-11T10:00,130.91,0.42,0.53,0.996
4361_7_41,八ヶ川ダム,2026-09-11T11:00,130.91,0.42,0.58,0.996
4361_7_41,八ヶ川ダム,2026-09-11T12:00,130.9,0.39,0.51,0.995
4361_7_41,八ヶ川ダム,2026-09-11T13:00,130.9,0.39,0.56,0.995
4361_7_41,八ヶ川ダム,2026-09-11T14:00,130.89,0.37,0.53,0.994
4361_7_41,八ヶ川ダム,2026-09-11T15:00,130.89,0.37,0.49,0.994
4361_7_41,八ヶ川ダム,2026-09-11T16:00,130.88,0.34,0.52,0.992
4362_7_51,小屋ダム,2026-09-11T08:00,87.5,0.49,0.79,1.095
4362_7_51,小屋ダム,2026-09-11T09:00,87.5,0.79,0.79,1.095
4362_7_51,小屋ダム,2026-09-11T10:00,87.49,0.46,0.79,1.094
4362_7_51,小屋ダム,2026-09-11T11:00,87.48,0.46,0.78,1.093
4362_7_51,小屋ダム,2026-09-11T12:00,87.48,0.79,0.79,1.093
4362_7_51,小屋ダム,2026-09-11T13:00,87.47,0.46,0.79,1.091
4362_7_51,小屋ダム,2026-09-11T14:00,87.47,0.79,0.79,1.091
4362_7_51,小屋ダム,2026-09-11T15:00,87.46,0.46,0.79,1.09
4362_7_51,小屋ダム,2026-09-11T16:00,87.45,0.46,0.79,1.089
4369_7_61,犀川ダム,2026-09-11T08:00,336.2,8.17,,4.476
4369_7_61,犀川ダム,2026-09-11T09:00,336.22,9.55,,4.484
4369_7_61,犀川ダム,2026-09-11T10:00,336.22,9.09,8.17,4.484
4369_7_61,犀川ダム,2026-09-11T11:00,336.22,8.17,8.17,4.484
4369_7_61,犀川ダム,2026-09-11T12:00,336.22,8.17,8.17,4.484
4369_7_61,犀川ダム,2026-09-11T13:00,336.21,7.02,8.17,4.48
4369_7_61,犀川ダム,2026-09-11T14:00,336.2,7.02,8.17,4.476
4369_7_61,犀川ダム,2026-09-11T15:00,336.19,7.02,8.17,4.472
4369_7_61,犀川ダム,2026-09-11T16:00,336.19,8.17,8.17,4.472
4369_7_62,内川ダム,2026-09-11T08:00,223.99,4.11,7.75,4.376
4369_7_62,内川ダム,2026-09-11T09:00,223.95,3.95,7.77,4.364
4369_7_62,内川ダム,2026-09-11T10:00,223.9,4.05,7.73,4.35
4369_7_62,内川ダム,2026-09-11T11:00,223.86,3.96,2.59,4.338
4369_7_62,内川ダム,2026-09-11T12:00,223.89,2.81,0.0,4.347
4369_7_62,内川ダム,2026-09-11T13:00,223.93,3.54,0.0,4.359
4369_7_62,内川ダム,2026-09-11T14:00,223.97,3.29,0.0,4.37
4369_7_62,内川ダム,2026-09-11T15:00,224.02,3.74,0.0,4.385
4369_7_62,内川ダム,2026-09-11T16:00,224.06,3.46,0.0,4.398
4369_7_63,新内川ダム,2026-09-11T08:00,107.32,,9.17,
4369_7_63,新内川ダム,2026-09-11T09:00,107.32,,9.17,
4369_7_63,新内川ダム,2026-09-11T10:00,107.3,,9.15,
4369_7_63,新内川ダム,2026-09-11T11:00,107.3,,5.83,
4369_7_63,新内川ダム,2026-09-11T12:00,106.97,,2.07,
4369_7_63,新内川ダム,2026-09-11T13:00,106.67,,2.13,
4369_7_63,新内川ダム,2026-09-11T14:00,106.33,,2.21,
4369_7_63,新内川ダム,2026-09-11T15:00,105.97,,2.13,
4369_7_63,新内川ダム,2026-09-11T16:00,105.61,,2.09,
4369_7_64,赤瀬ダム,2026-09-11T08:00,104.99,3.49,3.49,0.0
4369_7_64,赤瀬ダム,2026-09-11T09:00,105.01,4.23,3.49,0.0
4369_7_64,赤瀬ダム,2026-09-11T10:00,105.02,3.98,3.5,0.0
4369_7_64,赤瀬ダム,2026-09-11T11:00,105.02,3.5,3.5,0.0
4369_7_64,赤瀬ダム,2026-09-11T12:00,105.01,3.09,3.49,0.0
4369_7_64,赤瀬ダム,2026-09-11T13:00,105.0,3.08,3.49,0.0
4369_7_64,赤瀬ダム,2026-09-11T14:00,104.99,3.08,3.49,0.0
4369_7_64,赤瀬ダム,2026-09-11T15:00,104.97,2.67,3.49,0.0
4369_7_64,赤瀬ダム,2026-09-11T16:00,104.96,2.72,2.62,0.0
4369_7_65,辰巳ダム,2026-09-11T08:00,97.8,3.32,3.32,0.007
4369_7_65,辰巳ダム,2026-09-11T09:00,97.79,3.26,3.26,0.007
4369_7_65,辰巳ダム,2026-09-11T10:00,97.78,3.21,3.21,0.007
4369_7_65,辰巳ダム,2026-09-11T11:00,97.78,3.21,3.21,0.007
4369_7_65,辰巳ダム,2026-09-11T12:00,97.77,3.16,3.16,0.007
4369_7_65,辰巳ダム,2026-09-11T13:00,97.77,3.16,3.16,0.007
4369_7_65,辰巳ダム,2026-09-11T14:00,97.77,3.16,3.16,0.007
4369_7_65,辰巳ダム,2026-09-11T15:00,97.76,3.11,3.11,0.007
4369_7_65,辰巳ダム,2026-09-11T16:00,97.76,3.11,3.11,0.007
21565_7_1,手取川ダム,2026-09-11T17:00,448.13,61.46,30.87,111.859
21565_7_1,手取川ダム,2026-09-11T18:00,448.13,61.46,30.8,111.859
21565_7_1,手取川ダム,2026-09-11T19:00,448.15,39.76,0.49,111.939
21565_7_1,手取川ダム,2026-09-11T20:00,448.18,35.62,0.49,112.059
21565_7_1,手取川ダム,2026-09-11T21:00,448.21,33.87,0.49,112.18
4354_7_1,我谷ダム,2026-09-11T17:00,137.34,10.33,10.57,2.747
4354_7_1,我谷ダム,2026-09-11T18:00,137.36,12.44,10.66,2.754
4354_7_1,我谷ダム,2026-09-11T19:00,137.38,13.08,10.67,2.761
4354_7_1,我谷ダム,2026-09-11T20:00,137.41,13.49,10.66,2.772
4354_7_1,我谷ダム,2026-09-11T21:00,137.43,12.84,10.59,2.78
4354_7_2,九谷ダム,2026-09-11T17:00,184.02,7.41,11.0,3.274
4354_7_2,九谷ダム,2026-09-11T18:00,184.0,7.28,10.93,3.263
4354_7_2,九谷ダム,2026-09-11T19:00,183.97,7.49,10.83,3.247
4354_7_2,九谷ダム,2026-09-11T20:00,183.95,6.81,10.74,3.237
4354_7_2,九谷ダム,2026-09-11T21:00,183.93,7.77,10.69,3.226
4356_7_21,大日川ダム,2026-09-11T17:00,321.14,8.05,12.88,12.647
4356_7_21,大日川ダム,2026-09-11T18:00,321.12,6.96,12.84,12.628
4356_7_21,大日川ダム,2026-09-11T19:00,321.1,7.77,12.93,12.608
4356_7_21,大日川ダム,2026-09-11T20:00,321.08,8.56,12.88,12.589
4356_7_21,大日川ダム,2026-09-11T21:00,321.06,7.77,12.88,12.569
4361_7_31,北河内ダム,2026-09-11T17:00,129.16,0.54,0.54,1.371
4361_7_31,北河内ダム,2026-09-11T18:00,129.16,0.52,0.52,1.371
4361_7_31,北河内ダム,2026-09-11T19:00,129.15,0.03,0.51,1.369
4361_7_31,北河内ダム,2026-09-11T20:00,129.15,0.51,0.51,1.369
4361_7_31,北河内ダム,2026-09-11T21:00,129.15,0.51,0.51,1.369
4361_7_41,八ヶ川ダム,2026-09-11T17:00,130.88,0.34,0.52,0.992
4361_7_41,八ヶ川ダム,2026-09-11T18:00,130.87,0.34,0.46,0.991
4361_7_41,八ヶ川ダム,2026-09-11T19:00,130.87,0.34,0.5,0.991
4361_7_41,八ヶ川ダム,2026-09-11T20:00,130.86,0.32,0.44,0.99
4361_7_41,八ヶ川ダム,2026-09-11T21:00,130.86,0.32,0.48,0.99
4362_7_51,小屋ダム,2026-09-11T17:00,87.45,0.79,0.79,1.089
4362_7_51,小屋ダム,2026-09-11T18:00,87.44,0.46,0.79,1.088
4362_7_51,小屋ダム,2026-09-11T19:00,87.43,0.46,0.79,1.087
4362_7_51,小屋ダム,2026-09-11T20:00,87.42,0.53,0.79,1.086
4362_7_51,小屋ダム,2026-09-11T21:00,87.41,0.53,0.8,1.084
4369_7_61,犀川ダム,2026-09-11T17:00,336.2,9.32,8.17,4.476
4369_7_61,犀川ダム,2026-09-11T18:00,336.21,6.93,5.87,4.48
4369_7_61,犀川ダム,2026-09-11T19:00,336.21,6.33,5.87,4.48
4369_7_61,犀川ダム,2026-09-11T20:00,336.21,5.87,5.87,4.48
4369_7_61,犀川ダム,2026-09-11T21:00,336.22,7.02,5.87,4.484
4369_7_62,内川ダム,2026-09-11T17:00,224.1,3.53,5.88,4.41
4369_7_62,内川ダム,2026-09-11T18:00,224.06,4.12,7.72,4.398
4369_7_62,内川ダム,2026-09-11T19:00,224.01,3.39,7.72,4.382
4369_7_62,内川ダム,2026-09-11T20:00,223.95,3.19,7.73,4.364
4369_7_62,内川ダム,2026-09-11T21:00,223.9,3.38,7.74,4.35
4369_7_63,新内川ダム,2026-09-11T17:00,105.25,,1.83,
4369_7_63,新内川ダム,2026-09-11T18:00,106.75,,4.82,
4369_7_63,新内川ダム,2026-09-11T19:00,107.27,,8.62,
4369_7_63,新内川ダム,2026-09-11T20:00,107.29,,9.05,
4369_7_63,新内川ダム,2026-09-11T21:00,107.3,,9.05,
4369_7_64,赤瀬ダム,2026-09-11T17:00,104.97,2.61,2.05,0.0
4369_7_64,赤瀬ダム,2026-09-11T18:00,104.99,2.71,2.05,0.0
4369_7_64,赤瀬ダム,2026-09-11T19:00,105.0,2.62,2.05,0.0
4369_7_64,赤瀬ダム,2026-09-11T20:00,105.01,2.46,2.05,0.0
4369_7_64,赤瀬ダム,2026-09-11T21:00,105.02,2.46,2.06,0.0
4369_7_65,辰巳ダム,2026-09-11T17:00,97.76,3.11,3.11,0.007
4369_7_65,辰巳ダム,2026-09-11T18:00,97.76,3.11,3.11,0.007
4369_7_65,辰巳ダム,2026-09-11T19:00,97.76,3.11,3.11,0.007
4369_7_65,辰巳ダム,2026-09-11T20:00,97.75,3.06,3.06,0.007
4369_7_65,辰巳ダム,2026-09-11T21:00,97.75,3.06,3.06,0.007
21565_7_1,手取川ダム,2026-09-12T00:00,448.3,30.83,0.49,112.54
21565_7_1,手取川ダム,2026-09-12T01:00,448.33,32.28,0.49,112.66
21565_7_1,手取川ダム,2026-09-12T02:00,448.36,33.87,0.49,112.78
4354_7_1,我谷ダム,2026-09-12T00:00,137.49,12.64,10.64,2.801
4354_7_1,我谷ダム,2026-09-12T01:00,137.51,12.64,10.61,2.809
4354_7_1,我谷ダム,2026-09-12T02:00,137.52,11.63,10.64,2.812
4354_7_2,九谷ダム,2026-09-12T00:00,183.86,7.52,10.47,3.189
4354_7_2,九谷ダム,2026-09-12T01:00,183.83,6.7,10.33,3.173
4354_7_2,九谷ダム,2026-09-12T02:00,183.81,6.62,10.24,3.162
4356_7_21,大日川ダム,2026-09-12T00:00,321.0,7.48,12.95,12.511
4356_7_21,大日川ダム,2026-09-12T01:00,320.98,7.48,12.86,12.492
4356_7_21,大日川ダム,2026-09-12T02:00,320.96,7.49,12.83,12.472
4361_7_31,北河内ダム,2026-09-12T00:00,129.14,0.48,0.48,1.367
4361_7_31,北河内ダム,2026-09-12T01:00,129.14,0.48,0.48,1.367
4361_7_31,北河内ダム,2026-09-12T02:00,129.14,0.48,0.48,1.367
4361_7_41,八ヶ川ダム,2026-09-12T00:00,130.84,0.3,0.46,0.988
4361_7_41,八ヶ川ダム,2026-09-12T01:00,130.84,0.3,0.41,0.988
4361_7_41,八ヶ川ダム,2026-09-12T02:00,130.83,0.29,0.43,0.986
4362_7_51,小屋ダム,2026-09-12T00:00,87.38,0.5,0.8,1.081
4362_7_51,小屋ダム,2026-09-12T01:00,87.38,0.5,0.79,1.081
4362_7_51,小屋ダム,2026-09-12T02:00,87.36,0.4,0.79,1.078
4369_7_61,犀川ダム,2026-09-12T00:00,336.23,5.87,5.87,4.489
4369_7_61,犀川ダム,2026-09-12T01:00,336.24,7.02,5.87,4.493
4369_7_61,犀川ダム,2026-09-12T02:00,336.24,5.87,5.87,4.493
4369_7_62,内川ダム,2026-09-12T00:00,223.82,2.32,0.0,4.326
4369_7_62,内川ダム,2026-09-12T01:00,223.85,3.13,0.0,4.335
4369_7_62,内川ダム,2026-09-12T02:00,223.89,3.29,0.0,4.347
4369_7_63,新内川ダム,2026-09-12T00:00,106.97,,1.99,
4369_7_63,新内川ダム,2026-09-12T01:00,106.67,,2.1,
4369_7_63,新内川ダム,2026-09-12T02:00,106.33,,2.09,
4369_7_64,赤瀬ダム,2026-09-12T00:00,105.04,2.47,2.06,0.0
4369_7_64,赤瀬ダム,2026-09-12T01:00,105.04,2.06,2.06,0.0
4369_7_64,赤瀬ダム,2026-09-12T02:00,105.04,2.06,2.06,0.0
4369_7_65,辰巳ダム,2026-09-12T00:00,97.75,3.06,3.06,0.007
4369_7_65,辰巳ダム,2026-09-12T01:00,97.76,3.11,3.11,0.007
4369_7_65,辰巳ダム,2026-09-12T02:00,97.77,3.16,3.16,0.007
21565_7_1,手取川ダム,2026-09-12T03:00,448.39,37.58,0.49,112.9
21565_7_1,手取川ダム,2026-09-12T04:00,448.42,29.51,0.49,113.021
21565_7_1,手取川ダム,2026-09-12T05:00,448.45,32.28,0.49,113.141
21565_7_1,手取川ダム,2026-09-12T06:00,448.48,32.28,0.49,113.261
21565_7_1,手取川ダム,2026-09-12T07:00,448.5,26.17,0.49,113.341
4354_7_1,我谷ダム,2026-09-12T03:00,137.54,12.65,10.63,2.82
4354_7_1,我谷ダム,2026-09-12T04:00,137.55,11.63,10.63,2.823
4354_7_1,我谷ダム,2026-09-12T05:00,137.56,11.64,10.63,2.827
4354_7_1,我谷ダム,2026-09-12T06:00,137.57,11.63,10.61,2.831
4354_7_1,我谷ダム,2026-09-12T07:00,137.58,11.63,10.62,2.834
4354_7_2,九谷ダム,2026-09-12T03:00,183.79,7.27,10.17,3.152
4354_7_2,九谷ダム,2026-09-12T04:00,183.77,7.2,10.16,3.141
4354_7_2,九谷ダム,2026-09-12T05:00,183.74,6.12,10.05,3.125
4354_7_2,九谷ダム,2026-09-12T06:00,183.72,6.62,9.95,3.115
4354_7_2,九谷ダム,2026-09-12T07:00,183.7,6.99,9.89,3.104
4356_7_21,大日川ダム,2026-09-12T03:00,320.93,6.66,12.82,12.443
4356_7_21,大日川ダム,2026-09-12T04:00,320.91,5.87,12.86,12.424
4356_7_21,大日川ダム,2026-09-12T05:00,320.89,7.2,12.86,12.405
4356_7_21,大日川ダム,2026-09-12T06:00,320.86,7.21,12.89,12.376
4356_7_21,大日川ダム,2026-09-12T07:00,320.84,5.6,12.83,12.356
4361_7_31,北河内ダム,2026-09-12T03:00,129.13,0.0,0.43,1.365
4361_7_31,北河内ダム,2026-09-12T04:00,129.13,0.43,0.43,1.365
4361_7_31,北河内ダム,2026-09-12T05:00,129.13,0.45,0.45,1.365
4361_7_31,北河内ダム,2026-09-12T06:00,129.13,0.45,0.45,1.365
4361_7_31,北河内ダム,2026-09-12T07:00,129.13,0.43,0.43,1.365
4361_7_41,八ヶ川ダム,2026-09-12T03:00,130.83,0.29,0.43,0.986
4361_7_41,八ヶ川ダム,2026-09-12T04:00,130.83,0.39,0.39,0.986
4361_7_41,八ヶ川ダム,2026-09-12T05:00,130.82,0.28,0.41,0.985
4361_7_41,八ヶ川ダム,2026-09-12T06:00,130.82,0.28,0.37,0.985
4361_7_41,八ヶ川ダム,2026-09-12T07:00,130.82,0.41,0.41,0.985
4362_7_51,小屋ダム,2026-09-12T03:00,87.35,0.5,0.79,1.077
4362_7_51,小屋ダム,2026-09-12T04:00,87.34,0.4,0.79,1.076
4362_7_51,小屋ダム,2026-09-12T05:00,87.33,0.37,0.8,1.075
4362_7_51,小屋ダム,2026-09-12T06:00,87.32,0.34,0.79,1.074
4362_7_51,小屋ダム,2026-09-12T07:00,87.31,0.47,0.79,1.073
4369_7_61,犀川ダム,2026-09-12T03:00,336.24,5.87,5.87,4.493
4369_7_61,犀川ダム,2026-09-12T04:00,336.24,6.22,5.87,4.493
4369_7_61,犀川ダム,2026-09-12T05:00,336.25,6.68,5.87,4.497
4369_7_61,犀川ダム,2026-09-12T06:00,336.24,4.72,5.87,4.493
4369_7_61,犀川ダム,2026-09-12T07:00,336.24,5.87,5.87,4.493
4369_7_62,内川ダム,2026-09-12T03:00,223.93,3.29,0.0,4.359
4369_7_62,内川ダム,2026-09-12T04:00,223.97,2.8,0.0,4.37
4369_7_62,内川ダム,2026-09-12T05:00,224.0,3.03,5.85,4.379
4369_7_62,内川ダム,2026-09-12T06:00,223.96,3.88,7.65,4.367
4369_7_62,内川ダム,2026-09-12T07:00,223.9,3.01,7.72,4.35
4369_7_63,新内川ダム,2026-09-12T03:00,105.97,,2.04,
4369_7_63,新内川ダム,2026-09-12T04:00,105.61,,2.05,
4369_7_63,新内川ダム,2026-09-12T05:00,105.25,,1.75,
4369_7_63,新内川ダム,2026-09-12T06:00,106.75,,4.83,
4369_7_63,新内川ダム,2026-09-12T07:00,107.27,,8.72,
4369_7_64,赤瀬ダム,2026-09-12T03:00,105.05,2.1,2.06,0.0
4369_7_64,赤瀬ダム,2026-09-12T04:00,105.05,2.43,2.06,0.0
4369_7_64,赤瀬ダム,2026-09-12T05:00,105.05,2.06,2.06,0.0
4369_7_64,赤瀬ダム,2026-09-12T06:00,105.04,1.65,2.06,0.0
4369_7_64,赤瀬ダム,2026-09-12T07:00,105.06,2.04,1.48,0.0
4369_7_65,辰巳ダム,2026-09-12T03:00,97.76,3.11,3.11,0.007
4369_7_65,辰巳ダム,2026-09-12T04:00,97.76,3.11,3.11,0.007
4369_7_65,辰巳ダム,2026-09-12T05:00,97.76,3.11,3.11,0.007
4369_7_65,辰巳ダム,2026-09-12T06:00,97.76,3.11,3.11,0.007
4369_7_65,辰巳ダム,2026-09-12T07:00,97.75,3.06,3.06,0.007
21565_7_1,手取川ダム,2026-09-12T08:00,448.53,30.83,0.49,113.461
21565_7_1,手取川ダム,2026-09-12T09:00,448.56,32.28,0.49,113.581
21565_7_1,手取川ダム,2026-09-12T10:00,448.58,27.19,0.49,113.662
21565_7_1,手取川ダム,2026-09-12T11:00,448.61,26.17,0.49,113.782
21565_7_1,手取川ダム,2026-09-12T12:00,448.64,25.21,0.49,113.902
21565_7_1,手取川ダム,2026-09-12T13:00,448.66,24.33,0.49,113.982
21565_7_1,手取川ダム,2026-09-12T14:00,448.69,33.87,0.49,114.102
21565_7_1,手取川ダム,2026-09-12T15:00,448.71,28.31,0.49,114.182
21565_7_1,手取川ダム,2026-09-12T16:00,448.73,26.17,0.49,114.262
4354_7_1,我谷ダム,2026-09-12T08:00,137.59,11.63,10.64,2.838
4354_7_1,我谷ダム,2026-09-12T09:00,137.59,10.62,10.64,2.838
4354_7_1,我谷ダム,2026-09-12T10:00,137.6,11.64,10.62,2.841
4354_7_1,我谷ダム,2026-09-12T11:00,137.6,10.62,10.63,2.841
4354_7_1,我谷ダム,2026-09-12T12:00,137.61,11.64,10.61,2.845
4354_7_1,我谷ダム,2026-09-12T13:00,137.61,10.62,10.61,2.845
4354_7_1,我谷ダム,2026-09-12T14:00,137.61,10.47,10.61,2.845
4354_7_1,我谷ダム,2026-09-12T15:00,137.61,10.62,10.63,2.845
4354_7_1,我谷ダム,2026-09-12T16:00,137.61,10.62,10.63,2.845
4354_7_2,九谷ダム,2026-09-12T08:00,183.68,6.91,9.84,3.093
4354_7_2,九谷ダム,2026-09-12T09:00,183.65,6.25,9.73,3.077
4354_7_2,九谷ダム,2026-09-12T10:00,183.63,6.17,9.72,3.067
4354_7_2,九谷ダム,2026-09-12T11:00,183.61,6.42,9.62,3.056
4354_7_2,九谷ダム,2026-09-12T12:00,183.59,6.63,9.5,3.046
4354_7_2,九谷ダム,2026-09-12T13:00,183.57,6.56,9.47,3.035
4354_7_2,九谷ダム,2026-09-12T14:00,183.54,6.34,9.35,3.019
4354_7_2,九谷ダム,2026-09-12T15:00,183.52,5.37,9.31,3.009
4354_7_2,九谷ダム,2026-09-12T16:00,183.5,6.05,9.24,2.998
4356_7_21,大日川ダム,2026-09-12T08:00,320.82,6.94,12.83,12.337
4356_7_21,大日川ダム,2026-09-12T09:00,320.8,7.45,12.8,12.317
4356_7_21,大日川ダム,2026-09-12T10:00,320.77,5.62,12.79,12.289
4356_7_21,大日川ダム,2026-09-12T11:00,320.75,6.7,12.81,12.269
4356_7_21,大日川ダム,2026-09-12T12:00,320.73,7.5,12.87,12.25
4356_7_21,大日川ダム,2026-09-12T13:00,320.7,4.81,12.86,12.221
4356_7_21,大日川ダム,2026-09-12T14:00,320.68,7.5,12.81,12.202
4356_7_21,大日川ダム,2026-09-12T15:00,320.65,4.81,12.8,12.173
4356_7_21,大日川ダム,2026-09-12T16:00,320.63,7.49,12.83,12.154
4361_7_31,北河内ダム,2026-09-12T08:00,129.13,0.45,0.45,1.365
4361_7_31,北河内ダム,2026-09-12T09:00,129.12,0.0,0.42,1.364
4361_7_31,北河内ダム,2026-09-12T10:00,129.12,0.4,0.4,1.364
4361_7_31,北河内ダム,2026-09-12T11:00,129.12,0.4,0.4,1.364
4361_7_31,北河内ダム,2026-09-12T12:00,129.12,0.42,0.42,1.364
4361_7_31,北河内ダム,2026-09-12T13:00,129.12,0.42,0.42,1.364
4361_7_31,北河内ダム,2026-09-12T14:00,129.11,0.0,0.39,1.362
4361_7_31,北河内ダム,2026-09-12T15:00,129.11,0.37,0.37,1.362
4361_7_31,北河内ダム,2026-09-12T16:00,129.11,0.37,0.37,1.362
4361_7_41,八ヶ川ダム,2026-09-12T08:00,130.81,0.27,0.4,0.984
4361_7_41,八ヶ川ダム,2026-09-12T09:00,130.81,0.27,0.41,0.984
4361_7_41,八ヶ川ダム,2026-09-12T10:00,130.8,0.26,0.34,0.983
4361_7_41,八ヶ川ダム,2026-09-12T11:00,130.8,0.26,0.38,0.983
4361_7_41,八ヶ川ダム,2026-09-12T12:00,130.8,0.34,0.34,0.983
4361_7_41,八ヶ川ダム,2026-09-12T13:00,130.8,0.38,0.38,0.983
4361_7_41,八ヶ川ダム,2026-09-12T14:00,130.79,0.25,0.38,0.981
4361_7_41,八ヶ川ダム,2026-09-12T15:00,130.79,0.25,0.33,0.981
4361_7_41,八ヶ川ダム,2026-09-12T16:00,130.79,0.37,0.37,0.981
4362_7_51,小屋ダム,2026-09-12T08:00,87.3,0.47,0.8,1.071
4362_7_51,小屋ダム,2026-09-12T09:00,87.29,0.47,0.8,1.07
4362_7_51,小屋ダム,2026-09-12T10:00,87.27,0.21,0.79,1.068
4362_7_51,小屋ダム,2026-09-12T11:00,87.26,0.4,0.79,1.067
4362_7_51,小屋ダム,2026-09-12T12:00,87.25,0.47,0.79,1.066
4362_7_51,小屋ダム,2026-09-12T13:00,87.24,0.47,0.79,1.064
4362_7_51,小屋ダム,2026-09-12T14:00,87.22,0.33,0.8,1.062
4362_7_51,小屋ダム,2026-09-12T15:00,87.21,0.31,0.79,1.061
4362_7_51,小屋ダム,2026-09-12T16:00,87.2,0.44,0.8,1.06
4369_7_61,犀川ダム,2026-09-12T08:00,336.24,5.87,5.87,4.493
4369_7_61,犀川ダム,2026-09-12T09:00,336.24,5.87,5.87,4.493
4369_7_61,犀川ダム,2026-09-12T10:00,336.24,5.87,5.87,4.493
4369_7_61,犀川ダム,2026-09-12T11:00,336.24,5.87,5.87,4.493
4369_7_61,犀川ダム,2026-09-12T12:00,336.23,4.84,5.87,4.489
4369_7_61,犀川ダム,2026-09-12T13:00,336.23,5.76,5.87,4.489
4369_7_61,犀川ダム,2026-09-12T14:00,336.23,5.87,5.87,4.489
4369_7_61,犀川ダム,2026-09-12T15:00,336.23,5.87,5.87,4.489
4369_7_61,犀川ダム,2026-09-12T16:00,336.22,4.72,5.87,4.484
4369_7_62,内川ダム,2026-09-12T08:00,223.84,2.96,7.73,4.332
4369_7_62,内川ダム,2026-09-12T09:00,223.78,2.9,7.78,4.314
4369_7_62,内川ダム,2026-09-12T10:00,223.72,2.96,7.83,4.296
4369_7_62,内川ダム,2026-09-12T11:00,223.66,2.93,2.63,4.278
4369_7_62,内川ダム,2026-09-12T12:00,223.69,2.16,0.0,4.287
4369_7_62,内川ダム,2026-09-12T13:00,223.72,2.8,0.0,4.296
4369_7_62,内川ダム,2026-09-12T14:00,223.76,2.8,0.0,4.308
4369_7_62,内川ダム,2026-09-12T15:00,223.79,2.96,0.0,4.317
4369_7_62,内川ダム,2026-09-12T16:00,223.82,2.47,0.0,4.326
4369_7_63,新内川ダム,2026-09-12T08:00,107.27,,8.99,
4369_7_63,新内川ダム,2026-09-12T09:00,107.29,,9.0,
4369_7_63,新内川ダム,2026-09-12T10:00,107.29,,9.04,
4369_7_63,新内川ダム,2026-09-12T11:00,107.3,,5.83,
4369_7_63,新内川ダム,2026-09-12T12:00,106.97,,1.97,
4369_7_63,新内川ダム,2026-09-12T13:00,106.67,,2.05,
4369_7_63,新内川ダム,2026-09-12T14:00,106.34,,2.06,
4369_7_63,新内川ダム,2026-09-12T15:00,106.0,,2.0,
4369_7_63,新内川ダム,2026-09-12T16:00,105.62,,2.06,
4369_7_64,赤瀬ダム,2026-09-12T08:00,105.07,2.26,1.48,0.0
4369_7_64,赤瀬ダム,2026-09-12T09:00,105.08,1.89,1.48,0.0
4369_7_64,赤瀬ダム,2026-09-12T10:00,105.09,1.9,1.49,0.0
4369_7_64,赤瀬ダム,2026-09-12T11:00,105.1,1.9,1.49,0.0
4369_7_64,赤瀬ダム,2026-09-12T12:00,105.11,1.9,1.49,0.0
4369_7_64,赤瀬ダム,2026-09-12T13:00,105.12,1.9,1.49,0.0
4369_7_64,赤瀬ダム,2026-09-12T14:00,105.13,1.9,1.49,0.0
4369_7_64,赤瀬ダム,2026-09-12T15:00,105.13,1.49,1.49,0.0
4369_7_64,赤瀬ダム,2026-09-12T16:00,105.14,1.9,1.49,0.0
4369_7_65,辰巳ダム,2026-09-12T08:00,97.75,3.06,3.06,0.007
4369_7_65,辰巳ダム,2026-09-12T09:00,97.75,3.06,3.06,0.007
4369_7_65,辰巳ダム,2026-09-12T10:00,97.75,3.06,3.06,0.007
4369_7_65,辰巳ダム,2026-09-12T11:00,97.75,3.06,3.06,0.007
4369_7_65,辰巳ダム,2026-09-12T12:00,97.75,3.06,3.06,0.007
4369_7_65,辰巳ダム,2026-09-12T13:00,97.75,3.06,3.06,0.007
4369_7_65,辰巳ダム,2026-09-12T14:00,97.74,3.01,3.01,0.006
4369_7_65,辰巳ダム,2026-09-12T15:00,97.74,3.01,3.01,0.006
4369_7_65,辰巳ダム,2026-09-12T16:00,97.73,2.85,2.95,0.006
21565_7_1,手取川ダム,2026-09-12T17:00,448.76,27.19,0.49,114.382
21565_7_1,手取川ダム,2026-09-12T18:00,448.78,29.55,30.61,114.463
21565_7_1,手取川ダム,2026-09-12T19:00,448.78,29.55,30.45,114.463
21565_7_1,手取川ダム,2026-09-12T20:00,448.78,29.55,0.49,114.463
21565_7_1,手取川ダム,2026-09-12T21:00,448.8,29.51,0.49,114.543
4354_7_1,我谷ダム,2026-09-12T17:00,137.61,10.62,10.61,2.845
4354_7_1,我谷ダム,2026-09-12T18:00,137.61,10.62,10.63,2.845
4354_7_1,我谷ダム,2026-09-12T19:00,137.61,10.62,10.61,2.845
4354_7_1,我谷ダム,2026-09-12T20:00,137.6,9.61,10.63,2.841
4354_7_1,我谷ダム,2026-09-12T21:00,137.59,10.42,10.65,2.838
4354_7_2,九谷ダム,2026-09-12T17:00,183.48,6.29,9.22,2.987
4354_7_2,九谷ダム,2026-09-12T18:00,183.46,6.21,9.17,2.977
4354_7_2,九谷ダム,2026-09-12T19:00,183.44,6.14,9.04,2.966
4354_7_2,九谷ダム,2026-09-12T20:00,183.42,6.07,8.97,2.956
4354_7_2,九谷ダム,2026-09-12T21:00,183.39,5.84,8.89,2.94
4356_7_21,大日川ダム,2026-09-12T17:00,320.6,4.82,12.8,12.125
4356_7_21,大日川ダム,2026-09-12T18:00,320.58,7.5,12.8,12.106
4356_7_21,大日川ダム,2026-09-12T19:00,320.55,4.87,12.82,12.077
4356_7_21,大日川ダム,2026-09-12T20:00,320.53,7.5,12.79,12.058
4356_7_21,大日川ダム,2026-09-12T21:00,320.5,4.86,12.85,12.03
4361_7_31,北河内ダム,2026-09-12T17:00,129.11,0.39,0.39,1.362
4361_7_31,北河内ダム,2026-09-12T18:00,129.11,0.39,0.39,1.362
4361_7_31,北河内ダム,2026-09-12T19:00,129.11,0.39,0.39,1.362
4361_7_31,北河内ダム,2026-09-12T20:00,129.11,0.39,0.39,1.362
4361_7_31,北河内ダム,2026-09-12T21:00,129.11,0.39,0.39,1.362
4361_7_41,八ヶ川ダム,2026-09-12T17:00,130.78,0.25,0.32,0.98
4361_7_41,八ヶ川ダム,2026-09-12T18:00,130.78,0.25,0.36,0.98
4361_7_41,八ヶ川ダム,2026-09-12T19:00,130.78,0.36,0.36,0.98
4361_7_41,八ヶ川ダム,2026-09-12T20:00,130.77,0.24,0.31,0.979
4361_7_41,八ヶ川ダム,2026-09-12T21:00,130.77,0.24,0.36,0.979
4362_7_51,小屋ダム,2026-09-12T17:00,87.19,0.47,0.79,1.059
4362_7_51,小屋ダム,2026-09-12T18:00,87.18,0.47,0.8,1.057
4362_7_51,小屋ダム,2026-09-12T19:00,87.16,0.27,0.79,1.055
4362_7_51,小屋ダム,2026-09-12T20:00,87.15,0.34,0.79,1.054
4362_7_51,小屋ダム,2026-09-12T21:00,87.14,0.47,0.79,1.053
4369_7_61,犀川ダム,2026-09-12T17:00,336.22,5.87,5.87,4.484
4369_7_61,犀川ダム,2026-09-12T18:00,336.21,4.72,5.87,4.48
4369_7_61,犀川ダム,2026-09-12T19:00,336.2,4.72,5.87,4.476
4369_7_61,犀川ダム,2026-09-12T20:00,336.2,5.87,5.87,4.476
4369_7_61,犀川ダム,2026-09-12T21:00,336.19,4.72,5.87,4.472
4369_7_62,内川ダム,2026-09-12T17:00,223.86,2.87,5.89,4.338
4369_7_62,内川ダム,2026-09-12T18:00,223.81,3.69,7.81,4.323
4369_7_62,内川ダム,2026-09-12T19:00,223.74,2.65,7.83,4.302
4369_7_62,内川ダム,2026-09-12T20:00,223.68,2.7,7.91,4.284
4369_7_62,内川ダム,2026-09-12T21:00,223.62,2.7,7.9,4.267
4369_7_63,新内川ダム,2026-09-12T17:00,105.25,,1.71,
4369_7_63,新内川ダム,2026-09-12T18:00,106.75,,4.77,
4369_7_63,新内川ダム,2026-09-12T19:00,107.3,,8.82,
4369_7_63,新内川ダム,2026-09-12T20:00,107.32,,9.14,
4369_7_63,新内川ダム,2026-09-12T21:00,107.32,,9.14,
4369_7_64,赤瀬ダム,2026-09-12T17:00,105.14,1.49,1.49,0.0
4369_7_64,赤瀬ダム,2026-09-12T18:00,105.15,1.9,1.49,0.0
4369_7_64,赤瀬ダム,2026-09-12T19:00,105.15,1.49,1.49,0.0
4369_7_64,赤瀬ダム,2026-09-12T20:00,105.15,1.49,1.49,0.0
4369_7_64,赤瀬ダム,2026-09-12T21:00,105.15,1.49,1.49,0.0
4369_7_65,辰巳ダム,2026-09-12T17:00,97.73,2.95,2.95,0.006
4369_7_65,辰巳ダム,2026-09-12T18:00,97.73,2.95,2.95,0.006
4369_7_65,辰巳ダム,2026-09-12T19:00,97.73,2.95,2.95,0.006
4369_7_65,辰巳ダム,2026-09-12T20:00,97.73,2.9,2.95,0.006
4369_7_65,辰巳ダム,2026-09-12T21:00,97.73,2.95,2.95,0.006
21565_7_1,手取川ダム,2026-09-13T00:00,448.85,22.38,0.49,114.743
21565_7_1,手取川ダム,2026-09-13T01:00,448.87,21.35,0.49,114.823
21565_7_1,手取川ダム,2026-09-13T02:00,448.89,22.74,0.49,114.903
4354_7_1,我谷ダム,2026-09-13T00:00,137.57,9.6,10.62,2.831
4354_7_1,我谷ダム,2026-09-13T01:00,137.56,9.61,10.61,2.827
4354_7_1,我谷ダム,2026-09-13T02:00,137.55,9.61,10.61,2.823
4354_7_2,九谷ダム,2026-09-13T00:00,183.33,5.17,8.67,2.908
4354_7_2,九谷ダム,2026-09-13T01:00,183.31,5.69,8.63,2.897
4354_7_2,九谷ダム,2026-09-13T02:00,183.29,5.62,8.55,2.887
4356_7_21,大日川ダム,2026-09-13T00:00,320.42,4.85,12.81,11.953
4356_7_21,大日川ダム,2026-09-13T01:00,320.39,6.94,12.76,11.925
4356_7_21,大日川ダム,2026-09-13T02:00,320.37,5.42,12.78,11.906
4361_7_31,北河内ダム,2026-09-13T00:00,129.1,0.35,0.35,1.36
4361_7_31,北河内ダム,2026-09-13T01:00,129.1,0.36,0.36,1.36
4361_7_31,北河内ダム,2026-09-13T02:00,129.1,0.34,0.34,1.36
4361_7_41,八ヶ川ダム,2026-09-13T00:00,130.76,0.23,0.3,0.978
4361_7_41,八ヶ川ダム,2026-09-13T01:00,130.76,0.23,0.3,0.978
4361_7_41,八ヶ川ダム,2026-09-13T02:00,130.76,0.34,0.34,0.978
4362_7_51,小屋ダム,2026-09-13T00:00,87.1,0.46,0.79,1.048
4362_7_51,小屋ダム,2026-09-13T01:00,87.08,0.24,0.8,1.046
4362_7_51,小屋ダム,2026-09-13T02:00,87.07,0.24,0.8,1.044
4369_7_61,犀川ダム,2026-09-13T00:00,336.17,4.72,5.87,4.464
4369_7_61,犀川ダム,2026-09-13T01:00,336.16,5.53,5.87,4.46
4369_7_61,犀川ダム,2026-09-13T02:00,336.16,5.07,5.87,4.46
4369_7_62,内川ダム,2026-09-13T00:00,223.51,1.92,0.0,4.234
4369_7_62,内川ダム,2026-09-13T01:00,223.54,2.47,0.0,4.243
4369_7_62,内川ダム,2026-09-13T02:00,223.58,2.72,0.0,4.255
4369_7_63,新内川ダム,2026-09-13T00:00,106.96,,1.96,
4369_7_63,新内川ダム,2026-09-13T01:00,106.67,,2.0,
4369_7_63,新内川ダム,2026-09-13T02:00,106.33,,2.03,
4369_7_64,赤瀬ダム,2026-09-13T00:00,105.16,1.49,1.49,0.0
4369_7_64,赤瀬ダム,2026-09-13T01:00,105.16,1.49,1.49,0.0
4369_7_64,赤瀬ダム,2026-09-13T02:00,105.16,1.49,1.49,0.0
4369_7_65,辰巳ダム,2026-09-13T00:00,97.74,3.01,3.01,0.006
4369_7_65,辰巳ダム,2026-09-13T01:00,97.74,3.01,3.01,0.006
4369_7_65,辰巳ダム,2026-09-13T02:00,97.73,2.95,2.95,0.006
21565_7_1,手取川ダム,2026-09-13T03:00,448.92,20.12,0.49,115.023
21565_7_1,手取川ダム,2026-09-13T04:00,448.94,22.02,0.49,115.103
21565_7_1,手取川ダム,2026-09-13T05:00,448.96,32.28,0.49,115.184
21565_7_1,手取川ダム,2026-09-13T06:00,448.98,21.35,0.49,115.264
21565_7_1,手取川ダム,2026-09-13T07:00,449.0,22.02,0.49,115.344
4354_7_1,我谷ダム,2026-09-13T03:00,137.54,9.61,10.62,2.82
4354_7_1,我谷ダム,2026-09-13T04:00,137.53,9.6,10.6,2.816
4354_7_1,我谷ダム,2026-09-13T05:00,137.52,9.6,10.6,2.812
4354_7_1,我谷ダム,2026-09-13T06:00,137.5,8.59,10.63,2.805
4354_7_1,我谷ダム,2026-09-13T07:00,137.49,9.6,10.58,2.801
4354_7_2,九谷ダム,2026-09-13T03:00,183.27,5.54,8.48,2.876
4354_7_2,九谷ダム,2026-09-13T04:00,183.25,5.47,8.39,2.865
4354_7_2,九谷ダム,2026-09-13T05:00,183.23,5.4,8.27,2.855
4354_7_2,九谷ダム,2026-09-13T06:00,183.21,5.32,8.22,2.844
4354_7_2,九谷ダム,2026-09-13T07:00,183.18,5.1,8.13,2.828
4356_7_21,大日川ダム,2026-09-13T03:00,320.34,5.17,12.84,11.877
4356_7_21,大日川ダム,2026-09-13T04:00,320.31,6.74,12.76,11.849
4356_7_21,大日川ダム,2026-09-13T05:00,320.29,5.41,12.74,11.83
4356_7_21,大日川ダム,2026-09-13T06:00,320.26,4.89,12.79,11.801
4356_7_21,大日川ダム,2026-09-13T07:00,320.23,4.88,12.76,11.773
4361_7_31,北河内ダム,2026-09-13T03:00,129.1,0.35,0.35,1.36
4361_7_31,北河内ダム,2026-09-13T04:00,129.1,0.34,0.34,1.36
4361_7_31,北河内ダム,2026-09-13T05:00,129.1,0.35,0.35,1.36
4361_7_31,北河内ダム,2026-09-13T06:00,129.1,0.34,0.34,1.36
4361_7_31,北河内ダム,2026-09-13T07:00,129.1,0.34,0.34,1.36
4361_7_41,八ヶ川ダム,2026-09-13T03:00,130.76,0.3,0.3,0.978
4361_7_41,八ヶ川ダム,2026-09-13T04:00,130.75,0.24,0.3,0.976
4361_7_41,八ヶ川ダム,2026-09-13T05:00,130.75,0.24,0.34,0.976
4361_7_41,八ヶ川ダム,2026-09-13T06:00,130.75,0.3,0.3,0.976
4361_7_41,八ヶ川ダム,2026-09-13T07:00,130.75,0.34,0.34,0.976
4362_7_51,小屋ダム,2026-09-13T03:00,87.05,0.46,0.79,1.042
4362_7_51,小屋ダム,2026-09-13T04:00,87.03,0.18,0.79,1.04
4362_7_51,小屋ダム,2026-09-13T05:00,87.03,0.53,0.79,1.04
4362_7_51,小屋ダム,2026-09-13T06:00,87.01,0.24,0.78,1.037
4362_7_51,小屋ダム,2026-09-13T07:00,86.99,0.2,0.78,1.035
4369_7_61,犀川ダム,2026-09-13T03:00,336.15,4.72,5.87,4.455
4369_7_61,犀川ダム,2026-09-13T04:00,336.14,4.72,5.87,4.451
4369_7_61,犀川ダム,2026-09-13T05:00,336.13,4.72,5.87,4.447
4369_7_61,犀川ダム,2026-09-13T06:00,336.12,4.72,5.87,4.443
4369_7_61,犀川ダム,2026-09-13T07:00,336.11,4.72,5.87,4.439
4369_7_62,内川ダム,2026-09-13T03:00,223.61,2.72,0.0,4.264
4369_7_62,内川ダム,2026-09-13T04:00,223.64,2.72,0.0,4.273
4369_7_62,内川ダム,2026-09-13T05:00,223.67,2.62,5.89,4.281
4369_7_62,内川ダム,2026-09-13T06:00,223.62,3.22,7.85,4.267
4369_7_62,内川ダム,2026-09-13T07:00,223.55,2.34,7.88,4.246
4369_7_63,新内川ダム,2026-09-13T03:00,105.98,,1.97,
4369_7_63,新内川ダム,2026-09-13T04:00,105.62,,2.08,
4369_7_63,新内川ダム,2026-09-13T05:00,105.25,,1.7,
4369_7_63,新内川ダム,2026-09-13T06:00,106.76,,4.88,
4369_7_63,新内川ダム,2026-09-13T07:00,107.32,,8.74,
4369_7_64,赤瀬ダム,2026-09-13T03:00,105.16,1.49,1.49,0.0
4369_7_64,赤瀬ダム,2026-09-13T04:00,105.15,1.08,1.49,0.0
4369_7_64,赤瀬ダム,2026-09-13T05:00,105.15,1.49,1.49,0.0
4369_7_64,赤瀬ダム,2026-09-13T06:00,105.15,1.49,1.49,0.0
4369_7_64,赤瀬ダム,2026-09-13T07:00,105.15,1.49,1.49,0.0
4369_7_65,辰巳ダム,2026-09-13T03:00,97.73,2.95,2.95,0.006
4369_7_65,辰巳ダム,2026-09-13T04:00,97.74,3.01,3.01,0.006
4369_7_65,辰巳ダム,2026-09-13T05:00,97.73,2.95,2.95,0.006
4369_7_65,辰巳ダム,2026-09-13T06:00,97.72,2.9,2.9,0.006
4369_7_65,辰巳ダム,2026-09-13T07:00,97.72,2.9,2.9,0.006
21565_7_1,手取川ダム,2026-09-13T08:00,449.02,27.59,0.49,115.425
21565_7_1,手取川ダム,2026-09-13T09:00,449.04,21.66,0.49,115.506
21565_7_1,手取川ダム,2026-09-13T10:00,449.06,23.08,0.49,115.588
21565_7_1,手取川ダム,2026-09-13T11:00,449.08,27.59,0.49,115.669
21565_7_1,手取川ダム,2026-09-13T12:00,449.1,21.67,0.49,115.75
21565_7_1,手取川ダム,2026-09-13T13:00,449.12,28.72,0.49,115.832
21565_7_1,手取川ダム,2026-09-13T14:00,449.14,21.02,0.49,115.913
21565_7_1,手取川ダム,2026-09-13T15:00,449.16,21.66,0.49,115.994
21565_7_1,手取川ダム,2026-09-13T16:00,449.18,23.85,0.49,116.076
4354_7_1,我谷ダム,2026-09-13T08:00,137.47,8.88,10.6,2.794
4354_7_1,我谷ダム,2026-09-13T09:00,137.46,9.3,10.6,2.79
4354_7_1,我谷ダム,2026-09-13T10:00,137.44,8.78,10.59,2.783
4354_7_1,我谷ダム,2026-09-13T11:00,137.43,9.39,10.59,2.78
4354_7_1,我谷ダム,2026-09-13T12:00,137.41,8.58,10.6,2.772
4354_7_1,我谷ダム,2026-09-13T13:00,137.39,9.19,10.6,2.765
4354_7_1,我谷ダム,2026-09-13T14:00,137.38,8.98,10.59,2.761
4354_7_1,我谷ダム,2026-09-13T15:00,137.36,8.58,10.61,2.754
4354_7_1,我谷ダム,2026-09-13T16:00,137.34,8.78,10.6,2.747
4354_7_2,九谷ダム,2026-09-13T08:00,183.16,4.88,8.05,2.818
4354_7_2,九谷ダム,2026-09-13T09:00,183.14,4.66,7.98,2.807
4354_7_2,九谷ダム,2026-09-13T10:00,183.12,4.59,7.93,2.797
4354_7_2,九谷ダム,2026-09-13T11:00,183.1,4.81,7.86,2.786
4354_7_2,九谷ダム,2026-09-13T12:00,183.08,4.88,7.77,2.775
4354_7_2,九谷ダム,2026-09-13T13:00,183.06,4.81,7.71,2.765
4354_7_2,九谷ダム,2026-09-13T14:00,183.04,4.74,7.65,2.754
4354_7_2,九谷ダム,2026-09-13T15:00,183.02,4.66,7.58,2.743
4354_7_2,九谷ダム,2026-09-13T16:00,182.99,4.17,7.5,2.729
4356_7_21,大日川ダム,2026-09-13T08:00,320.2,6.46,12.79,11.744
4356_7_21,大日川ダム,2026-09-13T09:00,320.18,5.97,12.8,11.726
4356_7_21,大日川ダム,2026-09-13T10:00,320.15,4.93,12.85,11.697
4356_7_21,大日川ダム,2026-09-13T11:00,320.12,5.18,12.79,11.669
4356_7_21,大日川ダム,2026-09-13T12:00,320.1,7.29,12.74,11.65
4356_7_21,大日川ダム,2026-09-13T13:00,320.07,4.92,12.76,11.622
4356_7_21,大日川ダム,2026-09-13T14:00,320.04,4.92,12.76,11.594
4356_7_21,大日川ダム,2026-09-13T15:00,320.01,4.92,12.75,11.566
4356_7_21,大日川ダム,2026-09-13T16:00,319.98,4.96,12.78,11.538
4361_7_31,北河内ダム,2026-09-13T08:00,129.09,0.0,0.33,1.358
4361_7_31,北河内ダム,2026-09-13T09:00,129.09,0.33,0.33,1.358
4361_7_31,北河内ダム,2026-09-13T10:00,129.09,0.33,0.33,1.358
4361_7_31,北河内ダム,2026-09-13T11:00,129.09,0.31,0.31,1.358
4361_7_31,北河内ダム,2026-09-13T12:00,129.09,0.31,0.31,1.358
4361_7_31,北河内ダム,2026-09-13T13:00,129.09,0.33,0.33,1.358
4361_7_31,北河内ダム,2026-09-13T14:00,129.09,0.33,0.33,1.358
4361_7_31,北河内ダム,2026-09-13T15:00,129.09,0.31,0.31,1.358
4361_7_31,北河内ダム,2026-09-13T16:00,129.09,0.31,0.31,1.358
4361_7_41,八ヶ川ダム,2026-09-13T08:00,130.74,0.24,0.33,0.975
4361_7_41,八ヶ川ダム,2026-09-13T09:00,130.74,0.24,0.29,0.975
4361_7_41,八ヶ川ダム,2026-09-13T10:00,130.74,0.34,0.34,0.975
4361_7_41,八ヶ川ダム,2026-09-13T11:00,130.74,0.29,0.29,0.975
4361_7_41,八ヶ川ダム,2026-09-13T12:00,130.73,0.23,0.32,0.974
4361_7_41,八ヶ川ダム,2026-09-13T13:00,130.73,0.23,0.32,0.974
4361_7_41,八ヶ川ダム,2026-09-13T14:00,130.73,0.28,0.28,0.974
4361_7_41,八ヶ川ダム,2026-09-13T15:00,130.73,0.32,0.32,0.974
4361_7_41,八ヶ川ダム,2026-09-13T16:00,130.72,0.22,0.31,0.973
4362_7_51,小屋ダム,2026-09-13T08:00,86.98,0.41,0.8,1.034
4362_7_51,小屋ダム,2026-09-13T09:00,86.97,0.47,0.79,1.033
4362_7_51,小屋ダム,2026-09-13T10:00,86.95,0.15,0.79,1.031
4362_7_51,小屋ダム,2026-09-13T11:00,86.94,0.47,0.79,1.029
4362_7_51,小屋ダム,2026-09-13T12:00,86.92,0.15,0.79,1.027
4362_7_51,小屋ダム,2026-09-13T13:00,86.92,0.79,0.78,1.027
4362_7_51,小屋ダム,2026-09-13T14:00,86.9,0.28,0.78,1.025
4362_7_51,小屋ダム,2026-09-13T15:00,86.89,0.34,0.79,1.024
4362_7_51,小屋ダム,2026-09-13T16:00,86.87,0.31,0.79,1.021
4369_7_61,犀川ダム,2026-09-13T08:00,336.1,4.72,5.87,4.435
4369_7_61,犀川ダム,2026-09-13T09:00,336.09,4.72,5.87,4.431
4369_7_61,犀川ダム,2026-09-13T10:00,336.09,5.87,5.87,4.431
4369_7_61,犀川ダム,2026-09-13T11:00,336.07,3.92,5.87,4.422
4369_7_61,犀川ダム,2026-09-13T12:00,336.06,4.38,5.87,4.418
4369_7_61,犀川ダム,2026-09-13T13:00,336.05,4.72,5.87,4.414
4369_7_61,犀川ダム,2026-09-13T14:00,336.04,4.72,5.87,4.41
4369_7_61,犀川ダム,2026-09-13T15:00,336.03,4.72,5.87,4.406
4369_7_61,犀川ダム,2026-09-13T16:00,336.02,4.72,5.87,4.402
4369_7_62,内川ダム,2026-09-13T08:00,223.48,2.4,7.9,4.225
4369_7_62,内川ダム,2026-09-13T09:00,223.42,2.58,7.89,4.207
4369_7_62,内川ダム,2026-09-13T10:00,223.35,2.39,2.65,4.187
4369_7_62,内川ダム,2026-09-13T11:00,223.37,1.84,0.0,4.192
4369_7_62,内川ダム,2026-09-13T12:00,223.4,2.47,0.0,4.201
4369_7_62,内川ダム,2026-09-13T13:00,223.43,2.47,0.0,4.21
4369_7_62,内川ダム,2026-09-13T14:00,223.46,2.47,0.0,4.219
4369_7_62,内川ダム,2026-09-13T15:00,223.49,2.47,0.0,4.228
4369_7_62,内川ダム,2026-09-13T16:00,223.52,2.31,0.0,4.237
4369_7_63,新内川ダム,2026-09-13T08:00,107.33,,9.16,
4369_7_63,新内川ダム,2026-09-13T09:00,107.33,,9.17,
4369_7_63,新内川ダム,2026-09-13T10:00,107.3,,6.22,
4369_7_63,新内川ダム,2026-09-13T11:00,107.0,,1.76,
4369_7_63,新内川ダム,2026-09-13T12:00,106.75,,1.82,
4369_7_63,新内川ダム,2026-09-13T13:00,106.46,,1.85,
4369_7_63,新内川ダム,2026-09-13T14:00,106.18,,1.81,
4369_7_63,新内川ダム,2026-09-13T15:00,105.86,,1.77,
4369_7_63,新内川ダム,2026-09-13T16:00,105.55,,1.76,
4369_7_64,赤瀬ダム,2026-09-13T08:00,105.14,1.08,1.49,0.0
4369_7_64,赤瀬ダム,2026-09-13T09:00,105.14,1.49,1.49,0.0
4369_7_64,赤瀬ダム,2026-09-13T10:00,105.14,1.49,1.49,0.0
4369_7_64,赤瀬ダム,2026-09-13T11:00,105.13,1.08,1.49,0.0
4369_7_64,赤瀬ダム,2026-09-13T12:00,105.13,1.49,1.49,0.0
4369_7_64,赤瀬ダム,2026-09-13T13:00,105.12,1.08,1.49,0.0
4369_7_64,赤瀬ダム,2026-09-13T14:00,105.12,1.49,1.49,0.0
4369_7_64,赤瀬ダム,2026-09-13T15:00,105.11,1.08,1.49,0.0
4369_7_64,赤瀬ダム,2026-09-13T16:00,105.1,1.16,1.49,0.0
4369_7_65,辰巳ダム,2026-09-13T08:00,97.72,2.9,2.9,0.006
4369_7_65,辰巳ダム,2026-09-13T09:00,97.72,2.93,2.9,0.006
4369_7_65,辰巳ダム,2026-09-13T10:00,97.72,2.9,2.9,0.006
4369_7_65,辰巳ダム,2026-09-13T11:00,97.72,2.9,2.9,0.006
4369_7_65,辰巳ダム,2026-09-13T12:00,97.72,2.9,2.9,0.006
4369_7_65,辰巳ダム,2026-09-13T13:00,97.72,2.9,2.9,0.006
4369_7_65,辰巳ダム,2026-09-13T14:00,97.72,2.9,2.9,0.006
4369_7_65,辰巳ダム,2026-09-13T15:00,97.72,2.9,2.9,0.006
4369_7_65,辰巳ダム,2026-09-13T16:00,97.72,2.9,2.9,0.006
21565_7_1,手取川ダム,2026-09-13T17:00,449.2,21.66,0.49,116.157
21565_7_1,手取川ダム,2026-09-13T18:00,449.2,21.66,30.75,116.157
21565_7_1,手取川ダム,2026-09-13T19:00,449.19,21.66,30.04,116.116
21565_7_1,手取川ダム,2026-09-13T20:00,449.2,21.66,0.49,116.157
21565_7_1,手取川ダム,2026-09-13T21:00,449.2,21.66,29.83,116.157
21565_7_1,手取川ダム,2026-09-13T22:00,449.2,21.66,0.49,116.157
4354_7_1,我谷ダム,2026-09-13T17:00,137.32,9.29,10.59,2.739
4354_7_1,我谷ダム,2026-09-13T18:00,137.31,8.68,10.59,2.736
4354_7_1,我谷ダム,2026-09-13T19:00,137.29,8.57,10.6,2.728
4354_7_1,我谷ダム,2026-09-13T20:00,137.27,8.67,10.6,2.721
4354_7_1,我谷ダム,2026-09-13T21:00,137.26,9.48,10.57,2.718
4354_7_1,我谷ダム,2026-09-13T22:00,137.24,8.57,10.58,2.71
4354_7_2,九谷ダム,2026-09-13T17:00,182.97,5.05,7.44,2.722
4354_7_2,九谷ダム,2026-09-13T18:00,182.95,5.26,7.52,2.715
4354_7_2,九谷ダム,2026-09-13T19:00,182.92,5.26,7.5,2.704
4354_7_2,九谷ダム,2026-09-13T20:00,182.9,4.85,7.53,2.696
4354_7_2,九谷ダム,2026-09-13T21:00,182.88,5.25,7.49,2.689
4354_7_2,九谷ダム,2026-09-13T22:00,182.86,5.45,7.48,2.682
4356_7_21,大日川ダム,2026-09-13T17:00,319.95,5.76,12.77,11.51
4356_7_21,大日川ダム,2026-09-13T18:00,319.92,4.47,12.79,11.482
4356_7_21,大日川ダム,2026-09-13T19:00,319.89,5.5,12.76,11.454
4356_7_21,大日川ダム,2026-09-13T20:00,319.86,5.76,12.69,11.426
4356_7_21,大日川ダム,2026-09-13T21:00,319.84,6.01,12.77,11.407
4356_7_21,大日川ダム,2026-09-13T22:00,319.8,4.45,12.68,11.37
4361_7_31,北河内ダム,2026-09-13T17:00,129.09,0.33,0.33,1.358
4361_7_31,北河内ダム,2026-09-13T18:00,129.08,0.0,0.31,1.356
4361_7_31,北河内ダム,2026-09-13T19:00,129.08,0.31,0.31,1.356
4361_7_31,北河内ダム,2026-09-13T20:00,129.08,0.31,0.31,1.356
4361_7_31,北河内ダム,2026-09-13T21:00,129.1,1.3,0.35,1.36
4361_7_31,北河内ダム,2026-09-13T22:00,129.17,3.46,0.55,1.372
4361_7_41,八ヶ川ダム,2026-09-13T17:00,130.72,0.22,0.27,0.973
4361_7_41,八ヶ川ダム,2026-09-13T18:00,130.72,0.31,0.31,0.973
4361_7_41,八ヶ川ダム,2026-09-13T19:00,130.72,0.31,0.31,0.973
4361_7_41,八ヶ川ダム,2026-09-13T20:00,130.72,0.31,0.31,0.973
4361_7_41,八ヶ川ダム,2026-09-13T21:00,130.74,0.43,0.33,0.975
4361_7_41,八ヶ川ダム,2026-09-13T22:00,130.76,1.32,0.34,0.978
4362_7_51,小屋ダム,2026-09-13T17:00,86.86,0.31,0.78,1.02
4362_7_51,小屋ダム,2026-09-13T18:00,86.85,0.47,0.79,1.019
4362_7_51,小屋ダム,2026-09-13T19:00,86.83,0.15,0.79,1.017
4362_7_51,小屋ダム,2026-09-13T20:00,86.81,0.25,0.79,1.014
4362_7_51,小屋ダム,2026-09-13T21:00,86.8,0.37,0.78,1.013
4362_7_51,小屋ダム,2026-09-13T22:00,86.78,0.15,0.79,1.011
4369_7_61,犀川ダム,2026-09-13T17:00,336.01,4.72,5.87,4.397
4369_7_61,犀川ダム,2026-09-13T18:00,336.0,4.72,5.87,4.393
4369_7_61,犀川ダム,2026-09-13T19:00,335.98,3.62,5.87,4.385
4369_7_61,犀川ダム,2026-09-13T20:00,335.97,4.75,5.87,4.381
4369_7_61,犀川ダム,2026-09-13T21:00,335.95,4.64,5.87,4.373
4369_7_61,犀川ダム,2026-09-13T22:00,335.94,4.19,5.87,4.369
4369_7_62,内川ダム,2026-09-13T17:00,223.54,1.88,5.91,4.243
4369_7_62,内川ダム,2026-09-13T18:00,223.49,3.47,7.84,4.228
4369_7_62,内川ダム,2026-09-13T19:00,223.42,2.36,7.95,4.207
4369_7_62,内川ダム,2026-09-13T20:00,223.35,2.16,7.9,4.187
4369_7_62,内川ダム,2026-09-13T21:00,223.28,2.26,7.9,4.166
4369_7_62,内川ダム,2026-09-13T22:00,223.22,2.4,2.6,4.148
4369_7_63,新内川ダム,2026-09-13T17:00,105.25,,1.84,
4369_7_63,新内川ダム,2026-09-13T18:00,106.73,,4.88,
4369_7_63,新内川ダム,2026-09-13T19:00,107.3,,8.63,
4369_7_63,新内川ダム,2026-09-13T20:00,107.32,,9.11,
4369_7_63,新内川ダム,2026-09-13T21:00,107.33,,9.12,
4369_7_63,新内川ダム,2026-09-13T22:00,107.3,,6.27,
4369_7_64,赤瀬ダム,2026-09-13T17:00,105.1,1.41,1.49,0.0
4369_7_64,赤瀬ダム,2026-09-13T18:00,105.09,1.08,1.49,0.0
4369_7_64,赤瀬ダム,2026-09-13T19:00,105.08,1.08,1.48,0.0
4369_7_64,赤瀬ダム,2026-09-13T20:00,105.07,1.19,1.48,0.0
4369_7_64,赤瀬ダム,2026-09-13T21:00,105.07,1.32,1.48,0.0
4369_7_64,赤瀬ダム,2026-09-13T22:00,105.06,1.11,1.48,0.0
4369_7_65,辰巳ダム,2026-09-13T17:00,97.71,2.92,2.85,0.006
4369_7_65,辰巳ダム,2026-09-13T18:00,97.69,2.64,2.75,0.006
4369_7_65,辰巳ダム,2026-09-13T19:00,97.71,2.85,2.85,0.006
4369_7_65,辰巳ダム,2026-09-13T20:00,97.72,2.9,2.9,0.006
4369_7_65,辰巳ダム,2026-09-13T21:00,97.73,2.98,2.95,0.006
4369_7_65,辰巳ダム,2026-09-13T22:00,97.72,2.89,2.9,0.006
21565_7_1,手取川ダム,2026-09-14T00:00,449.24,18.32,0.49,116.319
21565_7_1,手取川ダム,2026-09-14T01:00,449.26,19.85,0.49,116.401
21565_7_1,手取川ダム,2026-09-14T02:00,449.28,20.42,0.49,116.482
4354_7_1,我谷ダム,2026-09-14T00:00,137.2,8.55,10.58,2.696
4354_7_1,我谷ダム,2026-09-14T01:00,137.18,8.56,10.55,2.688
4354_7_1,我谷ダム,2026-09-14T02:00,137.16,9.16,10.57,2.681
4354_7_2,九谷ダム,2026-09-14T00:00,182.81,5.44,7.47,2.663
4354_7_2,九谷ダム,2026-09-14T01:00,182.78,4.52,7.48,2.652
4354_7_2,九谷ダム,2026-09-14T02:00,182.76,5.34,7.44,2.645
4356_7_21,大日川ダム,2026-09-14T00:00,319.74,6.03,12.81,11.314
4356_7_21,大日川ダム,2026-09-14T01:00,319.71,4.23,12.79,11.286
4356_7_21,大日川ダム,2026-09-14T02:00,319.68,6.03,12.83,11.258
4361_7_31,北河内ダム,2026-09-14T00:00,129.26,2.11,0.92,1.388
4361_7_31,北河内ダム,2026-09-14T01:00,129.27,1.76,0.96,1.39
4361_7_31,北河内ダム,2026-09-14T02:00,129.28,1.45,0.98,1.392
4361_7_41,八ヶ川ダム,2026-09-14T00:00,130.81,0.88,0.37,0.984
4361_7_41,八ヶ川ダム,2026-09-14T01:00,130.82,0.79,0.37,0.985
4361_7_41,八ヶ川ダム,2026-09-14T02:00,130.83,0.77,0.43,0.986
4362_7_51,小屋ダム,2026-09-14T00:00,86.77,0.6,0.79,1.01
4362_7_51,小屋ダム,2026-09-14T01:00,86.77,0.79,0.79,1.01
4362_7_51,小屋ダム,2026-09-14T02:00,86.77,0.79,0.78,1.01
4369_7_61,犀川ダム,2026-09-14T00:00,335.92,4.75,5.87,4.361
4369_7_61,犀川ダム,2026-09-14T01:00,335.9,3.73,5.87,4.353
4369_7_61,犀川ダム,2026-09-14T02:00,335.89,4.64,5.87,4.349
4369_7_62,内川ダム,2026-09-14T00:00,223.26,2.31,0.0,4.16
4369_7_62,内川ダム,2026-09-14T01:00,223.29,2.47,0.0,4.169
4369_7_62,内川ダム,2026-09-14T02:00,223.32,2.47,0.0,4.178
4369_7_63,新内川ダム,2026-09-14T00:00,106.75,,1.79,
4369_7_63,新内川ダム,2026-09-14T01:00,106.48,,1.83,
4369_7_63,新内川ダム,2026-09-14T02:00,106.18,,1.79,
4369_7_64,赤瀬ダム,2026-09-14T00:00,105.04,1.07,1.48,0.0
4369_7_64,赤瀬ダム,2026-09-14T01:00,105.03,1.07,1.48,0.0
4369_7_64,赤瀬ダム,2026-09-14T02:00,105.02,1.07,1.48,0.0
4369_7_65,辰巳ダム,2026-09-14T00:00,97.71,2.85,2.85,0.006
4369_7_65,辰巳ダム,2026-09-14T01:00,97.7,2.8,2.8,0.006
4369_7_65,辰巳ダム,2026-09-14T02:00,97.69,2.79,2.75,0.006
21565_7_1,手取川ダム,2026-09-14T03:00,449.29,21.02,0.49,116.523
21565_7_1,手取川ダム,2026-09-14T04:00,449.31,23.86,0.49,116.604
21565_7_1,手取川ダム,2026-09-14T05:00,449.33,21.67,0.49,116.685
21565_7_1,手取川ダム,2026-09-14T06:00,449.35,15.55,0.49,116.767
21565_7_1,手取川ダム,2026-09-14T07:00,449.37,20.42,0.49,116.848
4354_7_1,我谷ダム,2026-09-14T03:00,137.15,8.95,10.57,2.677
4354_7_1,我谷ダム,2026-09-14T04:00,137.13,8.46,10.54,2.67
4354_7_1,我谷ダム,2026-09-14T05:00,137.11,8.51,10.55,2.663
4354_7_1,我谷ダム,2026-09-14T06:00,137.09,8.51,10.54,2.656
4354_7_1,我谷ダム,2026-09-14T07:00,137.07,8.91,10.53,2.648
4354_7_2,九谷ダム,2026-09-14T03:00,182.73,4.82,7.51,2.634
4354_7_2,九谷ダム,2026-09-14T04:00,182.71,5.02,7.47,2.626
4354_7_2,九谷ダム,2026-09-14T05:00,182.68,4.72,7.45,2.615
4354_7_2,九谷ダム,2026-09-14T06:00,182.66,5.12,7.43,2.608
4354_7_2,九谷ダム,2026-09-14T07:00,182.63,4.61,7.46,2.597
4356_7_21,大日川ダム,2026-09-14T03:00,319.66,5.27,12.69,11.24
4356_7_21,大日川ダム,2026-09-14T04:00,319.63,5.01,12.71,11.212
4356_7_21,大日川ダム,2026-09-14T05:00,319.6,5.0,12.77,11.184
4356_7_21,大日川ダム,2026-09-14T06:00,319.57,5.07,12.78,11.157
4356_7_21,大日川ダム,2026-09-14T07:00,319.53,4.29,12.78,11.12
4361_7_31,北河内ダム,2026-09-14T03:00,129.28,1.0,1.0,1.392
4361_7_31,北河内ダム,2026-09-14T04:00,129.28,0.98,0.98,1.392
4361_7_31,北河内ダム,2026-09-14T05:00,129.29,1.48,1.04,1.394
4361_7_31,北河内ダム,2026-09-14T06:00,129.37,7.22,1.37,1.408
4361_7_31,北河内ダム,2026-09-14T07:00,129.59,14.24,2.61,1.447
4361_7_41,八ヶ川ダム,2026-09-14T03:00,130.83,0.77,0.39,0.986
4361_7_41,八ヶ川ダム,2026-09-14T04:00,130.84,0.57,0.45,0.988
4361_7_41,八ヶ川ダム,2026-09-14T05:00,130.84,0.57,0.45,0.988
4361_7_41,八ヶ川ダム,2026-09-14T06:00,130.86,0.47,0.44,0.99
4361_7_41,八ヶ川ダム,2026-09-14T07:00,130.9,2.11,0.55,0.995
4362_7_51,小屋ダム,2026-09-14T03:00,86.77,0.79,0.79,1.01
4362_7_51,小屋ダム,2026-09-14T04:00,86.78,1.11,0.79,1.011
4362_7_51,小屋ダム,2026-09-14T05:00,86.78,0.79,0.79,1.011
4362_7_51,小屋ダム,2026-09-14T06:00,86.78,0.79,0.79,1.011
4362_7_51,小屋ダム,2026-09-14T07:00,86.79,1.11,0.79,1.012
4369_7_61,犀川ダム,2026-09-14T03:00,335.87,4.19,5.87,4.341
4369_7_61,犀川ダム,2026-09-14T04:00,335.86,4.19,5.87,4.337
4369_7_61,犀川ダム,2026-09-14T05:00,335.84,4.07,5.87,4.329
4369_7_61,犀川ダム,2026-09-14T06:00,335.83,4.3,5.87,4.324
4369_7_61,犀川ダム,2026-09-14T07:00,335.81,3.62,5.87,4.316
4369_7_62,内川ダム,2026-09-14T03:00,223.35,2.31,0.0,4.187
4369_7_62,内川ダム,2026-09-14T04:00,223.38,1.98,0.0,4.195
4369_7_62,内川ダム,2026-09-14T05:00,223.4,2.37,5.92,4.201
4369_7_62,内川ダム,2026-09-14T06:00,223.34,2.98,7.84,4.184
4369_7_62,内川ダム,2026-09-14T07:00,223.27,2.04,7.93,4.163
4369_7_63,新内川ダム,2026-09-14T03:00,105.88,,1.77,
4369_7_63,新内川ダム,2026-09-14T04:00,105.55,,1.77,
4369_7_63,新内川ダム,2026-09-14T05:00,105.25,,1.79,
4369_7_63,新内川ダム,2026-09-14T06:00,106.73,,4.77,
4369_7_63,新内川ダム,2026-09-14T07:00,107.3,,8.79,
4369_7_64,赤瀬ダム,2026-09-14T03:00,105.01,1.07,1.48,0.0
4369_7_64,赤瀬ダム,2026-09-14T04:00,105.0,1.07,1.48,0.0
4369_7_64,赤瀬ダム,2026-09-14T05:00,104.98,0.99,1.48,0.0
4369_7_64,赤瀬ダム,2026-09-14T06:00,104.97,0.91,1.48,0.0
4369_7_64,赤瀬ダム,2026-09-14T07:00,104.96,0.91,1.47,0.0
4369_7_65,辰巳ダム,2026-09-14T03:00,97.7,2.8,2.8,0.006
4369_7_65,辰巳ダム,2026-09-14T04:00,97.7,2.8,2.8,0.006
4369_7_65,辰巳ダム,2026-09-14T05:00,97.7,2.8,2.8,0.006
4369_7_65,辰巳ダム,2026-09-14T06:00,97.69,2.75,2.75,0.006
4369_7_65,辰巳ダム,2026-09-14T07:00,97.69,2.73,2.75,0.006
21565_7_1,手取川ダム,2026-09-14T08:00,449.38,15.89,0.49,116.889
21565_7_1,手取川ダム,2026-09-14T09:00,449.37,15.89,53.0,116.848
21565_7_1,手取川ダム,2026-09-14T10:00,449.28,0.0,60.43,116.482
21565_7_1,手取川ダム,2026-09-14T11:00,449.26,0.0,0.49,116.401
21565_7_1,手取川ダム,2026-09-14T12:00,449.25,0.0,30.47,116.36
21565_7_1,手取川ダム,2026-09-14T13:00,449.23,0.0,0.49,116.279
21565_7_1,手取川ダム,2026-09-14T14:00,449.25,22.64,0.49,116.36
21565_7_1,手取川ダム,2026-09-14T15:00,449.27,18.8,0.49,116.441
21565_7_1,手取川ダム,2026-09-14T16:00,449.28,14.32,8.69,116.482
4354_7_1,我谷ダム,2026-09-14T08:00,137.05,8.92,10.52,2.641
4354_7_1,我谷ダム,2026-09-14T09:00,137.05,8.64,8.94,2.641
4354_7_1,我谷ダム,2026-09-14T10:00,137.05,8.94,8.94,2.641
4354_7_1,我谷ダム,2026-09-14T11:00,137.04,7.93,8.94,2.637
4354_7_1,我谷ダム,2026-09-14T12:00,137.04,8.94,8.94,2.637
4354_7_1,我谷ダム,2026-09-14T13:00,137.04,8.94,8.95,2.637
4354_7_1,我谷ダム,2026-09-14T14:00,137.04,8.94,8.93,2.637
4354_7_1,我谷ダム,2026-09-14T15:00,137.04,8.94,8.96,2.637
4354_7_1,我谷ダム,2026-09-14T16:00,137.04,8.95,8.94,2.637
4354_7_2,九谷ダム,2026-09-14T08:00,182.61,5.22,7.5,2.59
4354_7_2,九谷ダム,2026-09-14T09:00,182.58,4.41,7.47,2.579
4354_7_2,九谷ダム,2026-09-14T10:00,182.55,4.4,7.44,2.568
4354_7_2,九谷ダム,2026-09-14T11:00,182.53,5.41,7.47,2.56
4354_7_2,九谷ダム,2026-09-14T12:00,182.5,4.39,7.48,2.549
4354_7_2,九谷ダム,2026-09-14T13:00,182.47,4.39,7.42,2.538
4354_7_2,九谷ダム,2026-09-14T14:00,182.44,4.62,7.52,2.527
4354_7_2,九谷ダム,2026-09-14T15:00,182.41,4.85,7.49,2.516
4354_7_2,九谷ダム,2026-09-14T16:00,182.38,4.75,7.51,2.505
4356_7_21,大日川ダム,2026-09-14T08:00,319.5,5.06,12.69,11.092
4356_7_21,大日川ダム,2026-09-14T09:00,319.47,4.03,12.71,11.065
4356_7_21,大日川ダム,2026-09-14T10:00,319.44,4.53,12.73,11.037
4356_7_21,大日川ダム,2026-09-14T11:00,319.41,5.04,12.73,11.009
4356_7_21,大日川ダム,2026-09-14T12:00,319.38,5.83,12.6,10.982
4356_7_21,大日川ダム,2026-09-14T13:00,319.35,4.33,12.69,10.954
4356_7_21,大日川ダム,2026-09-14T14:00,319.32,5.09,12.77,10.927
4356_7_21,大日川ダム,2026-09-14T15:00,319.29,4.84,12.69,10.9
4356_7_21,大日川ダム,2026-09-14T16:00,319.26,5.1,12.7,10.872
4361_7_31,北河内ダム,2026-09-14T08:00,129.85,15.94,4.34,1.493
4361_7_31,北河内ダム,2026-09-14T09:00,130.02,14.71,5.66,1.523
4361_7_31,北河内ダム,2026-09-14T10:00,130.1,9.4,6.34,1.538
4361_7_31,北河内ダム,2026-09-14T11:00,130.12,8.49,6.51,1.542
4361_7_31,北河内ダム,2026-09-14T12:00,130.11,6.4,6.4,1.54
4361_7_31,北河内ダム,2026-09-14T13:00,130.08,4.68,6.15,1.534
4361_7_31,北河内ダム,2026-09-14T14:00,130.04,3.53,5.83,1.527
4361_7_31,北河内ダム,2026-09-14T15:00,129.99,3.02,5.41,1.518
4361_7_31,北河内ダム,2026-09-14T16:00,129.95,2.91,5.09,1.51
4361_7_41,八ヶ川ダム,2026-09-14T08:00,131.01,4.74,0.7,1.008
4361_7_41,八ヶ川ダム,2026-09-14T09:00,131.14,5.24,1.03,1.025
4361_7_41,八ヶ川ダム,2026-09-14T10:00,131.26,5.54,1.28,1.041
4361_7_41,八ヶ川ダム,2026-09-14T11:00,131.36,3.62,1.58,1.053
4361_7_41,八ヶ川ダム,2026-09-14T12:00,131.42,3.85,1.74,1.061
4361_7_41,八ヶ川ダム,2026-09-14T13:00,131.47,3.35,1.86,1.067
4361_7_41,八ヶ川ダム,2026-09-14T14:00,131.5,2.88,1.98,1.071
4361_7_41,八ヶ川ダム,2026-09-14T15:00,131.51,2.67,1.96,1.073
4361_7_41,八ヶ川ダム,2026-09-14T16:00,131.52,2.52,2.03,1.074
4362_7_51,小屋ダム,2026-09-14T08:00,86.86,2.78,1.0,1.02
4362_7_51,小屋ダム,2026-09-14T09:00,87.03,6.41,0.99,1.04
4362_7_51,小屋ダム,2026-09-14T10:00,87.24,7.9,1.0,1.064
4362_7_51,小屋ダム,2026-09-14T11:00,87.4,6.44,1.0,1.083
4362_7_51,小屋ダム,2026-09-14T12:00,87.53,5.32,1.15,1.099
4362_7_51,小屋ダム,2026-09-14T13:00,87.63,4.57,1.6,1.111
4362_7_51,小屋ダム,2026-09-14T14:00,87.69,4.0,1.88,1.118
4362_7_51,小屋ダム,2026-09-14T15:00,87.73,3.4,2.06,1.123
4362_7_51,小屋ダム,2026-09-14T16:00,87.76,3.16,2.21,1.127
4369_7_61,犀川ダム,2026-09-14T08:00,335.8,4.75,5.87,4.312
4369_7_61,犀川ダム,2026-09-14T09:00,335.78,3.62,5.87,4.304
4369_7_61,犀川ダム,2026-09-14T10:00,335.76,4.41,5.87,4.296
4369_7_61,犀川ダム,2026-09-14T11:00,335.75,4.0,8.17,4.292
4369_7_61,犀川ダム,2026-09-14T12:00,335.71,4.18,8.17,4.276
4369_7_61,犀川ダム,2026-09-14T13:00,335.68,4.24,8.17,4.264
4369_7_61,犀川ダム,2026-09-14T14:00,335.64,4.46,8.17,4.248
4369_7_61,犀川ダム,2026-09-14T15:00,335.61,4.01,8.17,4.235
4369_7_61,犀川ダム,2026-09-14T16:00,335.57,4.46,8.17,4.219
4369_7_62,内川ダム,2026-09-14T08:00,223.2,2.08,7.93,4.142
4369_7_62,内川ダム,2026-09-14T09:00,223.13,2.09,7.93,4.121
4369_7_62,内川ダム,2026-09-14T10:00,223.06,2.08,2.66,4.101
4369_7_62,内川ダム,2026-09-14T11:00,223.08,1.26,0.0,4.107
4369_7_62,内川ダム,2026-09-14T12:00,223.1,2.31,0.0,4.112
4369_7_62,内川ダム,2026-09-14T13:00,223.13,2.47,0.0,4.121
4369_7_62,内川ダム,2026-09-14T14:00,223.16,1.73,0.0,4.13
4369_7_62,内川ダム,2026-09-14T15:00,223.18,2.39,0.0,4.136
4369_7_62,内川ダム,2026-09-14T16:00,223.21,2.39,0.0,4.145
4369_7_63,新内川ダム,2026-09-14T08:00,107.33,,9.11,
4369_7_63,新内川ダム,2026-09-14T09:00,107.33,,9.16,
4369_7_63,新内川ダム,2026-09-14T10:00,107.3,,6.27,
4369_7_63,新内川ダム,2026-09-14T11:00,107.0,,1.73,
4369_7_63,新内川ダム,2026-09-14T12:00,106.75,,1.79,
4369_7_63,新内川ダム,2026-09-14T13:00,106.46,,1.83,
4369_7_63,新内川ダム,2026-09-14T14:00,106.18,,1.78,
4369_7_63,新内川ダム,2026-09-14T15:00,105.88,,1.74,
4369_7_63,新内川ダム,2026-09-14T16:00,105.55,,1.75,
4369_7_64,赤瀬ダム,2026-09-14T08:00,104.95,1.06,1.47,0.0
4369_7_64,赤瀬ダム,2026-09-14T09:00,104.94,1.06,1.47,0.0
4369_7_64,赤瀬ダム,2026-09-14T10:00,104.93,1.06,1.47,0.0
4369_7_64,赤瀬ダム,2026-09-14T11:00,104.91,0.65,1.47,0.0
4369_7_64,赤瀬ダム,2026-09-14T12:00,104.9,1.06,1.47,0.0
4369_7_64,赤瀬ダム,2026-09-14T13:00,104.89,1.06,1.47,0.0
4369_7_64,赤瀬ダム,2026-09-14T14:00,104.87,0.81,1.47,0.0
4369_7_64,赤瀬ダム,2026-09-14T15:00,104.86,0.9,1.47,0.0
4369_7_64,赤瀬ダム,2026-09-14T16:00,104.84,0.98,1.47,0.0
4369_7_65,辰巳ダム,2026-09-14T08:00,97.69,2.75,2.75,0.006
4369_7_65,辰巳ダム,2026-09-14T09:00,97.69,2.66,2.75,0.006
4369_7_65,辰巳ダム,2026-09-14T10:00,97.7,2.8,2.8,0.006
4369_7_65,辰巳ダム,2026-09-14T11:00,97.69,2.72,2.75,0.006
4369_7_65,辰巳ダム,2026-09-14T12:00,97.69,2.75,2.75,0.006
4369_7_65,辰巳ダム,2026-09-14T13:00,97.68,2.69,2.69,0.006
4369_7_65,辰巳ダム,2026-09-14T14:00,97.68,2.69,2.69,0.006
4369_7_65,辰巳ダム,2026-09-14T15:00,97.71,2.94,2.85,0.006
4369_7_65,辰巳ダム,2026-09-14T16:00,97.71,2.85,2.85,0.006
21565_7_1,手取川ダム,2026-09-15T00:00,449.34,36.15,0.49,116.726
4354_7_1,我谷ダム,2026-09-15T00:00,137.09,9.94,8.95,2.656
4354_7_2,九谷ダム,2026-09-15T00:00,182.23,5.7,7.57,2.45
4356_7_21,大日川ダム,2026-09-15T00:00,318.92,5.99,16.57,10.564
4361_7_31,北河内ダム,2026-09-15T00:00,129.96,5.91,5.19,1.512
4361_7_41,八ヶ川ダム,2026-09-15T00:00,131.88,5.27,3.16,1.12
4362_7_51,小屋ダム,2026-09-15T00:00,87.98,5.74,3.23,1.153
4369_7_61,犀川ダム,2026-09-15T00:00,335.3,4.69,8.17,4.11
4369_7_62,内川ダム,2026-09-15T00:00,222.95,2.95,0.0,4.068
4369_7_63,新内川ダム,2026-09-15T00:00,106.76,,1.91,
4369_7_64,赤瀬ダム,2026-09-15T00:00,104.78,1.46,1.46,0.0
4369_7_65,辰巳ダム,2026-09-15T00:00,97.7,2.8,2.8,0.006
21565_7_1,手取川ダム,2026-09-15T01:00,449.36,28.72,0.49,116.807
21565_7_1,手取川ダム,2026-09-15T02:00,449.38,26.55,0.49,116.889
21565_7_1,手取川ダム,2026-09-15T03:00,449.4,23.08,0.49,116.97
21565_7_1,手取川ダム,2026-09-15T04:00,449.42,23.86,0.49,117.051
4354_7_1,我谷ダム,2026-09-15T01:00,137.1,9.94,8.93,2.659
4354_7_1,我谷ダム,2026-09-15T02:00,137.1,8.93,8.93,2.659
4354_7_1,我谷ダム,2026-09-15T03:00,137.11,10.72,10.5,2.663
4354_7_1,我谷ダム,2026-09-15T04:00,137.1,9.51,10.5,2.659
4354_7_2,九谷ダム,2026-09-15T01:00,182.21,5.51,7.57,2.443
4354_7_2,九谷ダム,2026-09-15T02:00,182.19,5.5,7.54,2.436
4354_7_2,九谷ダム,2026-09-15T03:00,182.17,5.5,7.55,2.428
4354_7_2,九谷ダム,2026-09-15T04:00,182.15,5.5,7.52,2.421
4356_7_21,大日川ダム,2026-09-15T01:00,318.88,4.99,16.43,10.528
4356_7_21,大日川ダム,2026-09-15T02:00,318.84,5.99,16.54,10.492
4356_7_21,大日川ダム,2026-09-15T03:00,318.79,5.24,16.42,10.448
4356_7_21,大日川ダム,2026-09-15T04:00,318.75,5.55,16.39,10.412
4361_7_31,北河内ダム,2026-09-15T01:00,129.96,5.19,5.19,1.512
4361_7_31,北河内ダム,2026-09-15T02:00,129.96,5.19,5.19,1.512
4361_7_31,北河内ダム,2026-09-15T03:00,129.95,5.11,5.11,1.51
4361_7_31,北河内ダム,2026-09-15T04:00,129.93,4.05,4.96,1.507
4361_7_41,八ヶ川ダム,2026-09-15T01:00,131.92,4.57,3.34,1.125
4361_7_41,八ヶ川ダム,2026-09-15T02:00,131.95,4.27,3.41,1.129
4361_7_41,八ヶ川ダム,2026-09-15T03:00,131.96,4.06,3.45,1.13
4361_7_41,八ヶ川ダム,2026-09-15T04:00,131.96,4.06,3.45,1.13
4362_7_51,小屋ダム,2026-09-15T01:00,88.05,5.81,3.75,1.162
4362_7_51,小屋ダム,2026-09-15T02:00,88.1,5.5,4.17,1.168
4362_7_51,小屋ダム,2026-09-15T03:00,88.13,5.46,4.42,1.172
4362_7_51,小屋ダム,2026-09-15T04:00,88.15,5.24,4.58,1.174
4369_7_61,犀川ダム,2026-09-15T01:00,335.28,5.25,8.17,4.102
4369_7_61,犀川ダム,2026-09-15T02:00,335.25,4.8,8.17,4.09
4369_7_61,犀川ダム,2026-09-15T03:00,335.22,4.8,8.17,4.078
4369_7_61,犀川ダム,2026-09-15T04:00,335.19,4.8,8.17,4.066
4369_7_62,内川ダム,2026-09-15T01:00,222.98,2.47,0.0,4.077
4369_7_62,内川ダム,2026-09-15T02:00,223.01,2.58,0.0,4.086
4369_7_62,内川ダム,2026-09-15T03:00,223.04,2.47,0.0,4.095
4369_7_62,内川ダム,2026-09-15T04:00,223.07,2.47,0.0,4.104
4369_7_63,新内川ダム,2026-09-15T01:00,106.48,,1.95,
4369_7_63,新内川ダム,2026-09-15T02:00,106.18,,1.9,
4369_7_63,新内川ダム,2026-09-15T03:00,105.86,,1.85,
4369_7_63,新内川ダム,2026-09-15T04:00,105.53,,1.8,
4369_7_64,赤瀬ダム,2026-09-15T01:00,104.78,1.46,1.46,0.0
4369_7_64,赤瀬ダム,2026-09-15T02:00,104.78,1.46,1.46,0.0
4369_7_64,赤瀬ダム,2026-09-15T03:00,104.78,1.46,1.46,0.0
4369_7_64,赤瀬ダム,2026-09-15T04:00,104.79,1.87,1.46,0.0
4369_7_65,辰巳ダム,2026-09-15T01:00,97.71,2.83,2.85,0.006
4369_7_65,辰巳ダム,2026-09-15T02:00,97.72,2.9,2.9,0.006
4369_7_65,辰巳ダム,2026-09-15T03:00,97.74,3.01,3.01,0.006
4369_7_65,辰巳ダム,2026-09-15T04:00,97.73,2.95,2.95,0.006
21565_7_1,手取川ダム,2026-09-15T05:00,449.44,21.66,0.49,117.133
21565_7_1,手取川ダム,2026-09-15T06:00,449.46,23.08,0.49,117.214
21565_7_1,手取川ダム,2026-09-15T07:00,449.48,21.66,0.49,117.295
21565_7_1,手取川ダム,2026-09-15T08:00,449.5,20.42,0.5,117.377
4354_7_1,我谷ダム,2026-09-15T05:00,137.09,9.51,10.52,2.656
4354_7_1,我谷ダム,2026-09-15T06:00,137.08,9.51,10.51,2.652
4354_7_1,我谷ダム,2026-09-15T07:00,137.06,8.51,10.53,2.645
4354_7_1,我谷ダム,2026-09-15T08:00,137.05,9.3,8.94,2.641
4354_7_2,九谷ダム,2026-09-15T05:00,182.13,5.5,7.52,2.414
4354_7_2,九谷ダム,2026-09-15T06:00,182.1,4.88,7.54,2.403
4354_7_2,九谷ダム,2026-09-15T07:00,182.08,5.08,7.53,2.395
4354_7_2,九谷ダム,2026-09-15T08:00,182.06,5.49,7.5,2.388
4356_7_21,大日川ダム,2026-09-15T05:00,318.7,5.8,16.43,10.367
4356_7_21,大日川ダム,2026-09-15T06:00,318.66,4.55,16.42,10.332
4356_7_21,大日川ダム,2026-09-15T07:00,318.61,5.54,16.44,10.287
4356_7_21,大日川ダム,2026-09-15T08:00,318.57,5.09,16.49,10.252
4361_7_31,北河内ダム,2026-09-15T05:00,129.91,3.77,4.79,1.503
4361_7_31,北河内ダム,2026-09-15T06:00,129.88,3.47,4.59,1.498
4361_7_31,北河内ダム,2026-09-15T07:00,129.87,3.53,4.51,1.496
4361_7_31,北河内ダム,2026-09-15T08:00,129.85,3.83,4.36,1.493
4361_7_41,八ヶ川ダム,2026-09-15T05:00,131.96,3.44,3.44,1.13
4361_7_41,八ヶ川ダム,2026-09-15T06:00,131.96,3.49,3.49,1.13
4361_7_41,八ヶ川ダム,2026-09-15T07:00,131.95,3.42,3.42,1.129
4361_7_41,八ヶ川ダム,2026-09-15T08:00,131.94,3.32,3.42,1.128
4362_7_51,小屋ダム,2026-09-15T05:00,88.16,4.97,4.68,1.175
4362_7_51,小屋ダム,2026-09-15T06:00,88.17,5.06,4.75,1.177
4362_7_51,小屋ダム,2026-09-15T07:00,88.17,4.76,4.76,1.177
4362_7_51,小屋ダム,2026-09-15T08:00,88.17,4.76,4.76,1.177
4369_7_61,犀川ダム,2026-09-15T05:00,335.16,4.8,8.17,4.053
4369_7_61,犀川ダム,2026-09-15T06:00,335.12,4.57,8.17,4.037
4369_7_61,犀川ダム,2026-09-15T07:00,335.09,4.35,8.17,4.025
4369_7_62,内川ダム,2026-09-15T05:00,223.1,2.54,5.93,4.112
4369_7_62,内川ダム,2026-09-15T06:00,223.04,3.11,7.76,4.095
4369_7_62,内川ダム,2026-09-15T07:00,222.98,2.31,7.81,4.077
4369_7_62,内川ダム,2026-09-15T08:00,222.91,2.32,7.81,4.057
4369_7_63,新内川ダム,2026-09-15T05:00,105.25,,1.78,
4369_7_63,新内川ダム,2026-09-15T06:00,106.75,,4.9,
4369_7_63,新内川ダム,2026-09-15T07:00,107.3,,8.73,
4369_7_63,新内川ダム,2026-09-15T08:00,107.32,,9.18,
4369_7_64,赤瀬ダム,2026-09-15T05:00,104.79,1.46,1.46,0.0
4369_7_64,赤瀬ダム,2026-09-15T06:00,104.8,1.87,1.46,0.0
4369_7_64,赤瀬ダム,2026-09-15T07:00,104.8,1.46,1.46,0.0
4369_7_64,赤瀬ダム,2026-09-15T08:00,104.8,1.46,1.46,0.0
4369_7_65,辰巳ダム,2026-09-15T05:00,97.73,2.95,2.95,0.006
4369_7_65,辰巳ダム,2026-09-15T06:00,97.72,2.84,2.9,0.006
4369_7_65,辰巳ダム,2026-09-15T07:00,97.72,2.9,2.9,0.006
4369_7_65,辰巳ダム,2026-09-15T08:00,97.72,2.9,2.9,0.006
