page_date,box_name,flow_m3s,box_left,box_top,first_seen_utc,raw_file,content_sha256
2026-08-28,NEUQUEN,901.0,350,135,2026-09-28T22:43:27+00:00,20260828__f0557d13f0d7.html,f0557d13f0d7861ab61093da927a8e7083b25195f385ae1e79ccdacf410fb545
2026-08-28,COLLON CURA,746.0,150,180,2026-09-28T22:43:27+00:00,20260828__f0557d13f0d7.html,f0557d13f0d7861ab61093da927a8e7083b25195f385ae1e79ccdacf410fb545
2026-08-28,LIMAY,298.0,5,250,2026-09-28T22:43:27+00:00,20260828__f0557d13f0d7.html,f0557d13f0d7861ab61093da927a8e7083b25195f385ae1e79ccdacf410fb545
2026-08-28,EL CHAÑAR,187.0,830,335,2026-09-28T22:43:27+00:00,20260828__f0557d13f0d7.html,f0557d13f0d7861ab61093da927a8e7083b25195f385ae1e79ccdacf410fb545
2026-08-28,RIO NEGRO,487.0,900,500,2026-09-28T22:43:27+00:00,20260828__f0557d13f0d7.html,f0557d13f0d7861ab61093da927a8e7083b25195f385ae1e79ccdacf410fb545
2026-08-28,RIO PARANA,13200.0,220,750,2026-09-28T22:43:27+00:00,20260828__f0557d13f0d7.html,f0557d13f0d7861ab61093da927a8e7083b25195f385ae1e79ccdacf410fb545
2026-08-28,RIO URUGUAY,7008.0,500,750,2026-09-28T22:43:27+00:00,20260828__f0557d13f0d7.html,f0557d13f0d7861ab61093da927a8e7083b25195f385ae1e79ccdacf410fb545
2026-08-28,RIO CHUBUT,24.0,280,1030,2026-09-28T22:43:27+00:00,20260828__f0557d13f0d7.html,f0557d13f0d7861ab61093da927a8e7083b25195f385ae1e79ccdacf410fb545
2026-08-28,RIO FUTALEUFU,280.0,580,1030,2026-09-28T22:43:27+00:00,20260828__f0557d13f0d7.html,f0557d13f0d7861ab61093da927a8e7083b25195f385ae1e79ccdacf410fb545
2026-08-28,RIO GRANDE,0.0,305,1280,2026-09-28T22:43:27+00:00,20260828__f0557d13f0d7.html,f0557d13f0d7861ab61093da927a8e7083b25195f385ae1e79ccdacf410fb545
2026-08-28,,1112.0,170,320,2026-09-28T22:43:27+00:00,20260828__f0557d13f0d7.html,f0557d13f0d7861ab61093da927a8e7083b25195f385ae1e79ccdacf410fb545
2026-08-28,RIO SAN JUAN,30.0,60,1502,2026-09-28T22:43:27+00:00,20260828__f0557d13f0d7.html,f0557d13f0d7861ab61093da927a8e7083b25195f385ae1e79ccdacf410fb545
2026-08-28,,32.0,730,1854,2026-09-28T22:43:27+00:00,20260828__f0557d13f0d7.html,f0557d13f0d7861ab61093da927a8e7083b25195f385ae1e79ccdacf410fb545
2026-08-29,NEUQUEN,603.0,350,135,2026-09-28T22:43:33+00:00,20260829__45a8e3f03c94.html,45a8e3f03c94174ae7d7100ce261d3e1f670f5ec5d5f77b3e90bb916750f572c
2026-08-29,COLLON CURA,752.0,150,180,2026-09-28T22:43:33+00:00,20260829__45a8e3f03c94.html,45a8e3f03c94174ae7d7100ce261d3e1f670f5ec5d5f77b3e90bb916750f572c
2026-08-29,LIMAY,301.0,5,250,2026-09-28T22:43:33+00:00,20260829__45a8e3f03c94.html,45a8e3f03c94174ae7d7100ce261d3e1f670f5ec5d5f77b3e90bb916750f572c
2026-08-29,EL CHAÑAR,250.0,830,335,2026-09-28T22:43:33+00:00,20260829__45a8e3f03c94.html,45a8e3f03c94174ae7d7100ce261d3e1f670f5ec5d5f77b3e90bb916750f572c
2026-08-29,RIO NEGRO,550.0,900,500,2026-09-28T22:43:33+00:00,20260829__45a8e3f03c94.html,45a8e3f03c94174ae7d7100ce261d3e1f670f5ec5d5f77b3e90bb916750f572c
2026-08-29,RIO PARANA,12400.0,220,750,2026-09-28T22:43:33+00:00,20260829__45a8e3f03c94.html,45a8e3f03c94174ae7d7100ce261d3e1f670f5ec5d5f77b3e90bb916750f572c
2026-08-29,RIO URUGUAY,6563.0,500,750,2026-09-28T22:43:33+00:00,20260829__45a8e3f03c94.html,45a8e3f03c94174ae7d7100ce261d3e1f670f5ec5d5f77b3e90bb916750f572c
2026-08-29,RIO CHUBUT,29.0,280,1030,2026-09-28T22:43:33+00:00,20260829__45a8e3f03c94.html,45a8e3f03c94174ae7d7100ce261d3e1f670f5ec5d5f77b3e90bb916750f572c
2026-08-29,RIO FUTALEUFU,240.0,580,1030,2026-09-28T22:43:33+00:00,20260829__45a8e3f03c94.html,45a8e3f03c94174ae7d7100ce261d3e1f670f5ec5d5f77b3e90bb916750f572c
2026-08-29,RIO GRANDE,1.0,305,1280,2026-09-28T22:43:33+00:00,20260829__45a8e3f03c94.html,45a8e3f03c94174ae7d7100ce261d3e1f670f5ec5d5f77b3e90bb916750f572c
2026-08-29,,774.0,170,320,2026-09-28T22:43:33+00:00,20260829__45a8e3f03c94.html,45a8e3f03c94174ae7d7100ce261d3e1f670f5ec5d5f77b3e90bb916750f572c
2026-08-29,RIO SAN JUAN,36.0,60,1502,2026-09-28T22:43:33+00:00,20260829__45a8e3f03c94.html,45a8e3f03c94174ae7d7100ce261d3e1f670f5ec5d5f77b3e90bb916750f572c
2026-08-29,,62.0,730,1854,2026-09-28T22:43:33+00:00,20260829__45a8e3f03c94.html,45a8e3f03c94174ae7d7100ce261d3e1f670f5ec5d5f77b3e90bb916750f572c
2026-08-30,NEUQUEN,543.0,350,135,2026-09-28T22:43:36+00:00,20260830__6391a81fcf8a.html,6391a81fcf8ae5a7e0213132b5589eeb42a5cfe9f343276be39aab5183e46654
2026-08-30,COLLON CURA,895.0,150,180,2026-09-28T22:43:36+00:00,20260830__6391a81fcf8a.html,6391a81fcf8ae5a7e0213132b5589eeb42a5cfe9f343276be39aab5183e46654
2026-08-30,LIMAY,308.0,5,250,2026-09-28T22:43:36+00:00,20260830__6391a81fcf8a.html,6391a81fcf8ae5a7e0213132b5589eeb42a5cfe9f343276be39aab5183e46654
2026-08-30,EL CHAÑAR,250.0,830,335,2026-09-28T22:43:36+00:00,20260830__6391a81fcf8a.html,6391a81fcf8ae5a7e0213132b5589eeb42a5cfe9f343276be39aab5183e46654
2026-08-30,RIO NEGRO,550.0,900,500,2026-09-28T22:43:36+00:00,20260830__6391a81fcf8a.html,6391a81fcf8ae5a7e0213132b5589eeb42a5cfe9f343276be39aab5183e46654
2026-08-30,RIO PARANA,10800.0,220,750,2026-09-28T22:43:36+00:00,20260830__6391a81fcf8a.html,6391a81fcf8ae5a7e0213132b5589eeb42a5cfe9f343276be39aab5183e46654
2026-08-30,RIO URUGUAY,6358.0,500,750,2026-09-28T22:43:36+00:00,20260830__6391a81fcf8a.html,6391a81fcf8ae5a7e0213132b5589eeb42a5cfe9f343276be39aab5183e46654
2026-08-30,RIO CHUBUT,28.0,280,1030,2026-09-28T22:43:36+00:00,20260830__6391a81fcf8a.html,6391a81fcf8ae5a7e0213132b5589eeb42a5cfe9f343276be39aab5183e46654
2026-08-30,RIO FUTALEUFU,260.0,580,1030,2026-09-28T22:43:36+00:00,20260830__6391a81fcf8a.html,6391a81fcf8ae5a7e0213132b5589eeb42a5cfe9f343276be39aab5183e46654
2026-08-30,RIO GRANDE,0.0,305,1280,2026-09-28T22:43:36+00:00,20260830__6391a81fcf8a.html,6391a81fcf8ae5a7e0213132b5589eeb42a5cfe9f343276be39aab5183e46654
2026-08-30,,982.0,170,320,2026-09-28T22:43:36+00:00,20260830__6391a81fcf8a.html,6391a81fcf8ae5a7e0213132b5589eeb42a5cfe9f343276be39aab5183e46654
2026-08-30,RIO SAN JUAN,30.0,60,1502,2026-09-28T22:43:36+00:00,20260830__6391a81fcf8a.html,6391a81fcf8ae5a7e0213132b5589eeb42a5cfe9f343276be39aab5183e46654
2026-08-30,,31.0,730,1854,2026-09-28T22:43:36+00:00,20260830__6391a81fcf8a.html,6391a81fcf8ae5a7e0213132b5589eeb42a5cfe9f343276be39aab5183e46654
2026-09-01,NEUQUEN,472.0,350,135,2026-09-28T22:43:42+00:00,20260901__4dbd5e211f40.html,4dbd5e211f40d48cd6ca069be8744e6aae5cf87798cfc61cce97f46ad245f146
2026-09-01,COLLON CURA,814.0,150,180,2026-09-28T22:43:42+00:00,20260901__4dbd5e211f40.html,4dbd5e211f40d48cd6ca069be8744e6aae5cf87798cfc61cce97f46ad245f146
2026-09-01,LIMAY,307.0,5,250,2026-09-28T22:43:42+00:00,20260901__4dbd5e211f40.html,4dbd5e211f40d48cd6ca069be8744e6aae5cf87798cfc61cce97f46ad245f146
2026-09-01,EL CHAÑAR,250.0,830,335,2026-09-28T22:43:42+00:00,20260901__4dbd5e211f40.html,4dbd5e211f40d48cd6ca069be8744e6aae5cf87798cfc61cce97f46ad245f146
2026-09-01,RIO NEGRO,550.0,900,500,2026-09-28T22:43:42+00:00,20260901__4dbd5e211f40.html,4dbd5e211f40d48cd6ca069be8744e6aae5cf87798cfc61cce97f46ad245f146
2026-09-01,RIO PARANA,10800.0,220,750,2026-09-28T22:43:42+00:00,20260901__4dbd5e211f40.html,4dbd5e211f40d48cd6ca069be8744e6aae5cf87798cfc61cce97f46ad245f146
2026-09-01,RIO URUGUAY,6708.0,500,750,2026-09-28T22:43:42+00:00,20260901__4dbd5e211f40.html,4dbd5e211f40d48cd6ca069be8744e6aae5cf87798cfc61cce97f46ad245f146
2026-09-01,RIO CHUBUT,33.0,280,1030,2026-09-28T22:43:42+00:00,20260901__4dbd5e211f40.html,4dbd5e211f40d48cd6ca069be8744e6aae5cf87798cfc61cce97f46ad245f146
2026-09-01,RIO FUTALEUFU,300.0,580,1030,2026-09-28T22:43:42+00:00,20260901__4dbd5e211f40.html,4dbd5e211f40d48cd6ca069be8744e6aae5cf87798cfc61cce97f46ad245f146
2026-09-01,RIO GRANDE,1.0,305,1280,2026-09-28T22:43:42+00:00,20260901__4dbd5e211f40.html,4dbd5e211f40d48cd6ca069be8744e6aae5cf87798cfc61cce97f46ad245f146
2026-09-01,,1075.0,170,320,2026-09-28T22:43:42+00:00,20260901__4dbd5e211f40.html,4dbd5e211f40d48cd6ca069be8744e6aae5cf87798cfc61cce97f46ad245f146
2026-09-01,RIO SAN JUAN,29.0,60,1502,2026-09-28T22:43:42+00:00,20260901__4dbd5e211f40.html,4dbd5e211f40d48cd6ca069be8744e6aae5cf87798cfc61cce97f46ad245f146
2026-09-01,,7.0,730,1854,2026-09-28T22:43:42+00:00,20260901__4dbd5e211f40.html,4dbd5e211f40d48cd6ca069be8744e6aae5cf87798cfc61cce97f46ad245f146
2026-09-02,NEUQUEN,447.0,350,135,2026-09-28T22:43:45+00:00,20260902__002cb823b2da.html,002cb823b2dab9ae46739040b757e751fb896a3672fe01799466b6e8e2e2eb3b
2026-09-02,COLLON CURA,852.0,150,180,2026-09-28T22:43:45+00:00,20260902__002cb823b2da.html,002cb823b2dab9ae46739040b757e751fb896a3672fe01799466b6e8e2e2eb3b
2026-09-02,LIMAY,318.0,5,250,2026-09-28T22:43:45+00:00,20260902__002cb823b2da.html,002cb823b2dab9ae46739040b757e751fb896a3672fe01799466b6e8e2e2eb3b
2026-09-02,EL CHAÑAR,250.0,830,335,2026-09-28T22:43:45+00:00,20260902__002cb823b2da.html,002cb823b2dab9ae46739040b757e751fb896a3672fe01799466b6e8e2e2eb3b
2026-09-02,RIO NEGRO,550.0,900,500,2026-09-28T22:43:45+00:00,20260902__002cb823b2da.html,002cb823b2dab9ae46739040b757e751fb896a3672fe01799466b6e8e2e2eb3b
2026-09-02,RIO PARANA,13400.0,220,750,2026-09-28T22:43:45+00:00,20260902__002cb823b2da.html,002cb823b2dab9ae46739040b757e751fb896a3672fe01799466b6e8e2e2eb3b
2026-09-02,RIO URUGUAY,6648.0,500,750,2026-09-28T22:43:45+00:00,20260902__002cb823b2da.html,002cb823b2dab9ae46739040b757e751fb896a3672fe01799466b6e8e2e2eb3b
2026-09-02,RIO CHUBUT,27.0,280,1030,2026-09-28T22:43:45+00:00,20260902__002cb823b2da.html,002cb823b2dab9ae46739040b757e751fb896a3672fe01799466b6e8e2e2eb3b
2026-09-02,RIO FUTALEUFU,300.0,580,1030,2026-09-28T22:43:45+00:00,20260902__002cb823b2da.html,002cb823b2dab9ae46739040b757e751fb896a3672fe01799466b6e8e2e2eb3b
2026-09-02,RIO GRANDE,1.0,305,1280,2026-09-28T22:43:45+00:00,20260902__002cb823b2da.html,002cb823b2dab9ae46739040b757e751fb896a3672fe01799466b6e8e2e2eb3b
2026-09-02,,895.0,170,320,2026-09-28T22:43:45+00:00,20260902__002cb823b2da.html,002cb823b2dab9ae46739040b757e751fb896a3672fe01799466b6e8e2e2eb3b
2026-09-02,RIO SAN JUAN,29.0,60,1502,2026-09-28T22:43:45+00:00,20260902__002cb823b2da.html,002cb823b2dab9ae46739040b757e751fb896a3672fe01799466b6e8e2e2eb3b
2026-09-02,,7.0,730,1854,2026-09-28T22:43:45+00:00,20260902__002cb823b2da.html,002cb823b2dab9ae46739040b757e751fb896a3672fe01799466b6e8e2e2eb3b
2026-09-03,NEUQUEN,447.0,350,135,2026-09-28T22:43:48+00:00,20260903__167a9e0f68e1.html,167a9e0f68e1338fec3be8f7d2b0f555d990117f860348efa7ff032a64d70df8
2026-09-03,COLLON CURA,883.0,150,180,2026-09-28T22:43:48+00:00,20260903__167a9e0f68e1.html,167a9e0f68e1338fec3be8f7d2b0f555d990117f860348efa7ff032a64d70df8
2026-09-03,LIMAY,318.0,5,250,2026-09-28T22:43:48+00:00,20260903__167a9e0f68e1.html,167a9e0f68e1338fec3be8f7d2b0f555d990117f860348efa7ff032a64d70df8
2026-09-03,EL CHAÑAR,250.0,830,335,2026-09-28T22:43:48+00:00,20260903__167a9e0f68e1.html,167a9e0f68e1338fec3be8f7d2b0f555d990117f860348efa7ff032a64d70df8
2026-09-03,RIO NEGRO,550.0,900,500,2026-09-28T22:43:48+00:00,20260903__167a9e0f68e1.html,167a9e0f68e1338fec3be8f7d2b0f555d990117f860348efa7ff032a64d70df8
2026-09-03,RIO PARANA,17000.0,220,750,2026-09-28T22:43:48+00:00,20260903__167a9e0f68e1.html,167a9e0f68e1338fec3be8f7d2b0f555d990117f860348efa7ff032a64d70df8
2026-09-03,RIO URUGUAY,6608.0,500,750,2026-09-28T22:43:48+00:00,20260903__167a9e0f68e1.html,167a9e0f68e1338fec3be8f7d2b0f555d990117f860348efa7ff032a64d70df8
2026-09-03,RIO CHUBUT,35.0,280,1030,2026-09-28T22:43:48+00:00,20260903__167a9e0f68e1.html,167a9e0f68e1338fec3be8f7d2b0f555d990117f860348efa7ff032a64d70df8
2026-09-03,RIO FUTALEUFU,300.0,580,1030,2026-09-28T22:43:48+00:00,20260903__167a9e0f68e1.html,167a9e0f68e1338fec3be8f7d2b0f555d990117f860348efa7ff032a64d70df8
2026-09-03,RIO GRANDE,1.0,305,1280,2026-09-28T22:43:48+00:00,20260903__167a9e0f68e1.html,167a9e0f68e1338fec3be8f7d2b0f555d990117f860348efa7ff032a64d70df8
2026-09-03,,883.0,170,320,2026-09-28T22:43:48+00:00,20260903__167a9e0f68e1.html,167a9e0f68e1338fec3be8f7d2b0f555d990117f860348efa7ff032a64d70df8
2026-09-03,RIO SAN JUAN,24.0,60,1502,2026-09-28T22:43:48+00:00,20260903__167a9e0f68e1.html,167a9e0f68e1338fec3be8f7d2b0f555d990117f860348efa7ff032a64d70df8
2026-09-03,,7.0,730,1854,2026-09-28T22:43:48+00:00,20260903__167a9e0f68e1.html,167a9e0f68e1338fec3be8f7d2b0f555d990117f860348efa7ff032a64d70df8
2026-09-04,NEUQUEN,516.0,350,135,2026-09-28T22:43:51+00:00,20260904__83dfb8019f11.html,83dfb8019f113d08702ee80448d98d8c2c9db9d4046c0443fe3453bb40c176b6
2026-09-04,COLLON CURA,830.0,150,180,2026-09-28T22:43:51+00:00,20260904__83dfb8019f11.html,83dfb8019f113d08702ee80448d98d8c2c9db9d4046c0443fe3453bb40c176b6
2026-09-04,LIMAY,315.0,5,250,2026-09-28T22:43:51+00:00,20260904__83dfb8019f11.html,83dfb8019f113d08702ee80448d98d8c2c9db9d4046c0443fe3453bb40c176b6
2026-09-04,EL CHAÑAR,250.0,830,335,2026-09-28T22:43:51+00:00,20260904__83dfb8019f11.html,83dfb8019f113d08702ee80448d98d8c2c9db9d4046c0443fe3453bb40c176b6
2026-09-04,RIO NEGRO,550.0,900,500,2026-09-28T22:43:51+00:00,20260904__83dfb8019f11.html,83dfb8019f113d08702ee80448d98d8c2c9db9d4046c0443fe3453bb40c176b6
2026-09-04,RIO PARANA,16800.0,220,750,2026-09-28T22:43:51+00:00,20260904__83dfb8019f11.html,83dfb8019f113d08702ee80448d98d8c2c9db9d4046c0443fe3453bb40c176b6
2026-09-04,RIO URUGUAY,6997.0,500,750,2026-09-28T22:43:51+00:00,20260904__83dfb8019f11.html,83dfb8019f113d08702ee80448d98d8c2c9db9d4046c0443fe3453bb40c176b6
2026-09-04,RIO CHUBUT,34.0,280,1030,2026-09-28T22:43:51+00:00,20260904__83dfb8019f11.html,83dfb8019f113d08702ee80448d98d8c2c9db9d4046c0443fe3453bb40c176b6
2026-09-04,RIO FUTALEUFU,290.0,580,1030,2026-09-28T22:43:51+00:00,20260904__83dfb8019f11.html,83dfb8019f113d08702ee80448d98d8c2c9db9d4046c0443fe3453bb40c176b6
2026-09-04,RIO GRANDE,1.0,305,1280,2026-09-28T22:43:51+00:00,20260904__83dfb8019f11.html,83dfb8019f113d08702ee80448d98d8c2c9db9d4046c0443fe3453bb40c176b6
2026-09-04,,891.0,170,320,2026-09-28T22:43:51+00:00,20260904__83dfb8019f11.html,83dfb8019f113d08702ee80448d98d8c2c9db9d4046c0443fe3453bb40c176b6
2026-09-04,RIO SAN JUAN,25.0,60,1502,2026-09-28T22:43:51+00:00,20260904__83dfb8019f11.html,83dfb8019f113d08702ee80448d98d8c2c9db9d4046c0443fe3453bb40c176b6
2026-09-04,,7.0,730,1854,2026-09-28T22:43:51+00:00,20260904__83dfb8019f11.html,83dfb8019f113d08702ee80448d98d8c2c9db9d4046c0443fe3453bb40c176b6
2026-09-05,NEUQUEN,427.0,350,135,2026-09-28T22:43:54+00:00,20260905__4bc93d3782bf.html,4bc93d3782bff974cf5c8fb1c6d44b02f2994adb195facbbbbc1cd843a7ed03d
2026-09-05,COLLON CURA,788.0,150,180,2026-09-28T22:43:54+00:00,20260905__4bc93d3782bf.html,4bc93d3782bff974cf5c8fb1c6d44b02f2994adb195facbbbbc1cd843a7ed03d
2026-09-05,LIMAY,305.0,5,250,2026-09-28T22:43:54+00:00,20260905__4bc93d3782bf.html,4bc93d3782bff974cf5c8fb1c6d44b02f2994adb195facbbbbc1cd843a7ed03d
2026-09-05,EL CHAÑAR,250.0,830,335,2026-09-28T22:43:54+00:00,20260905__4bc93d3782bf.html,4bc93d3782bff974cf5c8fb1c6d44b02f2994adb195facbbbbc1cd843a7ed03d
2026-09-05,RIO NEGRO,550.0,900,500,2026-09-28T22:43:54+00:00,20260905__4bc93d3782bf.html,4bc93d3782bff974cf5c8fb1c6d44b02f2994adb195facbbbbc1cd843a7ed03d
2026-09-05,RIO PARANA,15500.0,220,750,2026-09-28T22:43:54+00:00,20260905__4bc93d3782bf.html,4bc93d3782bff974cf5c8fb1c6d44b02f2994adb195facbbbbc1cd843a7ed03d
2026-09-05,RIO URUGUAY,8723.0,500,750,2026-09-28T22:43:54+00:00,20260905__4bc93d3782bf.html,4bc93d3782bff974cf5c8fb1c6d44b02f2994adb195facbbbbc1cd843a7ed03d
2026-09-05,RIO CHUBUT,34.0,280,1030,2026-09-28T22:43:54+00:00,20260905__4bc93d3782bf.html,4bc93d3782bff974cf5c8fb1c6d44b02f2994adb195facbbbbc1cd843a7ed03d
2026-09-05,RIO FUTALEUFU,270.0,580,1030,2026-09-28T22:43:54+00:00,20260905__4bc93d3782bf.html,4bc93d3782bff974cf5c8fb1c6d44b02f2994adb195facbbbbc1cd843a7ed03d
2026-09-05,RIO GRANDE,15.0,305,1280,2026-09-28T22:43:54+00:00,20260905__4bc93d3782bf.html,4bc93d3782bff974cf5c8fb1c6d44b02f2994adb195facbbbbc1cd843a7ed03d
2026-09-05,,917.0,170,320,2026-09-28T22:43:54+00:00,20260905__4bc93d3782bf.html,4bc93d3782bff974cf5c8fb1c6d44b02f2994adb195facbbbbc1cd843a7ed03d
2026-09-05,RIO SAN JUAN,31.0,60,1502,2026-09-28T22:43:54+00:00,20260905__4bc93d3782bf.html,4bc93d3782bff974cf5c8fb1c6d44b02f2994adb195facbbbbc1cd843a7ed03d
2026-09-05,,0.0,730,1854,2026-09-28T22:43:54+00:00,20260905__4bc93d3782bf.html,4bc93d3782bff974cf5c8fb1c6d44b02f2994adb195facbbbbc1cd843a7ed03d
2026-09-06,NEUQUEN,395.0,350,135,2026-09-28T22:44:06+00:00,20260906__1e0cac5e744c.html,1e0cac5e744cce28fb5bd4607978127b4609682033045164a3688f0893670eb2
2026-09-06,COLLON CURA,736.0,150,180,2026-09-28T22:44:06+00:00,20260906__1e0cac5e744c.html,1e0cac5e744cce28fb5bd4607978127b4609682033045164a3688f0893670eb2
2026-09-06,LIMAY,303.0,5,250,2026-09-28T22:44:06+00:00,20260906__1e0cac5e744c.html,1e0cac5e744cce28fb5bd4607978127b4609682033045164a3688f0893670eb2
2026-09-06,EL CHAÑAR,250.0,830,335,2026-09-28T22:44:06+00:00,20260906__1e0cac5e744c.html,1e0cac5e744cce28fb5bd4607978127b4609682033045164a3688f0893670eb2
2026-09-06,RIO NEGRO,550.0,900,500,2026-09-28T22:44:06+00:00,20260906__1e0cac5e744c.html,1e0cac5e744cce28fb5bd4607978127b4609682033045164a3688f0893670eb2
2026-09-06,RIO PARANA,14500.0,220,750,2026-09-28T22:44:06+00:00,20260906__1e0cac5e744c.html,1e0cac5e744cce28fb5bd4607978127b4609682033045164a3688f0893670eb2
2026-09-06,RIO URUGUAY,9822.0,500,750,2026-09-28T22:44:06+00:00,20260906__1e0cac5e744c.html,1e0cac5e744cce28fb5bd4607978127b4609682033045164a3688f0893670eb2
2026-09-06,RIO CHUBUT,34.0,280,1030,2026-09-28T22:44:06+00:00,20260906__1e0cac5e744c.html,1e0cac5e744cce28fb5bd4607978127b4609682033045164a3688f0893670eb2
2026-09-06,RIO FUTALEUFU,230.0,580,1030,2026-09-28T22:44:06+00:00,20260906__1e0cac5e744c.html,1e0cac5e744cce28fb5bd4607978127b4609682033045164a3688f0893670eb2
2026-09-06,RIO GRANDE,4.0,305,1280,2026-09-28T22:44:06+00:00,20260906__1e0cac5e744c.html,1e0cac5e744cce28fb5bd4607978127b4609682033045164a3688f0893670eb2
2026-09-06,,1360.0,170,320,2026-09-28T22:44:06+00:00,20260906__1e0cac5e744c.html,1e0cac5e744cce28fb5bd4607978127b4609682033045164a3688f0893670eb2
2026-09-06,RIO SAN JUAN,0.0,60,1502,2026-09-28T22:44:06+00:00,20260906__1e0cac5e744c.html,1e0cac5e744cce28fb5bd4607978127b4609682033045164a3688f0893670eb2
2026-09-06,,7.0,730,1854,2026-09-28T22:44:06+00:00,20260906__1e0cac5e744c.html,1e0cac5e744cce28fb5bd4607978127b4609682033045164a3688f0893670eb2
2026-09-07,NEUQUEN,376.0,350,135,2026-09-28T22:44:10+00:00,20260907__f6cb1ee40168.html,f6cb1ee401686fed89e252a032815aef64f3c67c50d804b8557ae8709e48e787
2026-09-07,COLLON CURA,702.0,150,180,2026-09-28T22:44:10+00:00,20260907__f6cb1ee40168.html,f6cb1ee401686fed89e252a032815aef64f3c67c50d804b8557ae8709e48e787
2026-09-07,LIMAY,298.0,5,250,2026-09-28T22:44:10+00:00,20260907__f6cb1ee40168.html,f6cb1ee401686fed89e252a032815aef64f3c67c50d804b8557ae8709e48e787
2026-09-07,EL CHAÑAR,250.0,830,335,2026-09-28T22:44:10+00:00,20260907__f6cb1ee40168.html,f6cb1ee401686fed89e252a032815aef64f3c67c50d804b8557ae8709e48e787
2026-09-07,RIO NEGRO,550.0,900,500,2026-09-28T22:44:10+00:00,20260907__f6cb1ee40168.html,f6cb1ee401686fed89e252a032815aef64f3c67c50d804b8557ae8709e48e787
2026-09-07,RIO PARANA,13200.0,220,750,2026-09-28T22:44:10+00:00,20260907__f6cb1ee40168.html,f6cb1ee401686fed89e252a032815aef64f3c67c50d804b8557ae8709e48e787
2026-09-07,RIO URUGUAY,10354.0,500,750,2026-09-28T22:44:10+00:00,20260907__f6cb1ee40168.html,f6cb1ee401686fed89e252a032815aef64f3c67c50d804b8557ae8709e48e787
2026-09-07,RIO CHUBUT,33.0,280,1030,2026-09-28T22:44:10+00:00,20260907__f6cb1ee40168.html,f6cb1ee401686fed89e252a032815aef64f3c67c50d804b8557ae8709e48e787
2026-09-07,RIO FUTALEUFU,260.0,580,1030,2026-09-28T22:44:10+00:00,20260907__f6cb1ee40168.html,f6cb1ee401686fed89e252a032815aef64f3c67c50d804b8557ae8709e48e787
2026-09-07,RIO GRANDE,2.0,305,1280,2026-09-28T22:44:10+00:00,20260907__f6cb1ee40168.html,f6cb1ee401686fed89e252a032815aef64f3c67c50d804b8557ae8709e48e787
2026-09-07,,1531.0,170,320,2026-09-28T22:44:10+00:00,20260907__f6cb1ee40168.html,f6cb1ee401686fed89e252a032815aef64f3c67c50d804b8557ae8709e48e787
2026-09-07,RIO SAN JUAN,0.0,60,1502,2026-09-28T22:44:10+00:00,20260907__f6cb1ee40168.html,f6cb1ee401686fed89e252a032815aef64f3c67c50d804b8557ae8709e48e787
2026-09-07,,7.0,730,1854,2026-09-28T22:44:10+00:00,20260907__f6cb1ee40168.html,f6cb1ee401686fed89e252a032815aef64f3c67c50d804b8557ae8709e48e787
2026-09-08,NEUQUEN,358.0,350,135,2026-09-28T22:44:12+00:00,20260908__3e5c2f2ebec0.html,3e5c2f2ebec09ae652750627f7d083ca40d195520748fe4718185640ed26931d
2026-09-08,COLLON CURA,675.0,150,180,2026-09-28T22:44:12+00:00,20260908__3e5c2f2ebec0.html,3e5c2f2ebec09ae652750627f7d083ca40d195520748fe4718185640ed26931d
2026-09-08,LIMAY,299.0,5,250,2026-09-28T22:44:12+00:00,20260908__3e5c2f2ebec0.html,3e5c2f2ebec09ae652750627f7d083ca40d195520748fe4718185640ed26931d
2026-09-08,EL CHAÑAR,250.0,830,335,2026-09-28T22:44:12+00:00,20260908__3e5c2f2ebec0.html,3e5c2f2ebec09ae652750627f7d083ca40d195520748fe4718185640ed26931d
2026-09-08,RIO NEGRO,550.0,900,500,2026-09-28T22:44:12+00:00,20260908__3e5c2f2ebec0.html,3e5c2f2ebec09ae652750627f7d083ca40d195520748fe4718185640ed26931d
2026-09-08,RIO PARANA,12500.0,220,750,2026-09-28T22:44:12+00:00,20260908__3e5c2f2ebec0.html,3e5c2f2ebec09ae652750627f7d083ca40d195520748fe4718185640ed26931d
2026-09-08,RIO URUGUAY,10293.0,500,750,2026-09-28T22:44:12+00:00,20260908__3e5c2f2ebec0.html,3e5c2f2ebec09ae652750627f7d083ca40d195520748fe4718185640ed26931d
2026-09-08,RIO CHUBUT,34.0,280,1030,2026-09-28T22:44:12+00:00,20260908__3e5c2f2ebec0.html,3e5c2f2ebec09ae652750627f7d083ca40d195520748fe4718185640ed26931d
2026-09-08,RIO FUTALEUFU,250.0,580,1030,2026-09-28T22:44:12+00:00,20260908__3e5c2f2ebec0.html,3e5c2f2ebec09ae652750627f7d083ca40d195520748fe4718185640ed26931d
2026-09-08,RIO GRANDE,0.0,305,1280,2026-09-28T22:44:12+00:00,20260908__3e5c2f2ebec0.html,3e5c2f2ebec09ae652750627f7d083ca40d195520748fe4718185640ed26931d
2026-09-08,,1035.0,170,320,2026-09-28T22:44:12+00:00,20260908__3e5c2f2ebec0.html,3e5c2f2ebec09ae652750627f7d083ca40d195520748fe4718185640ed26931d
2026-09-08,RIO SAN JUAN,25.0,60,1502,2026-09-28T22:44:12+00:00,20260908__3e5c2f2ebec0.html,3e5c2f2ebec09ae652750627f7d083ca40d195520748fe4718185640ed26931d
2026-09-08,,41.0,730,1854,2026-09-28T22:44:12+00:00,20260908__3e5c2f2ebec0.html,3e5c2f2ebec09ae652750627f7d083ca40d195520748fe4718185640ed26931d
2026-09-09,NEUQUEN,347.0,350,135,2026-09-28T22:44:16+00:00,20260909__c619720b9c64.html,c619720b9c6428a65cfe3aed95ca48e9a374a6ac63ea810bdc00562328c006a2
2026-09-09,COLLON CURA,641.0,150,180,2026-09-28T22:44:16+00:00,20260909__c619720b9c64.html,c619720b9c6428a65cfe3aed95ca48e9a374a6ac63ea810bdc00562328c006a2
2026-09-09,LIMAY,297.0,5,250,2026-09-28T22:44:16+00:00,20260909__c619720b9c64.html,c619720b9c6428a65cfe3aed95ca48e9a374a6ac63ea810bdc00562328c006a2
2026-09-09,EL CHAÑAR,250.0,830,335,2026-09-28T22:44:16+00:00,20260909__c619720b9c64.html,c619720b9c6428a65cfe3aed95ca48e9a374a6ac63ea810bdc00562328c006a2
2026-09-09,RIO NEGRO,550.0,900,500,2026-09-28T22:44:16+00:00,20260909__c619720b9c64.html,c619720b9c6428a65cfe3aed95ca48e9a374a6ac63ea810bdc00562328c006a2
2026-09-09,RIO PARANA,12600.0,220,750,2026-09-28T22:44:16+00:00,20260909__c619720b9c64.html,c619720b9c6428a65cfe3aed95ca48e9a374a6ac63ea810bdc00562328c006a2
2026-09-09,RIO URUGUAY,9466.0,500,750,2026-09-28T22:44:16+00:00,20260909__c619720b9c64.html,c619720b9c6428a65cfe3aed95ca48e9a374a6ac63ea810bdc00562328c006a2
2026-09-09,RIO CHUBUT,33.0,280,1030,2026-09-28T22:44:16+00:00,20260909__c619720b9c64.html,c619720b9c6428a65cfe3aed95ca48e9a374a6ac63ea810bdc00562328c006a2
2026-09-09,RIO FUTALEUFU,240.0,580,1030,2026-09-28T22:44:16+00:00,20260909__c619720b9c64.html,c619720b9c6428a65cfe3aed95ca48e9a374a6ac63ea810bdc00562328c006a2
2026-09-09,RIO GRANDE,0.0,305,1280,2026-09-28T22:44:16+00:00,20260909__c619720b9c64.html,c619720b9c6428a65cfe3aed95ca48e9a374a6ac63ea810bdc00562328c006a2
2026-09-09,,748.0,170,320,2026-09-28T22:44:16+00:00,20260909__c619720b9c64.html,c619720b9c6428a65cfe3aed95ca48e9a374a6ac63ea810bdc00562328c006a2
2026-09-09,RIO SAN JUAN,29.0,60,1502,2026-09-28T22:44:16+00:00,20260909__c619720b9c64.html,c619720b9c6428a65cfe3aed95ca48e9a374a6ac63ea810bdc00562328c006a2
2026-09-09,,41.0,730,1854,2026-09-28T22:44:16+00:00,20260909__c619720b9c64.html,c619720b9c6428a65cfe3aed95ca48e9a374a6ac63ea810bdc00562328c006a2
2026-09-10,NEUQUEN,329.0,350,135,2026-09-28T22:44:22+00:00,20260910__7f50dda3b8bf.html,7f50dda3b8bfa62ee26c4e72429af980a29a3bd0744449dd94c1c07c373f8b52
2026-09-10,COLLON CURA,611.0,150,180,2026-09-28T22:44:22+00:00,20260910__7f50dda3b8bf.html,7f50dda3b8bfa62ee26c4e72429af980a29a3bd0744449dd94c1c07c373f8b52
2026-09-10,LIMAY,294.0,5,250,2026-09-28T22:44:22+00:00,20260910__7f50dda3b8bf.html,7f50dda3b8bfa62ee26c4e72429af980a29a3bd0744449dd94c1c07c373f8b52
2026-09-10,EL CHAÑAR,250.0,830,335,2026-09-28T22:44:22+00:00,20260910__7f50dda3b8bf.html,7f50dda3b8bfa62ee26c4e72429af980a29a3bd0744449dd94c1c07c373f8b52
2026-09-10,RIO NEGRO,550.0,900,500,2026-09-28T22:44:22+00:00,20260910__7f50dda3b8bf.html,7f50dda3b8bfa62ee26c4e72429af980a29a3bd0744449dd94c1c07c373f8b52
2026-09-10,RIO PARANA,13200.0,220,750,2026-09-28T22:44:22+00:00,20260910__7f50dda3b8bf.html,7f50dda3b8bfa62ee26c4e72429af980a29a3bd0744449dd94c1c07c373f8b52
2026-09-10,RIO URUGUAY,7914.0,500,750,2026-09-28T22:44:22+00:00,20260910__7f50dda3b8bf.html,7f50dda3b8bfa62ee26c4e72429af980a29a3bd0744449dd94c1c07c373f8b52
2026-09-10,RIO CHUBUT,32.0,280,1030,2026-09-28T22:44:22+00:00,20260910__7f50dda3b8bf.html,7f50dda3b8bfa62ee26c4e72429af980a29a3bd0744449dd94c1c07c373f8b52
2026-09-10,RIO FUTALEUFU,258.0,580,1030,2026-09-28T22:44:22+00:00,20260910__7f50dda3b8bf.html,7f50dda3b8bfa62ee26c4e72429af980a29a3bd0744449dd94c1c07c373f8b52
2026-09-10,RIO GRANDE,0.0,305,1280,2026-09-28T22:44:22+00:00,20260910__7f50dda3b8bf.html,7f50dda3b8bfa62ee26c4e72429af980a29a3bd0744449dd94c1c07c373f8b52
2026-09-10,,957.0,170,320,2026-09-28T22:44:22+00:00,20260910__7f50dda3b8bf.html,7f50dda3b8bfa62ee26c4e72429af980a29a3bd0744449dd94c1c07c373f8b52
2026-09-10,RIO SAN JUAN,29.0,60,1502,2026-09-28T22:44:22+00:00,20260910__7f50dda3b8bf.html,7f50dda3b8bfa62ee26c4e72429af980a29a3bd0744449dd94c1c07c373f8b52
2026-09-10,,43.0,730,1854,2026-09-28T22:44:22+00:00,20260910__7f50dda3b8bf.html,7f50dda3b8bfa62ee26c4e72429af980a29a3bd0744449dd94c1c07c373f8b52
2026-09-11,NEUQUEN,318.0,350,135,2026-09-28T22:44:28+00:00,20260911__5dac1680486c.html,5dac1680486c77585d48144188160d00bcc96166cf6ed2510670e808ad1cb943
2026-09-11,COLLON CURA,594.0,150,180,2026-09-28T22:44:28+00:00,20260911__5dac1680486c.html,5dac1680486c77585d48144188160d00bcc96166cf6ed2510670e808ad1cb943
2026-09-11,LIMAY,286.0,5,250,2026-09-28T22:44:28+00:00,20260911__5dac1680486c.html,5dac1680486c77585d48144188160d00bcc96166cf6ed2510670e808ad1cb943
2026-09-11,EL CHAÑAR,250.0,830,335,2026-09-28T22:44:28+00:00,20260911__5dac1680486c.html,5dac1680486c77585d48144188160d00bcc96166cf6ed2510670e808ad1cb943
2026-09-11,RIO NEGRO,550.0,900,500,2026-09-28T22:44:28+00:00,20260911__5dac1680486c.html,5dac1680486c77585d48144188160d00bcc96166cf6ed2510670e808ad1cb943
2026-09-11,RIO PARANA,14700.0,220,750,2026-09-28T22:44:28+00:00,20260911__5dac1680486c.html,5dac1680486c77585d48144188160d00bcc96166cf6ed2510670e808ad1cb943
2026-09-11,RIO URUGUAY,6466.0,500,750,2026-09-28T22:44:28+00:00,20260911__5dac1680486c.html,5dac1680486c77585d48144188160d00bcc96166cf6ed2510670e808ad1cb943
2026-09-11,RIO CHUBUT,32.0,280,1030,2026-09-28T22:44:28+00:00,20260911__5dac1680486c.html,5dac1680486c77585d48144188160d00bcc96166cf6ed2510670e808ad1cb943
2026-09-11,RIO FUTALEUFU,185.0,580,1030,2026-09-28T22:44:28+00:00,20260911__5dac1680486c.html,5dac1680486c77585d48144188160d00bcc96166cf6ed2510670e808ad1cb943
2026-09-11,RIO GRANDE,1.0,305,1280,2026-09-28T22:44:28+00:00,20260911__5dac1680486c.html,5dac1680486c77585d48144188160d00bcc96166cf6ed2510670e808ad1cb943
2026-09-11,,637.0,170,320,2026-09-28T22:44:28+00:00,20260911__5dac1680486c.html,5dac1680486c77585d48144188160d00bcc96166cf6ed2510670e808ad1cb943
2026-09-11,RIO SAN JUAN,29.0,60,1502,2026-09-28T22:44:28+00:00,20260911__5dac1680486c.html,5dac1680486c77585d48144188160d00bcc96166cf6ed2510670e808ad1cb943
2026-09-11,,45.0,730,1854,2026-09-28T22:44:28+00:00,20260911__5dac1680486c.html,5dac1680486c77585d48144188160d00bcc96166cf6ed2510670e808ad1cb943
2026-09-12,NEUQUEN,324.0,350,135,2026-09-28T22:44:31+00:00,20260912__4cda247835da.html,4cda247835dafc30128c0544364cd95dad5b3e5e6f55c8dc6e19cb84fa755a53
2026-09-12,COLLON CURA,568.0,150,180,2026-09-28T22:44:31+00:00,20260912__4cda247835da.html,4cda247835dafc30128c0544364cd95dad5b3e5e6f55c8dc6e19cb84fa755a53
2026-09-12,LIMAY,283.0,5,250,2026-09-28T22:44:31+00:00,20260912__4cda247835da.html,4cda247835dafc30128c0544364cd95dad5b3e5e6f55c8dc6e19cb84fa755a53
2026-09-12,EL CHAÑAR,250.0,830,335,2026-09-28T22:44:31+00:00,20260912__4cda247835da.html,4cda247835dafc30128c0544364cd95dad5b3e5e6f55c8dc6e19cb84fa755a53
2026-09-12,RIO NEGRO,550.0,900,500,2026-09-28T22:44:31+00:00,20260912__4cda247835da.html,4cda247835dafc30128c0544364cd95dad5b3e5e6f55c8dc6e19cb84fa755a53
2026-09-12,RIO PARANA,17800.0,220,750,2026-09-28T22:44:31+00:00,20260912__4cda247835da.html,4cda247835dafc30128c0544364cd95dad5b3e5e6f55c8dc6e19cb84fa755a53
2026-09-12,RIO URUGUAY,5533.0,500,750,2026-09-28T22:44:31+00:00,20260912__4cda247835da.html,4cda247835dafc30128c0544364cd95dad5b3e5e6f55c8dc6e19cb84fa755a53
2026-09-12,RIO CHUBUT,31.0,280,1030,2026-09-28T22:44:31+00:00,20260912__4cda247835da.html,4cda247835dafc30128c0544364cd95dad5b3e5e6f55c8dc6e19cb84fa755a53
2026-09-12,RIO FUTALEUFU,190.0,580,1030,2026-09-28T22:44:31+00:00,20260912__4cda247835da.html,4cda247835dafc30128c0544364cd95dad5b3e5e6f55c8dc6e19cb84fa755a53
2026-09-12,RIO GRANDE,1.0,305,1280,2026-09-28T22:44:31+00:00,20260912__4cda247835da.html,4cda247835dafc30128c0544364cd95dad5b3e5e6f55c8dc6e19cb84fa755a53
2026-09-12,,795.0,170,320,2026-09-28T22:44:31+00:00,20260912__4cda247835da.html,4cda247835dafc30128c0544364cd95dad5b3e5e6f55c8dc6e19cb84fa755a53
2026-09-12,RIO SAN JUAN,0.0,60,1502,2026-09-28T22:44:31+00:00,20260912__4cda247835da.html,4cda247835dafc30128c0544364cd95dad5b3e5e6f55c8dc6e19cb84fa755a53
2026-09-12,,44.0,730,1854,2026-09-28T22:44:31+00:00,20260912__4cda247835da.html,4cda247835dafc30128c0544364cd95dad5b3e5e6f55c8dc6e19cb84fa755a53
2026-09-13,NEUQUEN,329.0,350,135,2026-09-28T22:44:34+00:00,20260913__604be2555cd7.html,604be2555cd732ea07086d88290f66f9898ff8a60391c90a169e86a3b9443ee8
2026-09-13,COLLON CURA,534.0,150,180,2026-09-28T22:44:34+00:00,20260913__604be2555cd7.html,604be2555cd732ea07086d88290f66f9898ff8a60391c90a169e86a3b9443ee8
2026-09-13,LIMAY,282.0,5,250,2026-09-28T22:44:34+00:00,20260913__604be2555cd7.html,604be2555cd732ea07086d88290f66f9898ff8a60391c90a169e86a3b9443ee8
2026-09-13,EL CHAÑAR,250.0,830,335,2026-09-28T22:44:34+00:00,20260913__604be2555cd7.html,604be2555cd732ea07086d88290f66f9898ff8a60391c90a169e86a3b9443ee8
2026-09-13,RIO NEGRO,550.0,900,500,2026-09-28T22:44:34+00:00,20260913__604be2555cd7.html,604be2555cd732ea07086d88290f66f9898ff8a60391c90a169e86a3b9443ee8
2026-09-13,RIO PARANA,19400.0,220,750,2026-09-28T22:44:34+00:00,20260913__604be2555cd7.html,604be2555cd732ea07086d88290f66f9898ff8a60391c90a169e86a3b9443ee8
2026-09-13,RIO URUGUAY,5088.0,500,750,2026-09-28T22:44:34+00:00,20260913__604be2555cd7.html,604be2555cd732ea07086d88290f66f9898ff8a60391c90a169e86a3b9443ee8
2026-09-13,RIO CHUBUT,30.0,280,1030,2026-09-28T22:44:34+00:00,20260913__604be2555cd7.html,604be2555cd732ea07086d88290f66f9898ff8a60391c90a169e86a3b9443ee8
2026-09-13,RIO FUTALEUFU,190.0,580,1030,2026-09-28T22:44:34+00:00,20260913__604be2555cd7.html,604be2555cd732ea07086d88290f66f9898ff8a60391c90a169e86a3b9443ee8
2026-09-13,RIO GRANDE,7.0,305,1280,2026-09-28T22:44:34+00:00,20260913__604be2555cd7.html,604be2555cd732ea07086d88290f66f9898ff8a60391c90a169e86a3b9443ee8
2026-09-13,,941.0,170,320,2026-09-28T22:44:34+00:00,20260913__604be2555cd7.html,604be2555cd732ea07086d88290f66f9898ff8a60391c90a169e86a3b9443ee8
2026-09-13,RIO SAN JUAN,30.0,60,1502,2026-09-28T22:44:34+00:00,20260913__604be2555cd7.html,604be2555cd732ea07086d88290f66f9898ff8a60391c90a169e86a3b9443ee8
2026-09-13,,43.0,730,1854,2026-09-28T22:44:34+00:00,20260913__604be2555cd7.html,604be2555cd732ea07086d88290f66f9898ff8a60391c90a169e86a3b9443ee8
2026-09-14,NEUQUEN,302.0,350,135,2026-09-28T22:44:37+00:00,20260914__4478c0429e33.html,4478c0429e331a9497b2bf407cf83b2cfd9ce65df745aa218357ff8c644771e9
2026-09-14,COLLON CURA,516.0,150,180,2026-09-28T22:44:37+00:00,20260914__4478c0429e33.html,4478c0429e331a9497b2bf407cf83b2cfd9ce65df745aa218357ff8c644771e9
2026-09-14,LIMAY,280.0,5,250,2026-09-28T22:44:37+00:00,20260914__4478c0429e33.html,4478c0429e331a9497b2bf407cf83b2cfd9ce65df745aa218357ff8c644771e9
2026-09-14,EL CHAÑAR,250.0,830,335,2026-09-28T22:44:37+00:00,20260914__4478c0429e33.html,4478c0429e331a9497b2bf407cf83b2cfd9ce65df745aa218357ff8c644771e9
2026-09-14,RIO NEGRO,550.0,900,500,2026-09-28T22:44:37+00:00,20260914__4478c0429e33.html,4478c0429e331a9497b2bf407cf83b2cfd9ce65df745aa218357ff8c644771e9
2026-09-14,RIO PARANA,19200.0,220,750,2026-09-28T22:44:37+00:00,20260914__4478c0429e33.html,4478c0429e331a9497b2bf407cf83b2cfd9ce65df745aa218357ff8c644771e9
2026-09-14,RIO URUGUAY,5403.0,500,750,2026-09-28T22:44:37+00:00,20260914__4478c0429e33.html,4478c0429e331a9497b2bf407cf83b2cfd9ce65df745aa218357ff8c644771e9
2026-09-14,RIO CHUBUT,29.0,280,1030,2026-09-28T22:44:37+00:00,20260914__4478c0429e33.html,4478c0429e331a9497b2bf407cf83b2cfd9ce65df745aa218357ff8c644771e9
2026-09-14,RIO FUTALEUFU,190.0,580,1030,2026-09-28T22:44:37+00:00,20260914__4478c0429e33.html,4478c0429e331a9497b2bf407cf83b2cfd9ce65df745aa218357ff8c644771e9
2026-09-14,RIO GRANDE,0.0,305,1280,2026-09-28T22:44:37+00:00,20260914__4478c0429e33.html,4478c0429e331a9497b2bf407cf83b2cfd9ce65df745aa218357ff8c644771e9
2026-09-14,,949.0,170,320,2026-09-28T22:44:37+00:00,20260914__4478c0429e33.html,4478c0429e331a9497b2bf407cf83b2cfd9ce65df745aa218357ff8c644771e9
2026-09-14,RIO SAN JUAN,27.0,60,1502,2026-09-28T22:44:37+00:00,20260914__4478c0429e33.html,4478c0429e331a9497b2bf407cf83b2cfd9ce65df745aa218357ff8c644771e9
2026-09-14,,43.0,730,1854,2026-09-28T22:44:37+00:00,20260914__4478c0429e33.html,4478c0429e331a9497b2bf407cf83b2cfd9ce65df745aa218357ff8c644771e9
2026-09-15,NEUQUEN,291.0,350,135,2026-09-28T22:44:41+00:00,20260915__c49163aa6825.html,c49163aa6825bf55bd4e92e218331366c6c241c457c35f8a2f0a4df35afcca55
2026-09-15,COLLON CURA,502.0,150,180,2026-09-28T22:44:41+00:00,20260915__c49163aa6825.html,c49163aa6825bf55bd4e92e218331366c6c241c457c35f8a2f0a4df35afcca55
2026-09-15,LIMAY,277.0,5,250,2026-09-28T22:44:41+00:00,20260915__c49163aa6825.html,c49163aa6825bf55bd4e92e218331366c6c241c457c35f8a2f0a4df35afcca55
2026-09-15,EL CHAÑAR,250.0,830,335,2026-09-28T22:44:41+00:00,20260915__c49163aa6825.html,c49163aa6825bf55bd4e92e218331366c6c241c457c35f8a2f0a4df35afcca55
2026-09-15,RIO NEGRO,550.0,900,500,2026-09-28T22:44:41+00:00,20260915__c49163aa6825.html,c49163aa6825bf55bd4e92e218331366c6c241c457c35f8a2f0a4df35afcca55
2026-09-15,RIO PARANA,18900.0,220,750,2026-09-28T22:44:41+00:00,20260915__c49163aa6825.html,c49163aa6825bf55bd4e92e218331366c6c241c457c35f8a2f0a4df35afcca55
2026-09-15,RIO URUGUAY,6933.0,500,750,2026-09-28T22:44:41+00:00,20260915__c49163aa6825.html,c49163aa6825bf55bd4e92e218331366c6c241c457c35f8a2f0a4df35afcca55
2026-09-15,RIO CHUBUT,28.0,280,1030,2026-09-28T22:44:41+00:00,20260915__c49163aa6825.html,c49163aa6825bf55bd4e92e218331366c6c241c457c35f8a2f0a4df35afcca55
2026-09-15,RIO FUTALEUFU,175.0,580,1030,2026-09-28T22:44:41+00:00,20260915__c49163aa6825.html,c49163aa6825bf55bd4e92e218331366c6c241c457c35f8a2f0a4df35afcca55
2026-09-15,RIO GRANDE,0.0,305,1280,2026-09-28T22:44:41+00:00,20260915__c49163aa6825.html,c49163aa6825bf55bd4e92e218331366c6c241c457c35f8a2f0a4df35afcca55
2026-09-15,,761.0,170,320,2026-09-28T22:44:41+00:00,20260915__c49163aa6825.html,c49163aa6825bf55bd4e92e218331366c6c241c457c35f8a2f0a4df35afcca55
2026-09-15,RIO SAN JUAN,27.0,60,1502,2026-09-28T22:44:41+00:00,20260915__c49163aa6825.html,c49163aa6825bf55bd4e92e218331366c6c241c457c35f8a2f0a4df35afcca55
2026-09-15,,43.0,730,1854,2026-09-28T22:44:41+00:00,20260915__c49163aa6825.html,c49163aa6825bf55bd4e92e218331366c6c241c457c35f8a2f0a4df35afcca55
2026-09-16,NEUQUEN,280.0,350,135,2026-09-28T22:44:44+00:00,20260916__2098e9eec0b7.html,2098e9eec0b76b564abca6bd3e2e1eb1df2b37df84de55660d467d417b894719
2026-09-16,COLLON CURA,486.0,150,180,2026-09-28T22:44:44+00:00,20260916__2098e9eec0b7.html,2098e9eec0b76b564abca6bd3e2e1eb1df2b37df84de55660d467d417b894719
2026-09-16,LIMAY,277.0,5,250,2026-09-28T22:44:44+00:00,20260916__2098e9eec0b7.html,2098e9eec0b76b564abca6bd3e2e1eb1df2b37df84de55660d467d417b894719
2026-09-16,EL CHAÑAR,250.0,830,335,2026-09-28T22:44:44+00:00,20260916__2098e9eec0b7.html,2098e9eec0b76b564abca6bd3e2e1eb1df2b37df84de55660d467d417b894719
2026-09-16,RIO NEGRO,550.0,900,500,2026-09-28T22:44:44+00:00,20260916__2098e9eec0b7.html,2098e9eec0b76b564abca6bd3e2e1eb1df2b37df84de55660d467d417b894719
2026-09-16,RIO PARANA,18500.0,220,750,2026-09-28T22:44:44+00:00,20260916__2098e9eec0b7.html,2098e9eec0b76b564abca6bd3e2e1eb1df2b37df84de55660d467d417b894719
2026-09-16,RIO URUGUAY,9311.0,500,750,2026-09-28T22:44:44+00:00,20260916__2098e9eec0b7.html,2098e9eec0b76b564abca6bd3e2e1eb1df2b37df84de55660d467d417b894719
2026-09-16,RIO CHUBUT,27.0,280,1030,2026-09-28T22:44:44+00:00,20260916__2098e9eec0b7.html,2098e9eec0b76b564abca6bd3e2e1eb1df2b37df84de55660d467d417b894719
2026-09-16,RIO FUTALEUFU,170.0,580,1030,2026-09-28T22:44:44+00:00,20260916__2098e9eec0b7.html,2098e9eec0b76b564abca6bd3e2e1eb1df2b37df84de55660d467d417b894719
2026-09-16,RIO GRANDE,1.0,305,1280,2026-09-28T22:44:44+00:00,20260916__2098e9eec0b7.html,2098e9eec0b76b564abca6bd3e2e1eb1df2b37df84de55660d467d417b894719
2026-09-16,,902.0,170,320,2026-09-28T22:44:44+00:00,20260916__2098e9eec0b7.html,2098e9eec0b76b564abca6bd3e2e1eb1df2b37df84de55660d467d417b894719
2026-09-16,RIO SAN JUAN,25.0,60,1502,2026-09-28T22:44:44+00:00,20260916__2098e9eec0b7.html,2098e9eec0b76b564abca6bd3e2e1eb1df2b37df84de55660d467d417b894719
2026-09-16,,44.0,730,1854,2026-09-28T22:44:44+00:00,20260916__2098e9eec0b7.html,2098e9eec0b76b564abca6bd3e2e1eb1df2b37df84de55660d467d417b894719
2026-09-17,NEUQUEN,286.0,350,135,2026-09-28T22:44:52+00:00,20260917__e7d82ed25cdb.html,e7d82ed25cdb2699a19384f61ae9bce9493bb74fc22ff051bf5cb32cfbe74ff2
2026-09-17,COLLON CURA,484.0,150,180,2026-09-28T22:44:52+00:00,20260917__e7d82ed25cdb.html,e7d82ed25cdb2699a19384f61ae9bce9493bb74fc22ff051bf5cb32cfbe74ff2
2026-09-17,LIMAY,278.0,5,250,2026-09-28T22:44:52+00:00,20260917__e7d82ed25cdb.html,e7d82ed25cdb2699a19384f61ae9bce9493bb74fc22ff051bf5cb32cfbe74ff2
2026-09-17,EL CHAÑAR,374.0,830,335,2026-09-28T22:44:52+00:00,20260917__e7d82ed25cdb.html,e7d82ed25cdb2699a19384f61ae9bce9493bb74fc22ff051bf5cb32cfbe74ff2
2026-09-17,RIO NEGRO,674.0,900,500,2026-09-28T22:44:52+00:00,20260917__e7d82ed25cdb.html,e7d82ed25cdb2699a19384f61ae9bce9493bb74fc22ff051bf5cb32cfbe74ff2
2026-09-17,RIO PARANA,19000.0,220,750,2026-09-28T22:44:52+00:00,20260917__e7d82ed25cdb.html,e7d82ed25cdb2699a19384f61ae9bce9493bb74fc22ff051bf5cb32cfbe74ff2
2026-09-17,RIO URUGUAY,10532.0,500,750,2026-09-28T22:44:52+00:00,20260917__e7d82ed25cdb.html,e7d82ed25cdb2699a19384f61ae9bce9493bb74fc22ff051bf5cb32cfbe74ff2
2026-09-17,RIO CHUBUT,27.0,280,1030,2026-09-28T22:44:52+00:00,20260917__e7d82ed25cdb.html,e7d82ed25cdb2699a19384f61ae9bce9493bb74fc22ff051bf5cb32cfbe74ff2
2026-09-17,RIO FUTALEUFU,170.0,580,1030,2026-09-28T22:44:52+00:00,20260917__e7d82ed25cdb.html,e7d82ed25cdb2699a19384f61ae9bce9493bb74fc22ff051bf5cb32cfbe74ff2
2026-09-17,RIO GRANDE,1.0,305,1280,2026-09-28T22:44:52+00:00,20260917__e7d82ed25cdb.html,e7d82ed25cdb2699a19384f61ae9bce9493bb74fc22ff051bf5cb32cfbe74ff2
2026-09-17,,1176.0,170,320,2026-09-28T22:44:52+00:00,20260917__e7d82ed25cdb.html,e7d82ed25cdb2699a19384f61ae9bce9493bb74fc22ff051bf5cb32cfbe74ff2
2026-09-17,RIO SAN JUAN,25.0,60,1502,2026-09-28T22:44:52+00:00,20260917__e7d82ed25cdb.html,e7d82ed25cdb2699a19384f61ae9bce9493bb74fc22ff051bf5cb32cfbe74ff2
2026-09-17,,44.0,730,1854,2026-09-28T22:44:52+00:00,20260917__e7d82ed25cdb.html,e7d82ed25cdb2699a19384f61ae9bce9493bb74fc22ff051bf5cb32cfbe74ff2
2026-09-18,NEUQUEN,296.0,350,135,2026-09-28T22:44:56+00:00,20260918__d8cf455865cb.html,d8cf455865cb5a3578da0825618181c947df4d216fde449d6850765516e1824c
2026-09-18,COLLON CURA,486.0,150,180,2026-09-28T22:44:56+00:00,20260918__d8cf455865cb.html,d8cf455865cb5a3578da0825618181c947df4d216fde449d6850765516e1824c
2026-09-18,LIMAY,282.0,5,250,2026-09-28T22:44:56+00:00,20260918__d8cf455865cb.html,d8cf455865cb5a3578da0825618181c947df4d216fde449d6850765516e1824c
2026-09-18,EL CHAÑAR,420.0,830,335,2026-09-28T22:44:56+00:00,20260918__d8cf455865cb.html,d8cf455865cb5a3578da0825618181c947df4d216fde449d6850765516e1824c
2026-09-18,RIO NEGRO,756.0,900,500,2026-09-28T22:44:56+00:00,20260918__d8cf455865cb.html,d8cf455865cb5a3578da0825618181c947df4d216fde449d6850765516e1824c
2026-09-18,RIO PARANA,19200.0,220,750,2026-09-28T22:44:56+00:00,20260918__d8cf455865cb.html,d8cf455865cb5a3578da0825618181c947df4d216fde449d6850765516e1824c
2026-09-18,RIO URUGUAY,10649.0,500,750,2026-09-28T22:44:56+00:00,20260918__d8cf455865cb.html,d8cf455865cb5a3578da0825618181c947df4d216fde449d6850765516e1824c
2026-09-18,RIO CHUBUT,27.0,280,1030,2026-09-28T22:44:56+00:00,20260918__d8cf455865cb.html,d8cf455865cb5a3578da0825618181c947df4d216fde449d6850765516e1824c
2026-09-18,RIO FUTALEUFU,160.0,580,1030,2026-09-28T22:44:56+00:00,20260918__d8cf455865cb.html,d8cf455865cb5a3578da0825618181c947df4d216fde449d6850765516e1824c
2026-09-18,RIO GRANDE,1.0,305,1280,2026-09-28T22:44:56+00:00,20260918__d8cf455865cb.html,d8cf455865cb5a3578da0825618181c947df4d216fde449d6850765516e1824c
2026-09-18,,576.0,170,320,2026-09-28T22:44:56+00:00,20260918__d8cf455865cb.html,d8cf455865cb5a3578da0825618181c947df4d216fde449d6850765516e1824c
2026-09-18,RIO SAN JUAN,33.0,60,1502,2026-09-28T22:44:56+00:00,20260918__d8cf455865cb.html,d8cf455865cb5a3578da0825618181c947df4d216fde449d6850765516e1824c
2026-09-18,,0.0,730,1854,2026-09-28T22:44:56+00:00,20260918__d8cf455865cb.html,d8cf455865cb5a3578da0825618181c947df4d216fde449d6850765516e1824c
2026-09-19,NEUQUEN,324.0,350,135,2026-09-28T22:45:01+00:00,20260919__1a0e6f563072.html,1a0e6f5630722ca66d4b5a23c9b27eefe60a651792feafb9c5d2c8bb6d599867
2026-09-19,COLLON CURA,491.0,150,180,2026-09-28T22:45:01+00:00,20260919__1a0e6f563072.html,1a0e6f5630722ca66d4b5a23c9b27eefe60a651792feafb9c5d2c8bb6d599867
2026-09-19,LIMAY,284.0,5,250,2026-09-28T22:45:01+00:00,20260919__1a0e6f563072.html,1a0e6f5630722ca66d4b5a23c9b27eefe60a651792feafb9c5d2c8bb6d599867
2026-09-19,EL CHAÑAR,500.0,830,335,2026-09-28T22:45:01+00:00,20260919__1a0e6f563072.html,1a0e6f5630722ca66d4b5a23c9b27eefe60a651792feafb9c5d2c8bb6d599867
2026-09-19,RIO NEGRO,836.0,900,500,2026-09-28T22:45:01+00:00,20260919__1a0e6f563072.html,1a0e6f5630722ca66d4b5a23c9b27eefe60a651792feafb9c5d2c8bb6d599867
2026-09-19,RIO PARANA,19600.0,220,750,2026-09-28T22:45:01+00:00,20260919__1a0e6f563072.html,1a0e6f5630722ca66d4b5a23c9b27eefe60a651792feafb9c5d2c8bb6d599867
2026-09-19,RIO URUGUAY,10521.0,500,750,2026-09-28T22:45:01+00:00,20260919__1a0e6f563072.html,1a0e6f5630722ca66d4b5a23c9b27eefe60a651792feafb9c5d2c8bb6d599867
2026-09-19,RIO CHUBUT,26.0,280,1030,2026-09-28T22:45:01+00:00,20260919__1a0e6f563072.html,1a0e6f5630722ca66d4b5a23c9b27eefe60a651792feafb9c5d2c8bb6d599867
2026-09-19,RIO FUTALEUFU,180.0,580,1030,2026-09-28T22:45:01+00:00,20260919__1a0e6f563072.html,1a0e6f5630722ca66d4b5a23c9b27eefe60a651792feafb9c5d2c8bb6d599867
2026-09-19,RIO GRANDE,0.0,305,1280,2026-09-28T22:45:01+00:00,20260919__1a0e6f563072.html,1a0e6f5630722ca66d4b5a23c9b27eefe60a651792feafb9c5d2c8bb6d599867
2026-09-19,,491.0,170,320,2026-09-28T22:45:01+00:00,20260919__1a0e6f563072.html,1a0e6f5630722ca66d4b5a23c9b27eefe60a651792feafb9c5d2c8bb6d599867
2026-09-19,RIO SAN JUAN,31.0,60,1502,2026-09-28T22:45:01+00:00,20260919__1a0e6f563072.html,1a0e6f5630722ca66d4b5a23c9b27eefe60a651792feafb9c5d2c8bb6d599867
2026-09-19,,44.0,730,1854,2026-09-28T22:45:01+00:00,20260919__1a0e6f563072.html,1a0e6f5630722ca66d4b5a23c9b27eefe60a651792feafb9c5d2c8bb6d599867
2026-09-20,NEUQUEN,343.0,350,135,2026-09-28T22:45:04+00:00,20260920__fb482905d41a.html,fb482905d41ae1b40576c934a6d74264c04b0b5430dd2c734e62b465f80b0198
2026-09-20,COLLON CURA,526.0,150,180,2026-09-28T22:45:04+00:00,20260920__fb482905d41a.html,fb482905d41ae1b40576c934a6d74264c04b0b5430dd2c734e62b465f80b0198
2026-09-20,LIMAY,287.0,5,250,2026-09-28T22:45:04+00:00,20260920__fb482905d41a.html,fb482905d41ae1b40576c934a6d74264c04b0b5430dd2c734e62b465f80b0198
2026-09-20,EL CHAÑAR,500.0,830,335,2026-09-28T22:45:04+00:00,20260920__fb482905d41a.html,fb482905d41ae1b40576c934a6d74264c04b0b5430dd2c734e62b465f80b0198
2026-09-20,RIO NEGRO,836.0,900,500,2026-09-28T22:45:04+00:00,20260920__fb482905d41a.html,fb482905d41ae1b40576c934a6d74264c04b0b5430dd2c734e62b465f80b0198
2026-09-20,RIO PARANA,19400.0,220,750,2026-09-28T22:45:04+00:00,20260920__fb482905d41a.html,fb482905d41ae1b40576c934a6d74264c04b0b5430dd2c734e62b465f80b0198
2026-09-20,RIO URUGUAY,9880.0,500,750,2026-09-28T22:45:04+00:00,20260920__fb482905d41a.html,fb482905d41ae1b40576c934a6d74264c04b0b5430dd2c734e62b465f80b0198
2026-09-20,RIO CHUBUT,25.0,280,1030,2026-09-28T22:45:04+00:00,20260920__fb482905d41a.html,fb482905d41ae1b40576c934a6d74264c04b0b5430dd2c734e62b465f80b0198
2026-09-20,RIO FUTALEUFU,210.0,580,1030,2026-09-28T22:45:04+00:00,20260920__fb482905d41a.html,fb482905d41ae1b40576c934a6d74264c04b0b5430dd2c734e62b465f80b0198
2026-09-20,RIO GRANDE,4.0,305,1280,2026-09-28T22:45:04+00:00,20260920__fb482905d41a.html,fb482905d41ae1b40576c934a6d74264c04b0b5430dd2c734e62b465f80b0198
2026-09-20,,526.0,170,320,2026-09-28T22:45:04+00:00,20260920__fb482905d41a.html,fb482905d41ae1b40576c934a6d74264c04b0b5430dd2c734e62b465f80b0198
2026-09-20,RIO SAN JUAN,31.0,60,1502,2026-09-28T22:45:04+00:00,20260920__fb482905d41a.html,fb482905d41ae1b40576c934a6d74264c04b0b5430dd2c734e62b465f80b0198
2026-09-20,,44.0,730,1854,2026-09-28T22:45:04+00:00,20260920__fb482905d41a.html,fb482905d41ae1b40576c934a6d74264c04b0b5430dd2c734e62b465f80b0198
2026-09-21,NEUQUEN,439.0,350,135,2026-09-28T22:45:07+00:00,20260921__aa1e1730c0f6.html,aa1e1730c0f67944326d25abf335bfd6f5f7eba366e080fc4a20f185a822f454
2026-09-21,COLLON CURA,579.0,150,180,2026-09-28T22:45:07+00:00,20260921__aa1e1730c0f6.html,aa1e1730c0f67944326d25abf335bfd6f5f7eba366e080fc4a20f185a822f454
2026-09-21,LIMAY,293.0,5,250,2026-09-28T22:45:07+00:00,20260921__aa1e1730c0f6.html,aa1e1730c0f67944326d25abf335bfd6f5f7eba366e080fc4a20f185a822f454
2026-09-21,EL CHAÑAR,500.0,830,335,2026-09-28T22:45:07+00:00,20260921__aa1e1730c0f6.html,aa1e1730c0f67944326d25abf335bfd6f5f7eba366e080fc4a20f185a822f454
2026-09-21,RIO NEGRO,836.0,900,500,2026-09-28T22:45:07+00:00,20260921__aa1e1730c0f6.html,aa1e1730c0f67944326d25abf335bfd6f5f7eba366e080fc4a20f185a822f454
2026-09-21,RIO PARANA,20000.0,220,750,2026-09-28T22:45:07+00:00,20260921__aa1e1730c0f6.html,aa1e1730c0f67944326d25abf335bfd6f5f7eba366e080fc4a20f185a822f454
2026-09-21,RIO URUGUAY,8130.0,500,750,2026-09-28T22:45:07+00:00,20260921__aa1e1730c0f6.html,aa1e1730c0f67944326d25abf335bfd6f5f7eba366e080fc4a20f185a822f454
2026-09-21,RIO CHUBUT,25.0,280,1030,2026-09-28T22:45:07+00:00,20260921__aa1e1730c0f6.html,aa1e1730c0f67944326d25abf335bfd6f5f7eba366e080fc4a20f185a822f454
2026-09-21,RIO FUTALEUFU,230.0,580,1030,2026-09-28T22:45:07+00:00,20260921__aa1e1730c0f6.html,aa1e1730c0f67944326d25abf335bfd6f5f7eba366e080fc4a20f185a822f454
2026-09-21,RIO GRANDE,1.0,305,1280,2026-09-28T22:45:07+00:00,20260921__aa1e1730c0f6.html,aa1e1730c0f67944326d25abf335bfd6f5f7eba366e080fc4a20f185a822f454
2026-09-21,,733.0,170,320,2026-09-28T22:45:07+00:00,20260921__aa1e1730c0f6.html,aa1e1730c0f67944326d25abf335bfd6f5f7eba366e080fc4a20f185a822f454
2026-09-21,RIO SAN JUAN,31.0,60,1502,2026-09-28T22:45:07+00:00,20260921__aa1e1730c0f6.html,aa1e1730c0f67944326d25abf335bfd6f5f7eba366e080fc4a20f185a822f454
2026-09-21,,30.0,730,1854,2026-09-28T22:45:07+00:00,20260921__aa1e1730c0f6.html,aa1e1730c0f67944326d25abf335bfd6f5f7eba366e080fc4a20f185a822f454
2026-09-22,NEUQUEN,575.0,350,135,2026-09-28T22:45:11+00:00,20260922__45327806ae2a.html,45327806ae2a0bd262f52240bbbfab2932d79d4854ea07fd8aa6a62b42e35d16
2026-09-22,COLLON CURA,534.0,150,180,2026-09-28T22:45:11+00:00,20260922__45327806ae2a.html,45327806ae2a0bd262f52240bbbfab2932d79d4854ea07fd8aa6a62b42e35d16
2026-09-22,LIMAY,285.0,5,250,2026-09-28T22:45:11+00:00,20260922__45327806ae2a.html,45327806ae2a0bd262f52240bbbfab2932d79d4854ea07fd8aa6a62b42e35d16
2026-09-22,EL CHAÑAR,500.0,830,335,2026-09-28T22:45:11+00:00,20260922__45327806ae2a.html,45327806ae2a0bd262f52240bbbfab2932d79d4854ea07fd8aa6a62b42e35d16
2026-09-22,RIO NEGRO,836.0,900,500,2026-09-28T22:45:11+00:00,20260922__45327806ae2a.html,45327806ae2a0bd262f52240bbbfab2932d79d4854ea07fd8aa6a62b42e35d16
2026-09-22,RIO PARANA,18200.0,220,750,2026-09-28T22:45:11+00:00,20260922__45327806ae2a.html,45327806ae2a0bd262f52240bbbfab2932d79d4854ea07fd8aa6a62b42e35d16
2026-09-22,RIO URUGUAY,6736.0,500,750,2026-09-28T22:45:11+00:00,20260922__45327806ae2a.html,45327806ae2a0bd262f52240bbbfab2932d79d4854ea07fd8aa6a62b42e35d16
2026-09-22,RIO CHUBUT,33.0,280,1030,2026-09-28T22:45:11+00:00,20260922__45327806ae2a.html,45327806ae2a0bd262f52240bbbfab2932d79d4854ea07fd8aa6a62b42e35d16
2026-09-22,RIO FUTALEUFU,190.0,580,1030,2026-09-28T22:45:11+00:00,20260922__45327806ae2a.html,45327806ae2a0bd262f52240bbbfab2932d79d4854ea07fd8aa6a62b42e35d16
2026-09-22,RIO GRANDE,1.0,305,1280,2026-09-28T22:45:11+00:00,20260922__45327806ae2a.html,45327806ae2a0bd262f52240bbbfab2932d79d4854ea07fd8aa6a62b42e35d16
2026-09-22,,1346.0,170,320,2026-09-28T22:45:11+00:00,20260922__45327806ae2a.html,45327806ae2a0bd262f52240bbbfab2932d79d4854ea07fd8aa6a62b42e35d16
2026-09-22,RIO SAN JUAN,33.0,60,1502,2026-09-28T22:45:11+00:00,20260922__45327806ae2a.html,45327806ae2a0bd262f52240bbbfab2932d79d4854ea07fd8aa6a62b42e35d16
2026-09-22,,36.0,730,1854,2026-09-28T22:45:11+00:00,20260922__45327806ae2a.html,45327806ae2a0bd262f52240bbbfab2932d79d4854ea07fd8aa6a62b42e35d16
2026-09-23,NEUQUEN,468.0,350,135,2026-09-28T22:45:15+00:00,20260923__87118fb05881.html,87118fb058815d7e0632a46017d80d2239271aec01f65cfb743c68b517ac08b1
2026-09-23,COLLON CURA,546.0,150,180,2026-09-28T22:45:15+00:00,20260923__87118fb05881.html,87118fb058815d7e0632a46017d80d2239271aec01f65cfb743c68b517ac08b1
2026-09-23,LIMAY,290.0,5,250,2026-09-28T22:45:15+00:00,20260923__87118fb05881.html,87118fb058815d7e0632a46017d80d2239271aec01f65cfb743c68b517ac08b1
2026-09-23,EL CHAÑAR,500.0,830,335,2026-09-28T22:45:15+00:00,20260923__87118fb05881.html,87118fb058815d7e0632a46017d80d2239271aec01f65cfb743c68b517ac08b1
2026-09-23,RIO NEGRO,836.0,900,500,2026-09-28T22:45:15+00:00,20260923__87118fb05881.html,87118fb058815d7e0632a46017d80d2239271aec01f65cfb743c68b517ac08b1
2026-09-23,RIO PARANA,17000.0,220,750,2026-09-28T22:45:15+00:00,20260923__87118fb05881.html,87118fb058815d7e0632a46017d80d2239271aec01f65cfb743c68b517ac08b1
2026-09-23,RIO URUGUAY,6388.0,500,750,2026-09-28T22:45:15+00:00,20260923__87118fb05881.html,87118fb058815d7e0632a46017d80d2239271aec01f65cfb743c68b517ac08b1
2026-09-23,RIO CHUBUT,30.0,280,1030,2026-09-28T22:45:15+00:00,20260923__87118fb05881.html,87118fb058815d7e0632a46017d80d2239271aec01f65cfb743c68b517ac08b1
2026-09-23,RIO FUTALEUFU,220.0,580,1030,2026-09-28T22:45:15+00:00,20260923__87118fb05881.html,87118fb058815d7e0632a46017d80d2239271aec01f65cfb743c68b517ac08b1
2026-09-23,RIO GRANDE,1.0,305,1280,2026-09-28T22:45:15+00:00,20260923__87118fb05881.html,87118fb058815d7e0632a46017d80d2239271aec01f65cfb743c68b517ac08b1
2026-09-23,,816.0,170,320,2026-09-28T22:45:15+00:00,20260923__87118fb05881.html,87118fb058815d7e0632a46017d80d2239271aec01f65cfb743c68b517ac08b1
2026-09-23,RIO SAN JUAN,34.0,60,1502,2026-09-28T22:45:15+00:00,20260923__87118fb05881.html,87118fb058815d7e0632a46017d80d2239271aec01f65cfb743c68b517ac08b1
2026-09-23,,42.0,730,1854,2026-09-28T22:45:15+00:00,20260923__87118fb05881.html,87118fb058815d7e0632a46017d80d2239271aec01f65cfb743c68b517ac08b1
2026-09-24,NEUQUEN,490.0,350,135,2026-09-28T22:45:21+00:00,20260924__6faf972e2e49.html,6faf972e2e49aff78723efce4de9e4d8610f4bf07d9aa73f87f6fffeb2e3d83b
2026-09-24,COLLON CURA,1110.0,150,180,2026-09-28T22:45:21+00:00,20260924__6faf972e2e49.html,6faf972e2e49aff78723efce4de9e4d8610f4bf07d9aa73f87f6fffeb2e3d83b
2026-09-24,LIMAY,503.0,5,250,2026-09-28T22:45:21+00:00,20260924__6faf972e2e49.html,6faf972e2e49aff78723efce4de9e4d8610f4bf07d9aa73f87f6fffeb2e3d83b
2026-09-24,EL CHAÑAR,500.0,830,335,2026-09-28T22:45:21+00:00,20260924__6faf972e2e49.html,6faf972e2e49aff78723efce4de9e4d8610f4bf07d9aa73f87f6fffeb2e3d83b
2026-09-24,RIO NEGRO,836.0,900,500,2026-09-28T22:45:21+00:00,20260924__6faf972e2e49.html,6faf972e2e49aff78723efce4de9e4d8610f4bf07d9aa73f87f6fffeb2e3d83b
2026-09-24,RIO PARANA,16800.0,220,750,2026-09-28T22:45:21+00:00,20260924__6faf972e2e49.html,6faf972e2e49aff78723efce4de9e4d8610f4bf07d9aa73f87f6fffeb2e3d83b
2026-09-24,RIO URUGUAY,6718.0,500,750,2026-09-28T22:45:21+00:00,20260924__6faf972e2e49.html,6faf972e2e49aff78723efce4de9e4d8610f4bf07d9aa73f87f6fffeb2e3d83b
2026-09-24,RIO CHUBUT,32.0,280,1030,2026-09-28T22:45:21+00:00,20260924__6faf972e2e49.html,6faf972e2e49aff78723efce4de9e4d8610f4bf07d9aa73f87f6fffeb2e3d83b
2026-09-24,RIO FUTALEUFU,300.0,580,1030,2026-09-28T22:45:21+00:00,20260924__6faf972e2e49.html,6faf972e2e49aff78723efce4de9e4d8610f4bf07d9aa73f87f6fffeb2e3d83b
2026-09-24,RIO GRANDE,3.0,305,1280,2026-09-28T22:45:21+00:00,20260924__6faf972e2e49.html,6faf972e2e49aff78723efce4de9e4d8610f4bf07d9aa73f87f6fffeb2e3d83b
2026-09-24,,1799.0,170,320,2026-09-28T22:45:21+00:00,20260924__6faf972e2e49.html,6faf972e2e49aff78723efce4de9e4d8610f4bf07d9aa73f87f6fffeb2e3d83b
2026-09-24,RIO SAN JUAN,31.0,60,1502,2026-09-28T22:45:21+00:00,20260924__6faf972e2e49.html,6faf972e2e49aff78723efce4de9e4d8610f4bf07d9aa73f87f6fffeb2e3d83b
2026-09-24,,43.0,730,1854,2026-09-28T22:45:21+00:00,20260924__6faf972e2e49.html,6faf972e2e49aff78723efce4de9e4d8610f4bf07d9aa73f87f6fffeb2e3d83b
2026-09-25,NEUQUEN,1003.0,350,135,2026-09-28T22:45:25+00:00,20260925__0c86e146770f.html,0c86e146770f2f406ca8618cbe1664912f9a61d134e133ef7aec21f6de775266
2026-09-25,COLLON CURA,2778.0,150,180,2026-09-28T22:45:25+00:00,20260925__0c86e146770f.html,0c86e146770f2f406ca8618cbe1664912f9a61d134e133ef7aec21f6de775266
2026-09-25,LIMAY,483.0,5,250,2026-09-28T22:45:25+00:00,20260925__0c86e146770f.html,0c86e146770f2f406ca8618cbe1664912f9a61d134e133ef7aec21f6de775266
2026-09-25,EL CHAÑAR,400.0,830,335,2026-09-28T22:45:25+00:00,20260925__0c86e146770f.html,0c86e146770f2f406ca8618cbe1664912f9a61d134e133ef7aec21f6de775266
2026-09-25,RIO NEGRO,736.0,900,500,2026-09-28T22:45:25+00:00,20260925__0c86e146770f.html,0c86e146770f2f406ca8618cbe1664912f9a61d134e133ef7aec21f6de775266
2026-09-25,RIO PARANA,17600.0,220,750,2026-09-28T22:45:25+00:00,20260925__0c86e146770f.html,0c86e146770f2f406ca8618cbe1664912f9a61d134e133ef7aec21f6de775266
2026-09-25,RIO URUGUAY,7414.0,500,750,2026-09-28T22:45:25+00:00,20260925__0c86e146770f.html,0c86e146770f2f406ca8618cbe1664912f9a61d134e133ef7aec21f6de775266
2026-09-25,RIO CHUBUT,37.0,280,1030,2026-09-28T22:45:25+00:00,20260925__0c86e146770f.html,0c86e146770f2f406ca8618cbe1664912f9a61d134e133ef7aec21f6de775266
2026-09-25,RIO FUTALEUFU,450.0,580,1030,2026-09-28T22:45:25+00:00,20260925__0c86e146770f.html,0c86e146770f2f406ca8618cbe1664912f9a61d134e133ef7aec21f6de775266
2026-09-25,RIO GRANDE,3.0,305,1280,2026-09-28T22:45:25+00:00,20260925__0c86e146770f.html,0c86e146770f2f406ca8618cbe1664912f9a61d134e133ef7aec21f6de775266
2026-09-25,,3467.0,170,320,2026-09-28T22:45:25+00:00,20260925__0c86e146770f.html,0c86e146770f2f406ca8618cbe1664912f9a61d134e133ef7aec21f6de775266
2026-09-25,RIO SAN JUAN,31.0,60,1502,2026-09-28T22:45:25+00:00,20260925__0c86e146770f.html,0c86e146770f2f406ca8618cbe1664912f9a61d134e133ef7aec21f6de775266
2026-09-25,,40.0,730,1854,2026-09-28T22:45:25+00:00,20260925__0c86e146770f.html,0c86e146770f2f406ca8618cbe1664912f9a61d134e133ef7aec21f6de775266
2026-09-26,NEUQUEN,2356.0,350,135,2026-09-28T22:45:31+00:00,20260926__b4da19f64d7c.html,b4da19f64d7c245c795b2df810bb7bd11bf8fcfd0aec9c64f1c363bb63ffd286
2026-09-26,COLLON CURA,2108.0,150,180,2026-09-28T22:45:31+00:00,20260926__b4da19f64d7c.html,b4da19f64d7c245c795b2df810bb7bd11bf8fcfd0aec9c64f1c363bb63ffd286
2026-09-26,LIMAY,477.0,5,250,2026-09-28T22:45:31+00:00,20260926__b4da19f64d7c.html,b4da19f64d7c245c795b2df810bb7bd11bf8fcfd0aec9c64f1c363bb63ffd286
2026-09-26,EL CHAÑAR,400.0,830,335,2026-09-28T22:45:31+00:00,20260926__b4da19f64d7c.html,b4da19f64d7c245c795b2df810bb7bd11bf8fcfd0aec9c64f1c363bb63ffd286
2026-09-26,RIO NEGRO,736.0,900,500,2026-09-28T22:45:31+00:00,20260926__b4da19f64d7c.html,b4da19f64d7c245c795b2df810bb7bd11bf8fcfd0aec9c64f1c363bb63ffd286
2026-09-26,RIO PARANA,18000.0,220,750,2026-09-28T22:45:31+00:00,20260926__b4da19f64d7c.html,b4da19f64d7c245c795b2df810bb7bd11bf8fcfd0aec9c64f1c363bb63ffd286
2026-09-26,RIO URUGUAY,8128.0,500,750,2026-09-28T22:45:31+00:00,20260926__b4da19f64d7c.html,b4da19f64d7c245c795b2df810bb7bd11bf8fcfd0aec9c64f1c363bb63ffd286
2026-09-26,RIO CHUBUT,54.0,280,1030,2026-09-28T22:45:31+00:00,20260926__b4da19f64d7c.html,b4da19f64d7c245c795b2df810bb7bd11bf8fcfd0aec9c64f1c363bb63ffd286
2026-09-26,RIO FUTALEUFU,350.0,580,1030,2026-09-28T22:45:31+00:00,20260926__b4da19f64d7c.html,b4da19f64d7c245c795b2df810bb7bd11bf8fcfd0aec9c64f1c363bb63ffd286
2026-09-26,RIO GRANDE,1.0,305,1280,2026-09-28T22:45:31+00:00,20260926__b4da19f64d7c.html,b4da19f64d7c245c795b2df810bb7bd11bf8fcfd0aec9c64f1c363bb63ffd286
2026-09-26,,2665.0,170,320,2026-09-28T22:45:31+00:00,20260926__b4da19f64d7c.html,b4da19f64d7c245c795b2df810bb7bd11bf8fcfd0aec9c64f1c363bb63ffd286
2026-09-26,RIO SAN JUAN,42.0,60,1502,2026-09-28T22:45:31+00:00,20260926__b4da19f64d7c.html,b4da19f64d7c245c795b2df810bb7bd11bf8fcfd0aec9c64f1c363bb63ffd286
2026-09-26,,0.0,730,1854,2026-09-28T22:45:31+00:00,20260926__b4da19f64d7c.html,b4da19f64d7c245c795b2df810bb7bd11bf8fcfd0aec9c64f1c363bb63ffd286
2026-09-27,NEUQUEN,1660.0,350,135,2026-09-28T22:45:38+00:00,20260927__3badc8599bdc.html,3badc8599bdc388edb105a5ab15f2931dcec41ffc0544c633d1bc023bdd07b89
2026-09-27,COLLON CURA,1860.0,150,180,2026-09-28T22:45:38+00:00,20260927__3badc8599bdc.html,3badc8599bdc388edb105a5ab15f2931dcec41ffc0544c633d1bc023bdd07b89
2026-09-27,LIMAY,470.0,5,250,2026-09-28T22:45:38+00:00,20260927__3badc8599bdc.html,3badc8599bdc388edb105a5ab15f2931dcec41ffc0544c633d1bc023bdd07b89
2026-09-27,EL CHAÑAR,400.0,830,335,2026-09-28T22:45:38+00:00,20260927__3badc8599bdc.html,3badc8599bdc388edb105a5ab15f2931dcec41ffc0544c633d1bc023bdd07b89
2026-09-27,RIO NEGRO,736.0,900,500,2026-09-28T22:45:38+00:00,20260927__3badc8599bdc.html,3badc8599bdc388edb105a5ab15f2931dcec41ffc0544c633d1bc023bdd07b89
2026-09-27,RIO PARANA,17300.0,220,750,2026-09-28T22:45:38+00:00,20260927__3badc8599bdc.html,3badc8599bdc388edb105a5ab15f2931dcec41ffc0544c633d1bc023bdd07b89
2026-09-27,RIO URUGUAY,9494.0,500,750,2026-09-28T22:45:38+00:00,20260927__3badc8599bdc.html,3badc8599bdc388edb105a5ab15f2931dcec41ffc0544c633d1bc023bdd07b89
2026-09-27,RIO CHUBUT,54.0,280,1030,2026-09-28T22:45:38+00:00,20260927__3badc8599bdc.html,3badc8599bdc388edb105a5ab15f2931dcec41ffc0544c633d1bc023bdd07b89
2026-09-27,RIO FUTALEUFU,360.0,580,1030,2026-09-28T22:45:38+00:00,20260927__3badc8599bdc.html,3badc8599bdc388edb105a5ab15f2931dcec41ffc0544c633d1bc023bdd07b89
2026-09-27,RIO GRANDE,2.0,305,1280,2026-09-28T22:45:38+00:00,20260927__3badc8599bdc.html,3badc8599bdc388edb105a5ab15f2931dcec41ffc0544c633d1bc023bdd07b89
2026-09-27,,2311.0,170,320,2026-09-28T22:45:38+00:00,20260927__3badc8599bdc.html,3badc8599bdc388edb105a5ab15f2931dcec41ffc0544c633d1bc023bdd07b89
2026-09-27,RIO SAN JUAN,43.0,60,1502,2026-09-28T22:45:38+00:00,20260927__3badc8599bdc.html,3badc8599bdc388edb105a5ab15f2931dcec41ffc0544c633d1bc023bdd07b89
2026-09-27,,0.0,730,1854,2026-09-28T22:45:38+00:00,20260927__3badc8599bdc.html,3badc8599bdc388edb105a5ab15f2931dcec41ffc0544c633d1bc023bdd07b89
2026-09-28,NEUQUEN,1301.0,350,135,2026-09-28T22:45:41+00:00,20260928__51c5616ecc80.html,51c5616ecc8035bf10652d449f2184a599f186d7b3aa4c3dfe73e95e14edd35f
2026-09-28,COLLON CURA,1872.0,150,180,2026-09-28T22:45:41+00:00,20260928__51c5616ecc80.html,51c5616ecc8035bf10652d449f2184a599f186d7b3aa4c3dfe73e95e14edd35f
2026-09-28,LIMAY,464.0,5,250,2026-09-28T22:45:41+00:00,20260928__51c5616ecc80.html,51c5616ecc8035bf10652d449f2184a599f186d7b3aa4c3dfe73e95e14edd35f
2026-09-28,EL CHAÑAR,400.0,830,335,2026-09-28T22:45:41+00:00,20260928__51c5616ecc80.html,51c5616ecc8035bf10652d449f2184a599f186d7b3aa4c3dfe73e95e14edd35f
2026-09-28,RIO NEGRO,1336.0,900,500,2026-09-28T22:45:41+00:00,20260928__51c5616ecc80.html,51c5616ecc8035bf10652d449f2184a599f186d7b3aa4c3dfe73e95e14edd35f
2026-09-28,RIO PARANA,16100.0,220,750,2026-09-28T22:45:41+00:00,20260928__51c5616ecc80.html,51c5616ecc8035bf10652d449f2184a599f186d7b3aa4c3dfe73e95e14edd35f
2026-09-28,RIO URUGUAY,9627.0,500,750,2026-09-28T22:45:41+00:00,20260928__51c5616ecc80.html,51c5616ecc8035bf10652d449f2184a599f186d7b3aa4c3dfe73e95e14edd35f
2026-09-28,RIO CHUBUT,56.0,280,1030,2026-09-28T22:45:41+00:00,20260928__51c5616ecc80.html,51c5616ecc8035bf10652d449f2184a599f186d7b3aa4c3dfe73e95e14edd35f
2026-09-28,RIO FUTALEUFU,400.0,580,1030,2026-09-28T22:45:41+00:00,20260928__51c5616ecc80.html,51c5616ecc8035bf10652d449f2184a599f186d7b3aa4c3dfe73e95e14edd35f
2026-09-28,RIO GRANDE,2.0,305,1280,2026-09-28T22:45:41+00:00,20260928__51c5616ecc80.html,51c5616ecc8035bf10652d449f2184a599f186d7b3aa4c3dfe73e95e14edd35f
2026-09-28,,2419.0,170,320,2026-09-28T22:45:41+00:00,20260928__51c5616ecc80.html,51c5616ecc8035bf10652d449f2184a599f186d7b3aa4c3dfe73e95e14edd35f
2026-09-28,RIO SAN JUAN,42.0,60,1502,2026-09-28T22:45:41+00:00,20260928__51c5616ecc80.html,51c5616ecc8035bf10652d449f2184a599f186d7b3aa4c3dfe73e95e14edd35f
2026-09-28,,0.0,730,1854,2026-09-28T22:45:41+00:00,20260928__51c5616ecc80.html,51c5616ecc8035bf10652d449f2184a599f186d7b3aa4c3dfe73e95e14edd35f
2026-09-29,NEUQUEN,1224.0,350,135,2026-09-29T18:10:58+00:00,20260929__19ca44639ccf.html,19ca44639ccf5a70ebf5fc81382f85cd7205916a09853814fa499b1b27468e25
2026-09-29,COLLON CURA,1686.0,150,180,2026-09-29T18:10:58+00:00,20260929__19ca44639ccf.html,19ca44639ccf5a70ebf5fc81382f85cd7205916a09853814fa499b1b27468e25
2026-09-29,LIMAY,451.0,5,250,2026-09-29T18:10:58+00:00,20260929__19ca44639ccf.html,19ca44639ccf5a70ebf5fc81382f85cd7205916a09853814fa499b1b27468e25
2026-09-29,EL CHAÑAR,400.0,830,335,2026-09-29T18:10:58+00:00,20260929__19ca44639ccf.html,19ca44639ccf5a70ebf5fc81382f85cd7205916a09853814fa499b1b27468e25
2026-09-29,RIO NEGRO,736.0,900,500,2026-09-29T18:10:58+00:00,20260929__19ca44639ccf.html,19ca44639ccf5a70ebf5fc81382f85cd7205916a09853814fa499b1b27468e25
2026-09-29,RIO PARANA,15800.0,220,750,2026-09-29T18:10:58+00:00,20260929__19ca44639ccf.html,19ca44639ccf5a70ebf5fc81382f85cd7205916a09853814fa499b1b27468e25
2026-09-29,RIO URUGUAY,13141.0,500,750,2026-09-29T18:10:58+00:00,20260929__19ca44639ccf.html,19ca44639ccf5a70ebf5fc81382f85cd7205916a09853814fa499b1b27468e25
2026-09-29,RIO CHUBUT,81.0,280,1030,2026-09-29T18:10:58+00:00,20260929__19ca44639ccf.html,19ca44639ccf5a70ebf5fc81382f85cd7205916a09853814fa499b1b27468e25
2026-09-29,RIO FUTALEUFU,400.0,580,1030,2026-09-29T18:10:58+00:00,20260929__19ca44639ccf.html,19ca44639ccf5a70ebf5fc81382f85cd7205916a09853814fa499b1b27468e25
2026-09-29,RIO GRANDE,3.0,305,1280,2026-09-29T18:10:58+00:00,20260929__19ca44639ccf.html,19ca44639ccf5a70ebf5fc81382f85cd7205916a09853814fa499b1b27468e25
2026-09-29,,2371.0,170,320,2026-09-29T18:10:58+00:00,20260929__19ca44639ccf.html,19ca44639ccf5a70ebf5fc81382f85cd7205916a09853814fa499b1b27468e25
2026-09-29,RIO SAN JUAN,0.0,60,1502,2026-09-29T18:10:58+00:00,20260929__19ca44639ccf.html,19ca44639ccf5a70ebf5fc81382f85cd7205916a09853814fa499b1b27468e25
2026-09-29,,6.0,730,1854,2026-09-29T18:10:58+00:00,20260929__19ca44639ccf.html,19ca44639ccf5a70ebf5fc81382f85cd7205916a09853814fa499b1b27468e25
2026-09-30,NEUQUEN,997.0,350,135,2026-09-30T18:10:29+00:00,20260930__d52ddcd70eee.html,d52ddcd70eeeeecb4c457da58d8f089a8c5e7d6572c085786a0f8fafb89c6673
2026-09-30,COLLON CURA,1539.0,150,180,2026-09-30T18:10:29+00:00,20260930__d52ddcd70eee.html,d52ddcd70eeeeecb4c457da58d8f089a8c5e7d6572c085786a0f8fafb89c6673
2026-09-30,LIMAY,439.0,5,250,2026-09-30T18:10:29+00:00,20260930__d52ddcd70eee.html,d52ddcd70eeeeecb4c457da58d8f089a8c5e7d6572c085786a0f8fafb89c6673
2026-09-30,EL CHAÑAR,400.0,830,335,2026-09-30T18:10:29+00:00,20260930__d52ddcd70eee.html,d52ddcd70eeeeecb4c457da58d8f089a8c5e7d6572c085786a0f8fafb89c6673
2026-09-30,RIO NEGRO,736.0,900,500,2026-09-30T18:10:29+00:00,20260930__d52ddcd70eee.html,d52ddcd70eeeeecb4c457da58d8f089a8c5e7d6572c085786a0f8fafb89c6673
2026-09-30,RIO PARANA,15700.0,220,750,2026-09-30T18:10:29+00:00,20260930__d52ddcd70eee.html,d52ddcd70eeeeecb4c457da58d8f089a8c5e7d6572c085786a0f8fafb89c6673
2026-09-30,RIO URUGUAY,13159.0,500,750,2026-09-30T18:10:29+00:00,20260930__d52ddcd70eee.html,d52ddcd70eeeeecb4c457da58d8f089a8c5e7d6572c085786a0f8fafb89c6673
2026-09-30,RIO CHUBUT,179.0,280,1030,2026-09-30T18:10:29+00:00,20260930__d52ddcd70eee.html,d52ddcd70eeeeecb4c457da58d8f089a8c5e7d6572c085786a0f8fafb89c6673
2026-09-30,RIO FUTALEUFU,410.0,580,1030,2026-09-30T18:10:29+00:00,20260930__d52ddcd70eee.html,d52ddcd70eeeeecb4c457da58d8f089a8c5e7d6572c085786a0f8fafb89c6673
2026-09-30,RIO GRANDE,3.0,305,1280,2026-09-30T18:10:29+00:00,20260930__d52ddcd70eee.html,d52ddcd70eeeeecb4c457da58d8f089a8c5e7d6572c085786a0f8fafb89c6673
2026-09-30,,2167.0,170,320,2026-09-30T18:10:29+00:00,20260930__d52ddcd70eee.html,d52ddcd70eeeeecb4c457da58d8f089a8c5e7d6572c085786a0f8fafb89c6673
2026-09-30,RIO SAN JUAN,43.0,60,1502,2026-09-30T18:10:29+00:00,20260930__d52ddcd70eee.html,d52ddcd70eeeeecb4c457da58d8f089a8c5e7d6572c085786a0f8fafb89c6673
2026-09-30,,5.0,730,1854,2026-09-30T18:10:29+00:00,20260930__d52ddcd70eee.html,d52ddcd70eeeeecb4c457da58d8f089a8c5e7d6572c085786a0f8fafb89c6673
2026-10-01,NEUQUEN,804.0,350,135,2026-10-01T18:30:53+00:00,20261001__36caeb75a4f4.html,36caeb75a4f449ef8846c12db8cec4d4f58b766ffdb45b4ba9c001b5d565e863
2026-10-01,COLLON CURA,1429.0,150,180,2026-10-01T18:30:53+00:00,20261001__36caeb75a4f4.html,36caeb75a4f449ef8846c12db8cec4d4f58b766ffdb45b4ba9c001b5d565e863
2026-10-01,LIMAY,435.0,5,250,2026-10-01T18:30:53+00:00,20261001__36caeb75a4f4.html,36caeb75a4f449ef8846c12db8cec4d4f58b766ffdb45b4ba9c001b5d565e863
2026-10-01,EL CHAÑAR,340.0,830,335,2026-10-01T18:30:53+00:00,20261001__36caeb75a4f4.html,36caeb75a4f449ef8846c12db8cec4d4f58b766ffdb45b4ba9c001b5d565e863
2026-10-01,RIO NEGRO,620.0,900,500,2026-10-01T18:30:53+00:00,20261001__36caeb75a4f4.html,36caeb75a4f449ef8846c12db8cec4d4f58b766ffdb45b4ba9c001b5d565e863
2026-10-01,RIO PARANA,16700.0,220,750,2026-10-01T18:30:53+00:00,20261001__36caeb75a4f4.html,36caeb75a4f449ef8846c12db8cec4d4f58b766ffdb45b4ba9c001b5d565e863
2026-10-01,RIO URUGUAY,12515.0,500,750,2026-10-01T18:30:53+00:00,20261001__36caeb75a4f4.html,36caeb75a4f449ef8846c12db8cec4d4f58b766ffdb45b4ba9c001b5d565e863
2026-10-01,RIO CHUBUT,169.0,280,1030,2026-10-01T18:30:53+00:00,20261001__36caeb75a4f4.html,36caeb75a4f449ef8846c12db8cec4d4f58b766ffdb45b4ba9c001b5d565e863
2026-10-01,RIO FUTALEUFU,410.0,580,1030,2026-10-01T18:30:53+00:00,20261001__36caeb75a4f4.html,36caeb75a4f449ef8846c12db8cec4d4f58b766ffdb45b4ba9c001b5d565e863
2026-10-01,RIO GRANDE,0.0,305,1280,2026-10-01T18:30:53+00:00,20261001__36caeb75a4f4.html,36caeb75a4f449ef8846c12db8cec4d4f58b766ffdb45b4ba9c001b5d565e863
2026-10-01,,1687.0,170,320,2026-10-01T18:30:53+00:00,20261001__36caeb75a4f4.html,36caeb75a4f449ef8846c12db8cec4d4f58b766ffdb45b4ba9c001b5d565e863
2026-10-01,RIO SAN JUAN,0.0,60,1502,2026-10-01T18:30:53+00:00,20261001__36caeb75a4f4.html,36caeb75a4f449ef8846c12db8cec4d4f58b766ffdb45b4ba9c001b5d565e863
2026-10-01,,37.0,730,1854,2026-10-01T18:30:53+00:00,20261001__36caeb75a4f4.html,36caeb75a4f449ef8846c12db8cec4d4f58b766ffdb45b4ba9c001b5d565e863
2026-10-02,NEUQUEN,750.0,350,135,2026-10-02T17:58:08+00:00,20261002__72c251500e89.html,72c251500e8993e3a49dfe062e769be51a11c36f7e89aaf21cd13b619a8e2ead
2026-10-02,COLLON CURA,1305.0,150,180,2026-10-02T17:58:08+00:00,20261002__72c251500e89.html,72c251500e8993e3a49dfe062e769be51a11c36f7e89aaf21cd13b619a8e2ead
2026-10-02,LIMAY,433.0,5,250,2026-10-02T17:58:08+00:00,20261002__72c251500e89.html,72c251500e8993e3a49dfe062e769be51a11c36f7e89aaf21cd13b619a8e2ead
2026-10-02,EL CHAÑAR,290.0,830,335,2026-10-02T17:58:08+00:00,20261002__72c251500e89.html,72c251500e8993e3a49dfe062e769be51a11c36f7e89aaf21cd13b619a8e2ead
2026-10-02,RIO NEGRO,570.0,900,500,2026-10-02T17:58:08+00:00,20261002__72c251500e89.html,72c251500e8993e3a49dfe062e769be51a11c36f7e89aaf21cd13b619a8e2ead
2026-10-02,RIO PARANA,18100.0,220,750,2026-10-02T17:58:08+00:00,20261002__72c251500e89.html,72c251500e8993e3a49dfe062e769be51a11c36f7e89aaf21cd13b619a8e2ead
2026-10-02,RIO URUGUAY,11471.0,500,750,2026-10-02T17:58:08+00:00,20261002__72c251500e89.html,72c251500e8993e3a49dfe062e769be51a11c36f7e89aaf21cd13b619a8e2ead
2026-10-02,RIO CHUBUT,143.0,280,1030,2026-10-02T17:58:08+00:00,20261002__72c251500e89.html,72c251500e8993e3a49dfe062e769be51a11c36f7e89aaf21cd13b619a8e2ead
2026-10-02,RIO FUTALEUFU,420.0,580,1030,2026-10-02T17:58:08+00:00,20261002__72c251500e89.html,72c251500e8993e3a49dfe062e769be51a11c36f7e89aaf21cd13b619a8e2ead
2026-10-02,RIO GRANDE,2.0,305,1280,2026-10-02T17:58:08+00:00,20261002__72c251500e89.html,72c251500e8993e3a49dfe062e769be51a11c36f7e89aaf21cd13b619a8e2ead
2026-10-02,,1520.0,170,320,2026-10-02T17:58:08+00:00,20261002__72c251500e89.html,72c251500e8993e3a49dfe062e769be51a11c36f7e89aaf21cd13b619a8e2ead
2026-10-02,RIO SAN JUAN,0.0,60,1502,2026-10-02T17:58:08+00:00,20261002__72c251500e89.html,72c251500e8993e3a49dfe062e769be51a11c36f7e89aaf21cd13b619a8e2ead
2026-10-02,,43.0,730,1854,2026-10-02T17:58:08+00:00,20261002__72c251500e89.html,72c251500e8993e3a49dfe062e769be51a11c36f7e89aaf21cd13b619a8e2ead
