obs_fcd,dam_jp,dam_kana,pref,town,river,operator,latitude,longitude,address,normal_high_stage_m,min_stage_m
0025700700001,美唄ダム,びばいだむ,北海道道央,美唄市,美唄川,空知総合振興局札幌建管,43.3533333,141.9797222,北海道美唄市字美唄,247.7,244.7
0025700700002,栗山ダム,くりやまだむ,北海道道央,夕張郡栗山町,ポンウエンベツ川,空知総合振興局札幌建管,43.0750278,141.8553333,北海道夕張郡栗山町桜山,76.6,72.5
0025700700003,徳富ダム,とっぷだむ,北海道道央,樺戸郡新十津川町,徳富川,空知総合振興局札幌建管,43.5980556,141.62,北海道樺戸郡新十津川町字トップ1番10,306.5,271.8
0025700700004,当別ダム,とうべつだむ,北海道道央,石狩郡当別町,当別川,空知総合振興局札幌建管,43.3177083,141.5628583,北海道石狩郡当別町字青山,57.2,43.5
0025700700101,新中野ダム,しんなかのだむ,北海道道南,函館市,亀田川,渡島総合振興局函館建管,41.8702778,140.7858333,北海道函館市亀田大森町,261.2,242.7
0025700700102,矢別ダム,やべつだむ,北海道道南,函館市,汐泊川,渡島総合振興局函館建管,41.8388889,140.9080556,北海道函館市紅葉山町,104.1,104.1
0025700700103,上ノ国ダム,かみのくにだむ,北海道道南,檜山郡上ノ国町,目名川,渡島総合振興局函館建管,41.8025,140.1847222,北海道檜山郡上ノ国町字内郷,88.6,74.9
0025700700161,高見ダム,たかみだむ,北海道道南,沙流郡日高町,静内川,胆振総合振興局室蘭建管,42.4575,142.6375,北海道日高郡新ひだか町字静内高見,221,195
0025700700162,様似ダム,さまにだむ,北海道道南,様似郡様似町,様似川,胆振総合振興局室蘭建管,42.185,142.9594444,北海道様似郡様似町新富,57,57
0025700700163,浦河ダム,うらかわだむ,北海道道南,浦河郡浦河町,向別川,胆振総合振興局室蘭建管,42.2388889,142.8244444,北海道浦河郡浦河町字上向別,65,60.6
0025700700164,厚幌ダム,あっぽろだむ,北海道道南,勇払郡厚真町,厚真川,胆振総合振興局室蘭建管,42.7663889,141.9933333,北海道勇払郡厚真町字幌内506-9地先,85.4,64
0025700700281,佐幌ダム,さほろだむ,北海道道東,上川郡新得町,佐幌川,十勝総合振興局帯広建管,43.17,142.8377778,北海道上川郡新得町字新内,277.5,277.5
0025700700341,庶路ダム,しょろだむ,北海道道東,白糠郡白糠町,庶路川,釧路総合振興局釧路建管,43.1722222,143.9858333,北海道白糠郡白糠町字滝の上,177.8,171.3
0025700700381,朝里ダム,あさりだむ,北海道道央,小樽市,朝里川,後志総合振興局小樽建管,43.1333333,141.0416667,北海道小樽市朝里川温泉2丁目,197.1,177.3
0025700700441,愛別ダム,あいべつだむ,北海道道北,上川郡愛別町,狩布川,上川総合振興局旭川建管,43.9561111,142.6358333,北海道上川郡愛別町協和,277.9,271.7
0025700700442,西岡ダム,にしおかだむ,北海道道北,上川郡剣淵町,小沢川,上川総合振興局旭川建管,44.0630556,142.2972222,北海道上川郡剣淵町南桜町,209.7,207.4
0025700700501,有明ダム,ありあけだむ,北海道道北,苫前郡初山別村,茂築別川,留萌振興局留萌建管,44.4022222,141.8461111,北海道苫前郡初山別村有明,88,84.4
0025700700502,小平ダム,おびらだむ,北海道道北,留萌郡小平町,小平蘂川,留萌振興局留萌建管,44.0661111,141.91,北海道留萌郡小平町滝下,70.9,65.1
0051300700001,下湯ダム,しもゆだむ,青森県,青森市,堤川,東青県土整備事務所,40.6919444,140.7763889,青森県青森市大字荒川字横倉1,263.4,253.4
0051300700002,浅虫ダム,あさむしだむ,青森県,青森市,浅虫川,東青県土整備事務所,40.8852778,140.8744444,青森県青森市大字浅虫字内野72-1,14,11.1
0051300700006,世増ダム,よまさりだむ,青森県,八戸市,新井田川,三八県土整備事務所,40.3902778,141.4791667,青森県八戸市南郷大字島守字崩向10-3,97.7,80.7
0051300700012,久吉ダム,ひさよしだむ,青森県,平川市,津刈川,中南県土整備事務所,40.4416667,140.6936111,青森県平川市碇ケ関東碇ケ関山1-106,276.4,265.3
0051300700013,遠部ダム,とおべだむ,青森県,平川市,平川,中南県土整備事務所,40.4286111,140.6486111,青森県平川市碇ケ関西碇ケ関山1-1,,219.7
0051300700014,相馬ダム（利水）,そうまだむ,青森県,弘前市,作沢川,中南県土整備事務所,40.5569444,140.3122222,青森県弘前市大字沢田字園村63-24,200.2,179.8
0051300700016,飯詰ダム,いいづめだむ,青森県,五所川原市,飯詰川,西北県土整備事務所,40.8416667,140.515,青森県五所川原市大字飯詰字影日沢842-2,73.2,64.6
0051300700017,小泊ダム,こどまりだむ,青森県,北津軽郡中泊町,小泊川,西北県土整備事務所,41.1291667,140.3380556,青森県北津軽郡中泊町字成滝132,67.5,62.4
0051300700021,清水目ダム（利水）,しみずめだむ,青森県,上北郡東北町,野辺地川,上北県土整備事務所,40.8119444,141.0791667,青森県上北郡東北町字清水目深山1-11,108.6,108.6
0051300700026,川内ダム,かわうちだむ,青森県,むつ市,川内川,下北県土整備事務所,41.275,140.8941667,青森県むつ市川内町福浦山314,178.7,168.3
0076900700001,滝ダム,たきだむ,岩手県,久慈市,長内川,岩手県,40.1515194,141.7234583,岩手県久慈市小久慈町1-35-23,59.4,54.3
0076900700002,簗川ダム,やながわだむ,岩手県,盛岡市,簗川,岩手県,39.6731306,141.2631139,岩手県盛岡市川目地内,279.2,262
0076900700003,綱取ダム,つなとりだむ,岩手県,盛岡市,中津川,岩手県,39.7112139,141.20485,岩手県盛岡市浅岸字二ツ森25-34,194,183
0076900700004,日向ダム,ひなただむ,岩手県,釜石市,小川川,岩手県,39.2928056,141.7976389,岩手県釜石市甲子町,136.5,135.4
0076900700005,鷹生ダム,たこうだむ,岩手県,大船渡市,鷹生川,岩手県,39.1554444,141.7022889,岩手県大船渡市日頃市町字上甲子18-1,260.5,246
0076900700006,綾里川ダム,りょうりがわだむ,岩手県,大船渡市,綾里川,岩手県,39.062725,141.7787639,岩手県大船渡市三陸町綾里,107.7,91.6
0076900700008,早池峰ダム,はやちねだむ,岩手県,花巻市,稗貫川,岩手県,39.5314861,141.3390694,岩手県花巻市大迫町内川目第10地割24-11,302,282.5
0076900700011,入畑ダム,いりはただむ,岩手県,北上市,夏油川,岩手県,39.2395889,140.9500111,岩手県北上市和賀町岩崎新田１地割,350,312
0076900700012,遠野ダム,とおのだむ,岩手県,遠野市,来内川,岩手県,39.3059917,141.53545,岩手県遠野市遠野町栃洞,306.1,306.1
0076900700016,遠野第二ダム,とおのだいにだむ,岩手県,遠野市,来内川,岩手県,39.3194972,141.5294694,岩手県遠野市遠野町30地割,278.1,275.9
0102500700001,花山ダム,はなやまだむ,宮城県,栗原市,迫川,宮城県,38.7791667,140.8677778,宮城県栗原市花山本沢字向原11,124.6,108.8
0102500700002,栗駒ダム（利水）,くりこまだむ,宮城県,栗原市,三迫川,栗原地方ダム総合事務所（栗駒ダム）,38.9072222,140.9169444,宮城県栗原市栗駒沼倉玉山1,198,175
0102500700003,化女沼ダム,けじょぬまだむ,宮城県,大崎市,長者川,宮城県,38.6263889,140.9627778,宮城県大崎市古川小野字遠沢2-2,25.9,23.4
0102500700004,小田ダム,こだだむ,宮城県,栗原市,長崎川,宮城県,38.7558333,140.8419444,宮城県栗原市一迫53-12,163.5,145
0102500700005,荒砥沢ダム,あらとざわだむ,宮城県,栗原市,二迫川,宮城県,38.8816667,140.8575,宮城県栗原市栗駒大字荒砥沢57,274.4,241.1
0102500700006,長沼ダム,ながぬまだむ,宮城県,登米市,迫川,宮城県,38.7052778,141.155,宮城県登米市迫町北方,8.7,6.5
0102500700007,上大沢ダム,かみおおさわだむ,宮城県,大崎市,大沢川,宮城県,38.7955556,140.6405556,宮城県大崎市鳴子温泉鬼首字上大沢川45-2,312,310.1
0102500700008,南川ダム,みなみかわだむ,宮城県,黒川郡大和町,南川,宮城県,38.4338889,140.8202778,宮城県黒川郡大和町吉田字悪田西63-4,97.6,81.8
0102500700009,漆沢ダム,うるしざわだむ,宮城県,加美郡加美町,鳴瀬川,宮城県,38.5722222,140.6413889,宮城県加美郡加美町字漆沢宮ヶ森1-17,270.5,243.1
0102500700010,宮床ダム,みやとこだむ,宮城県,黒川郡大和町,宮床川,宮城県,38.3875,140.8208333,宮城県黒川郡大和町宮床字笹倉195-21,98,79.5
0102500700011,大倉ダム,おおくらだむ,宮城県,仙台市,大倉川,宮城県,38.3219444,140.7063889,宮城県仙台市青葉区大倉字高畑34-12,270.6,240.65
0102500700012,樽水ダム,たるみずだむ,宮城県,名取市,増田川,宮城県,38.1780556,140.8441667,宮城県名取市高舘川上字長畑多72,55.7,43.1
0102500700013,七北田ダム,ななきただむ,宮城県,仙台市,七北田川,宮城県,38.3586111,140.7361111,宮城県仙台市泉区福岡字蒜但木向1-83,243,218
0102500700014,惣の関ダム,そうのせきだむ,宮城県,宮城郡利府町,勿来川,宮城県,38.3444444,140.9894444,宮城県宮城郡利府町森郷字名古曽87-6,33.1,26.5
0102500700015,払川ダム,はらいかわだむ,宮城県,本吉郡南三陸町,伊里前川,宮城県,38.7283333,141.4719444,宮城県本吉郡南三陸町歌津払川,120.1,113.9
0128100700001,旭川ダム,あさひかわだむ,秋田県,秋田市,旭川,秋田県,39.8011722,140.2169,秋田県秋田市仁別字マンタラメ,125,125
0128100700002,岩見ダム,いわみだむ,秋田県,秋田市,三内川,秋田県,39.7455833,140.3425278,秋田県秋田市河辺三内字財の神,147,124
0128100700003,素波里ダム,すばりだむ,秋田県,山本郡藤里町,粕毛川,秋田県,40.3336111,140.2227222,秋田県山本郡藤里町粕毛字南鹿瀬内沢３,149.6,110.6
0128100700004,山瀬ダム,やませだむ,秋田県,大館市,岩瀬川,秋田県,40.3534722,140.4546667,秋田県大館市岩瀬字平戸内尻,190.8,173.5
0128100700005,萩形ダム,はぎなりだむ,秋田県,北秋田郡上小阿仁村,小阿仁川,秋田県,39.9244722,140.3131667,秋田県北秋田郡上小阿仁村南沢字小阿仁,223,205.5
0128100700006,早口ダム,はやぐちだむ,秋田県,大館市,早口川,秋田県,40.4046389,140.3542222,秋田県大館市早口字大割沢,311.5,289
0128100700007,森吉ダム,もりよしだむ,秋田県,北秋田市,小又川,秋田県,40.0476417,140.6062889,秋田県北秋田市森吉字大印,350,330
0128100700008,協和ダム,きょうわだむ,秋田県,大仙市,淀川,秋田県,39.6928056,140.4411389,秋田県大仙市協和船岡字大川前８,220.4,212
0128100700009,鎧畑ダム,よろいはただむ,秋田県,仙北市,玉川,秋田県,39.79,140.6536111,秋田県仙北市田沢湖田沢字中山４４－７,325,299
0128100700010,大内ダム,おおうちだむ,秋田県,由利本荘市,その他,秋田県,39.4367778,140.2555833,秋田県由利本荘市小栗山,67,63
0128100700011,砂子沢ダム,すなこざわだむ,秋田県,鹿角郡小坂町,小坂川,秋田県,40.3758333,140.7523056,秋田県鹿角郡小坂町小坂字向１２５,343,314
0128100700012,皆瀬ダム,みなせだむ,秋田県,湯沢市,皆瀬川,秋田県,39.0558333,140.6293333,秋田県湯沢市皆瀬字小貝渕,250,222.5
0128100700013,板戸ダム,いたどだむ,秋田県,湯沢市,皆瀬川,秋田県,39.068,140.5967222,秋田県湯沢市皆瀬字真木１９,194.9,184.5
0128100700014,大松川ダム,おおまつかわだむ,秋田県,横手市,松川,秋田県,39.3076944,140.6456111,秋田県横手市山内大松川字木戸口６０,183.7,160.2
0128100700015,水沢ダム,みずさわだむ,秋田県,山本郡八峰町,水沢川,秋田県農地整備課,40.3596944,140.0983056,秋田県山本郡八峰町峰浜水沢,172.5,160
0153700700001,蔵王ダム,ざおうだむ,山形県,山形市,馬見ヶ崎川,村山総合支庁,38.1969444,140.4358333,山形県山形市大字上宝沢字葉の木沢,603,576.5
0153700700002,前川ダム,まえかわだむ,山形県,上山市,前川,村山総合支庁,38.1272222,140.2316667,山形県上山市川口1439,258,244.5
0153700700003,白水川ダム,しろみずがわだむ,山形県,東根市,白水川,村山総合支庁,38.4513889,140.4741667,山形県東根市大字泉郷3254,358,340.5
0153700700004,月光川ダム,がっこうがわだむ,山形県,飽海郡遊佐町,月光川,庄内総合支庁,39.0294444,139.9833333,山形県飽海郡遊佐町大字字金俣,169,169
0153700700006,高坂ダム,たかさかだむ,山形県,最上郡真室川町,鮭川,最上総合支庁,38.9711111,140.16,山形県最上郡真室川町大字差首鍋字青沢,196,180
0153700700007,神室ダム,かむろだむ,山形県,最上郡金山町,金山川,最上総合支庁,38.9122222,140.4208333,山形県最上郡金山町大字有屋字神室,383.8,368.1
0153700700010,木地山ダム,きじやまだむ,山形県,長井市,野川,置賜総合支庁,38.1497222,139.92,山形県長井市寺泉字桶沢,480.9,464.5
0153700700011,綱木川ダム,つなきがわだむ,山形県,米沢市,綱木川,置賜総合支庁,37.8406667,140.0451111,山形県米沢市大字簗沢字糸畔,456,440.5
0153700700013,留山川ダム,とめやまがわだむ,山形県,天童市,押切川,村山総合支庁,38.3566667,140.4558333,山形県天童市大字山口字薪山,300,293
0153700700014,荒沢ダム,あらさわだむ,山形県,鶴岡市,赤川,庄内総合支庁,38.5130556,139.7788889,山形県鶴岡市荒沢字狩篭145,254,230
0153700700015,温海川ダム,あつみがわだむ,山形県,鶴岡市,温海川,庄内総合支庁,38.5938889,139.6705556,山形県鶴岡市一霞字布滝,142.5,139
0153700700016,田沢川ダム,たざわがわだむ,山形県,酒田市,田沢川,庄内総合支庁,38.8436111,140.0275,山形県酒田市山元字奥山,130.8,102
0153700700017,最上小国川流水型ダム,もがみおぐにがわりゅうすいがただむ,山形県,最上郡最上町,最上小国川,最上総合支庁,38.702625,140.5749389,山形県最上郡最上町大字富澤字菅ノ平,276,
0179300700001,こまちダム,こまちだむ,福島県,田村郡小野町,黒森川,福島県,37.28,140.5872222,福島県田村郡小野町大字菖蒲谷字堂田46-21,479,474.5
0179300700002,堀川ダム,ほっかわだむ,福島県,西白河郡西郷村,堀川,福島県,37.1563889,140.0736111,福島県西白河郡西郷村大字真船字横川180番地4,609,588.5
0179300700003,日中ダム,にっちゅうだむ,福島県,喜多方市,押切川,福島県,37.7538889,139.9097222,福島県喜多方市熱塩加納町熱塩字オソバ丙1451-3,480,426.5
0179300700004,東山ダム,ひがしやまだむ,福島県,会津若松市,湯川,福島県,37.4638889,139.9669444,福島県会津若松市東山町大字湯本字境沢山334-2,396.5,374
0179300700005,田島ダム,たじまだむ,福島県,南会津郡南会津町,高野川,福島県,37.2338889,139.7383333,福島県南会津郡南会津町高野,662.2,657.3
0179300700006,真野ダム,まのだむ,福島県,相馬郡飯舘村,真野川,福島県,37.7194444,140.8325,福島県相馬郡飯舘村大倉字松ヶ平582,176,140
0179300700007,木戸ダム,きどだむ,福島県,双葉郡楢葉町,木戸川,福島県,37.2705556,140.9155556,福島県双葉郡楢葉町大字上小塙字シベソフ1,181.5,175.5
0179300700008,高柴ダム,たかしばだむ,福島県,いわき市,鮫川,福島県,36.9558333,140.7325,福島県いわき市田人町旅人字井戸沢227-11,52.5,44
0179300700009,四時ダム,しときだむ,福島県,いわき市,四時川,福島県,36.9061111,140.7202778,福島県いわき市川部町大沢169-1,103.5,86
0179300700010,小玉ダム,こだまだむ,福島県,いわき市,小玉川,福島県,37.125,140.8280556,福島県いわき市小川町高萩字釜ノ前1-25,188,172
0179300700011,千五沢ダム,せんござわだむ,福島県,石川郡石川町,北須川,福島県,37.1886639,140.4856417,福島県石川郡石川町大字母畑,357.6,347
0204900700001,水沼ダム,みずぬまだむ,茨城県,北茨城市,花園川,高萩工事事務所,36.8505556,140.6761111,北茨城市華川町小豆畑,280,270
0204900700002,花貫ダム,はなはなぬきだむ,茨城県,高萩市,花貫川,高萩工事事務所,36.7247222,140.6486111,髙萩市秋山字板木,172.8,161
0204900700003,十王ダム,じゅうおうだむ,茨城県,日立市,十王川,高萩工事事務所,36.6702778,140.6616667,日立市十王町高原,99.5,90
0204900700004,小山ダム,こやまだむ,茨城県,高萩市,大北川,高萩工事事務所,36.7963889,140.6441667,髙萩市大字横川字向,291.4,286.1
0204900700005,藤井川ダム,ふじいがわだむ,茨城県,東茨城郡城里町,藤井川,水戸土木事務所,36.4355556,140.3588889,東茨城郡城里町下古内,45.5,35.9
0204900700006,竜神ダム,りゅうじんだむ,茨城県,常陸太田市,竜神川,常陸太田工事事務所,36.6841667,140.4672222,常陸太田市下高倉町,152.5,136
0204900700007,飯田ダム,いいだだむ,茨城県,笠間市,飯田川,水戸土木事務所,36.4244444,140.2797222,笠間市飯田字梨木平,105.5,95.7
0230500700001,中禅寺ダム,ちゅうぜんじだむ,栃木県,日光市,大谷川,日光土木事務所,36.7386111,139.4991667,栃木県日光市中宮祠,1274.1,1272.2
0230500700002,三河沢ダム,みかわさわだむ,栃木県,日光市,三河沢川,日光土木事務所,36.955,139.5497222,栃木県日光市湯西川,878,870.8
0230500700003,松田川ダム,まつだがわだむ,栃木県,足利市,松田川,安足土木事務所,36.4263889,139.425,栃木県足利市松田町,238.5,214
0230500700004,西荒川ダム,にしあらかわだむ,栃木県,塩谷郡塩谷町,西荒川,矢板土木事務所,36.8169444,139.825,栃木県塩谷郡塩谷町上寺島,364.4,351
0230500700005,塩原ダム,しおばらだむ,栃木県,那須塩原市,箒川,矢板土木事務所,36.9516667,139.8847222,栃木県那須塩原市金沢,419,398.5
0230500700006,寺山ダム,てらやまだむ,栃木県,矢板市,宮川,矢板土木事務所,36.8475,139.8644444,栃木県矢板市長井,406.5,386
0230500700007,東荒川ダム,ひがしあらかわだむ,栃木県,塩谷郡塩谷町,荒川,矢板土木事務所,36.8469444,139.8286111,栃木県塩谷郡塩谷町上寺島,523.1,498.4
0256100700001,塩沢ダム,しおざわだむ,群馬県,多野郡神流町,塩沢川,藤岡土木事務所,36.1261111,138.8894444,群馬県多野郡神流町大字塩沢地先,536.9,521.3
0256100700002,坂本ダム,さかもとだむ,群馬県,安中市,碓氷川,安中土木事務所,36.3530556,138.7077778,群馬県安中市松井田町大字坂本地先,520.5,512.1
0256100700003,霧積ダム,きりづみだむ,群馬県,安中市,霧積川,安中土木事務所,36.3686111,138.7008333,群馬県安中市松井田町大字坂本,609.3,591
0256100700004,道平川ダム,どうだいらがわだむ,群馬県,甘楽郡下仁田町,道平川,富岡土木事務所,36.2355556,138.6783333,群馬県甘楽郡下仁田町大字南野牧,469,438.5
0256100700005,大仁田ダム,おおにただむ,群馬県,甘楽郡南牧村,大仁田川,富岡土木事務所,36.1363889,138.6855556,群馬県甘楽郡南牧村大字大仁田,679.1,676.1
0256100700006,桐生川ダム,きりゅうがわだむ,群馬県,桐生市,桐生川,桐生土木事務所,36.4730556,139.4077778,群馬県桐生市梅田町 4丁目,253.7,226.5
0256100700007,四万川ダム,しまがわだむ,群馬県,吾妻郡中之条町,四万川,中之条土木事務所,36.6963889,138.7813889,群馬県吾妻郡中之条町大字四万4400-28,751.5,714.8
0281700700001,合角ダム,かっかくだむ,埼玉県,秩父市,吉田川,秩父県土整備事務所,36.0580556,138.9658333,埼玉県秩父市吉田吉田字松山,328,301.2
0281700700002,有間ダム,ありまだむ,埼玉県,飯能市,有間川,飯能県土整備事務所,35.8727778,139.1772222,埼玉県飯能市大字下名栗,311.5,274.5
0281700700003,権現堂調節池,ごんげんどうちょうせつち,埼玉県,幸手市,権現堂調節池,杉戸県土整備事務所,36.0936111,139.7247222,埼玉県幸手市大字権現堂（権現堂調節池）,11.32,4
0307300700001,亀山ダム,かめやまだむ,千葉県,君津市,関東管内,亀山･片倉ダム管理事務所,35.23,140.0855556,千葉県君津市豊田33,80.6,67.6
0307300700002,片倉ダム,かたくらだむ,千葉県,君津市,関東管内,亀山･片倉ダム管理事務所,35.2022222,140.0736111,千葉県君津市笹字真崎1459-4,119.8,111.5
0307300700003,高滝ダム,たかたきだむ,千葉県,市原市,関東管内,高滝ダム管理事務所,35.3572222,140.1441667,千葉県市原市養老468,37.3,32.2
0307300700004,矢那川ダム,やながわだむ,千葉県,木更津市,関東管内,亀山･片倉ダム管理事務所,35.3475,139.9863889,千葉県木更津市矢那988-1,42,38
0332900700101,白丸調整池,しろまるちょうせいち,東京都,西多摩郡奥多摩町,多摩川,東京都,35.8111111,139.1241667,東京都西多摩郡奥多摩町,,
0358500700001,城山ダム,しろやまだむ,神奈川県,相模原市,相模川,相模川水系ダム管理事務所,35.5858333,139.2833333,神奈川県相模原市緑区城山2-9-1,124,95
0358500700002,三保ダム,みほだむ,神奈川県,足柄上郡山北町,河内川,酒匂川水系ダム管理事務所,35.4102778,139.0416667,神奈川県足柄上郡山北町神尾田,321.5,282.3
0358500700004,相模ダム,さがみだむ,神奈川県,相模原市,相模川管内,神奈川県,35.6152778,139.1955556,相模原市緑区与瀬他,,
0358500700005,道志ダム,どうしだむ,神奈川県,相模原市,相模川管内,神奈川県,35.5505556,139.1336111,相模原市緑区牧野他,,
0384100700001,三面ダム,みおもてだむ,新潟県,村上市,三面川,新潟県,38.2425,139.6352778,新潟県村上市岩崩,121,98
0384100700002,奥三面ダム,おくみおもてだむ,新潟県,村上市,三面川,新潟県,38.2630556,139.7041667,新潟県村上市三面,229,188
0384100700003,内の倉ダム,うちのくらだむ,新潟県,新発田市,加治川,新潟県,37.8502778,139.4247222,新潟県新発田市小戸,162,130
0384100700004,胎内川ダム,たいないがわだむ,新潟県,胎内市,胎内川,新潟県,37.9605556,139.5366667,新潟県胎内市下荒沢,292,278
0384100700005,加治川治水ダム,かじかわちすいだむ,新潟県,新発田市,加治川,新潟県,37.8147222,139.4927778,新潟県新発田市滝谷,274.4,274.4
0384100700006,早出川ダム,はやでがわだむ,新潟県,五泉市,早出川,新潟県,37.6425,139.2933333,新潟県五泉市小面谷,190.5,157
0384100700007,笠堀ダム,かさぼりダム,新潟県,三条市,笠堀川,新潟県,37.5052778,139.1738889,新潟県三条市笠堀,207,175
0384100700008,大谷ダム,おおたにだむ,新潟県,三条市,大谷川,新潟県,37.4941667,139.1544444,新潟県三条市大谷,191.4,184
0384100700009,下条川ダム,げじょうがわだむ,新潟県,加茂市,下条川,新潟県,37.6394444,139.0638889,新潟県加茂市大字下条,31.5,31.5
0384100700010,刈谷田川ダム,かりやたがわだむ,新潟県,長岡市,刈谷田川,新潟県,37.4366667,139.0522222,新潟県長岡市栃堀,249.5,235
0384100700011,破間川ダム,あぶるまがわだむ,新潟県,魚沼市,破間川,新潟県,37.3433333,139.1636111,新潟県魚沼市大白川,459.5,427.5
0384100700012,鯖石川ダム,さばいしがわだむ,新潟県,柏崎市,鯖石川管内,新潟県,37.1769444,138.6094444,新潟県柏崎市高柳町,135,129.75
0384100700013,城川ダム,しろかわだむ,新潟県,十日町市,城川,新潟県,37.1066667,138.5619444,新潟県十日町市室野,271.4,269.1
0384100700014,正善寺ダム,しょうぜんじだむ,新潟県,上越市,正善寺川,新潟県,37.1455556,138.1825,新潟県上越市大字上正善寺,88,72
0384100700015,柿崎川ダム,かきざきがわだむ,新潟県,上越市,柿崎川,新潟県,37.2425,138.4766667,新潟県上越市柿崎区,120.5,110.5
0384100700016,大野川ダム,おおのがわだむ,新潟県,佐渡市,大野川,新潟県,37.9858333,138.4413889,新潟県佐渡市新穂大野,142.5,135.5
0384100700017,久知川ダム,くちがわだむ,新潟県,佐渡市,久知川,新潟県,38.0286111,138.4852778,新潟県佐渡市久知川内,123.7,114.8
0384100700018,新保川ダム,しんぼがわだむ,新潟県,佐渡市,新保川,新潟県,38.0622222,138.3588889,新潟県佐渡市金井稲穂,160.2,158.6
0384100700019,広神ダム,ひろかみだむ,新潟県,魚沼市,和田川,新潟県,37.3066667,138.97,新潟県魚沼市小平尾,213.5,200.5
0384100700020,奥胎内ダム,おくたいないだむ,新潟県,胎内市,胎内川,新潟県,37.9188889,139.5497222,新潟県胎内市下荒沢,384,384
0409800700061,熊野川ダム,くまのがわだむ,富山県,富山市,熊野川,富山土木センター,36.5597222,137.3122222,富山県富山市手出12,315.6,295.6
0409800700062,久婦須川ダム,くぶすがわだむ,富山県,富山市,久婦須川,富山土木センター,36.5111111,137.1886111,富山県富山市八尾町桐谷,337.5,321
0409800700063,室牧ダム,むろまきだむ,富山県,富山市,井田川,室牧ダム管理事務所,36.5383333,137.0916667,富山県富山市蒲谷,259,227
0410000700041,上市川ダム,かみいちがわだむ,富山県,中新川郡上市町,上市川,上市川ダム管理事務所,36.6780556,137.4152778,富山県中新川郡上市町東種,198.8,176
0410000700042,上市川第２ダム,かみいちがわだいにだむ,富山県,中新川郡上市町,上市川,上市川ダム管理事務所,36.6697222,137.4344444,富山県中新川郡上市町東種,283.4,269.9
0410000700043,白岩川ダム,しらいわがわだむ,富山県,中新川郡立山町,白岩川,白岩川ダム管理事務所,36.6394444,137.36,富山県中新川郡立山町白岩,129.2,123.8
0410100700021,角川ダム,かどかわだむ,富山県,魚津市,角川,新川土木センター,36.7536111,137.4305556,富山県魚津市大熊,123,120.25
0410100700022,布施川ダム,ふせがわだむ,富山県,魚津市,布施川,新川土木センター,36.8041667,137.5183333,富山県黒部市福平字大阪285,282.6,271.8
0410200700001,朝日小川ダム,あさひおがわだむ,富山県,下新川郡朝日町,小川,入善土木事務所,36.8880556,137.6177778,富山県下新川郡朝日町山崎字道口1-6,229,224
0410200700002,大谷ダム,おおたにだむ,富山県,黒部市,大谷川,入善土木事務所,36.8558333,137.4863889,富山県黒部市吉城寺,149.5,143.1
0410200700003,舟川ダム,ふながわだむ,富山県,下新川郡入善町,舟川,入善土木事務所,36.8704972,137.5850111,富山県下新川郡入善町舟見,295.3,290.9
0410400700101,境川ダム,さかいがわだむ,富山県,南砺市,境川,境川ダム管理事務所,36.3425,136.8394444,富山県南砺市桂字栃木平1-5,570.1,512
0410400700102,城端ダム,じょうはなだむ,富山県,南砺市,山田川,砺波土木センター,36.4838889,136.87,富山県南砺市上田外26カ村入会地字山田郷真川19-1,263,246
0410400700103,利賀川ダム,とががわだむ,富山県,南砺市,利賀川,利賀川ダム管理事務所,36.3277778,136.9986111,富山県南砺市利賀村水無,894.5,887
0410400700104,和田川ダム,わだがわだむ,富山県,砺波市,和田川,和田川ダム管理事務所,36.6547222,137.0397222,富山県砺波市増山,43.5,38
0410400700122,刀利ダム,とうりだむ,富山県,南砺市,小矢部川,砺波土木センター,36.4672222,136.8102778,富山県南砺市刀利字大平72-2,354.5,321.5
0410400700123,臼中ダム,うすなかだむ,富山県,南砺市,打尾川,砺波土木センター,36.4669444,136.8558333,富山県南砺市臼中東島40,335.4,309.5
0410500700121,子撫川ダム,こなでがわだむ,富山県,小矢部市,子撫川,子撫川統合ダム管理事務所,36.725,136.8541667,富山県小矢部市宮中字新村15,100.4,84.3
0435300700001,我谷ダム,わがたにだむ,石川県,加賀市,大聖寺川,大聖寺川ダム統合管理事務所,36.2108333,136.3494444,石川県加賀市山中温泉我谷町ロ-1,148,123
0435300700002,九谷ダム,くたにだむ,石川県,加賀市,大聖寺川,大聖寺川ダム統合管理事務所,36.2061111,136.3777778,石川県加賀市山中温泉枯淵町ヌ1-62,201,174.5
0435300700021,大日川ダム,だいにちがわだむ,石川県,白山市,大日川,大日川ダム管理事務所,36.2894444,136.5797222,石川県白山市阿手町乙2-7,330.6,302
0435300700031,北河内ダム,きたかわちだむ,石川県,鳳珠郡能登町,河内川,奥能登土木総合事務所,37.3772222,137.0425,石川県鳳珠郡能登町字五十里メ部２７－５,129,113.3
0435300700041,八ヶ川ダム,はっかがわだむ,石川県,輪島市,八ヶ川,奥能登土木総合事務所,37.2622222,136.8322222,石川県輪島市門前町地原9-5-3,130.6,117
0435300700051,小屋ダム,おやだむ,石川県,珠洲市,鵜飼川,珠洲土木事務所,37.3913889,137.1775,石川県珠洲市宝立町柏原109-4-2,87.5,72.5
0435300700061,犀川ダム,さいがわだむ,石川県,金沢市,犀川,犀川ダム管理事務所,36.4288889,136.7466667,石川県金沢市二又新町リ10,345,318.5
0435300700062,内川ダム,うちかわだむ,石川県,金沢市,内川,内川ダム管理事務所,36.4725,136.6688889,石川県金沢市小原町ス-42,229,200.3
0435300700063,新内川ダム,しんうちかわだむ,石川県,金沢市,内川,内川ダム管理事務所,36.4886111,136.6808333,石川県金沢市小原町,107.4,102.2
0435300700064,赤瀬ダム,あかぜだむ,石川県,小松市,梯川,赤瀬ダム管理事務所,36.2958333,136.4844444,石川県小松市赤瀬町ﾊ16-4,108,105.2
0435300700065,辰巳ダム,たつみだむ,石川県,金沢市,犀川,犀川ダム管理事務所,36.4988889,136.7138889,石川県金沢市相合谷町タ7番地２,,97
0460900700001,笹生川ダム,さそうがわだむ,福井県,大野市,真名川,笹生川・浄土寺川ダム統合管理事務所,35.8430556,136.5466667,福井県大野市本戸地先,528,492.5
0460900700002,広野ダム,ひろのだむ,福井県,南条郡南越前町,日野川,広野・桝谷ダム統合管理事務所,35.7138889,136.2575,福井県南条郡南越前町広野46-1-8,313.8,286.5
0460900700003,龍ヶ鼻ダム,りゅうがはなだむ,福井県,坂井市,竹田川,龍ヶ鼻・永平寺ダム統合管理事務所,36.1519444,136.3463889,福井県坂井市丸岡町上竹田50-56-2,175.5,153
0460900700004,永平寺ダム,えいへいじだむ,福井県,吉田郡永平寺町,永平寺川,龍ヶ鼻・永平寺ダム統合管理事務所,36.0491667,136.3619444,福井県吉田郡永平寺町志比,319.7,302.5
0460900700005,浄土寺川ダム,じょうどじがわだむ,福井県,勝山市,浄土寺川,笹生川・浄土寺川ダム統合管理事務所,36.0633333,136.5419444,福井県勝山市170字奥山,355.5,327.5
0460900700006,桝谷ダム,ますたにだむ,福井県,南条郡南越前町,桝谷川,広野・桝谷ダム統合管理事務所,35.7408333,136.2483333,福井県南条郡南越前町宇津尾95-17-5,334.4,275.6
0460900700007,大津呂ダム,おおつろだむ,福井県,大飯郡おおい町,大津呂川,河内川・大津呂ダム統合管理事務所,35.4541667,135.6308333,福井県大飯郡おおい町本郷162-1-18,93.5,72.6
0460900700008,浄土寺川ダム（貯砂ダム）,じょうどじがわだむ（ちょさだむ）,福井県,勝山市,浄土寺川,笹生川・浄土寺川ダム統合管理事務所,36.0630556,136.5488889,福井県勝山市170字奥山,360,
0460900700009,二ツ屋分水堰,ふたつやぶんすいぜき,福井県,南条郡南越前町,日野川,広野・桝谷ダム統合管理事務所,35.7158333,136.28,福井県南条郡南越前町二ツ屋地先,349.7,
0460900700010,河内川ダム,こうちがわだむ,福井県,三方上中郡若狭町,河内川,河内川・大津呂ダム統合管理事務所,35.4325,135.8952778,福井県三方上中郡若狭町熊川,190.5,162.7
0460900700011,滝波ダム,たきなみだむ,福井県,福井市,滝波川,福井県,36.0227778,136.0922222,福井県福井市清水町滝波,,
0486500700001,大門ダム,だいもんだむ,山梨県,北杜市,大門川,大門・塩川ダム管理事務所,35.8747222,138.4341667,山梨県北杜市清里3654-7,894.5,856
0486500700002,塩川ダム,しおかわだむ,山梨県,北杜市,塩川,大門・塩川ダム管理事務所,35.8583333,138.4977778,山梨県北杜市須玉町比志3783-1,879.5,859
0486500700003,広瀬ダム,ひろせだむ,山梨県,山梨市,笛吹川,広瀬・琴川ダム管理事務所,35.8394444,138.7636111,山梨県山梨市三富上釜口篠平1178-1,1054,1026
0486500700004,琴川ダム,ことがわだむ,山梨県,山梨市,琴川,広瀬・琴川ダム管理事務所,35.8011111,138.6586111,山梨県山梨市牧丘町北原4140-61,1453.5,1428.5
0486500700005,荒川ダム,あらかわだむ,山梨県,甲府市,荒川,荒川ダム管理事務所,35.7605556,138.5691667,山梨県甲府市川窪町浦の山972,793.6,767
0486500700006,深城ダム,ふかしろだむ,山梨県,大月市,葛野川,深城ダム管理事務所,35.7077778,138.9483333,山梨県大月市七保町瀬戸2308-11,625.5,605
0512100700001,浅川ダム,あさかわだむ,長野県,長野市,浅川,長野建設事務所,36.6916667,138.1902778,長野県長野市真光寺,520.5,520
0512100700012,箕輪ダム,みのわだむ,長野県,上伊那郡箕輪町,沢川,伊那建設事務所,35.925,138.0338889,長野県上伊那郡箕輪町,846.5,826
0512100700013,奈良井ダム,ならいだむ,長野県,塩尻市,奈良井川,松本建設事務所,35.9316667,137.8119444,長野県塩尻市,1053,1039
0512100700014,裾花ダム,すそはなだむ,長野県,長野市,裾花川,長野建設事務所,36.6647222,138.1238889,長野県長野市,560,537.5
0512100700015,奥裾花ダム,おくすそはなだむ,長野県,長野市,裾花川,長野建設事務所,36.7246056,137.966975,長野県長野市,871,856.5
0512100700016,古谷ダム,こやだむ,長野県,南佐久郡佐久穂町,抜井川,佐久建設事務所,36.1252778,138.5938889,長野県南佐久郡佐久穂町,981,977.4
0512100700017,内村ダム,うちむらだむ,長野県,上田市,内村川,上田建設事務所,36.2891667,138.1161111,長野県上田市,826.9,818.7
0512100700018,豊丘ダム,とよおかだむ,長野県,須坂市,灰野川,須坂建設事務所,36.6186111,138.3813889,長野県須坂市,844.1,825.5
0512100700019,余地ダム,よじだむ,長野県,南佐久郡佐久穂町,余地川,佐久建設事務所,36.1613889,138.5663889,長野県南佐久郡佐久穂町,1054.9,1048.3
0512100700020,北山ダム,きたやまだむ,長野県,東筑摩郡麻績村,宮川,松本建設事務所,36.48,138.0536111,長野県東筑摩郡麻績村,997.8,977.5
0512100700021,湯川ダム,ゆかわだむ,長野県,北佐久郡御代田町,湯川,佐久建設事務所,36.3097222,138.5430556,長野県北佐久郡御代田町,798,795
0512100700022,金原ダム,かなばらだむ,長野県,東御市,信濃川管内,上田建設事務所,36.4088889,138.3613889,長野県東御市,1122.6,1118.2
0512100700023,水上ダム,みずかみだむ,長野県,松本市,水上沢川,松本建設事務所,36.3511111,138.04,長野県松本市,872.6,868.6
0512100700024,小仁熊ダム,おにくまだむ,長野県,東筑摩郡筑北村,小仁熊川,松本建設事務所,36.4191667,138.0005556,長野県東筑摩郡筑北村,619,612.8
0537700700001,阿多岐ダム,あたぎだむ,岐阜県,郡上市,阿多岐川,郡上土木事務所,35.9038889,136.9013889,岐阜県郡上市白鳥町阿多岐,571.5,564
0537700700003,岩村ダム,いわむらだむ,岐阜県,恵那市,富田川,恵那土木事務所,35.3627778,137.4741667,岐阜県恵那市岩村町富田,733.3,722
0537700700004,中野方ダム,なかのほうだむ,岐阜県,恵那市,中野方川,恵那土木事務所,35.5297222,137.3413889,岐阜県恵那市中野方町松林,567.6,556.8
0537700700005,大ヶ洞ダム,おおがほらだむ,岐阜県,下呂市,大ケ洞川,下呂土木事務所,35.9091667,137.2452778,岐阜県下呂市萩原町大ケ洞字大張,687.1,681.2
0537700700006,丹生川ダム,にゅうかわだむ,岐阜県,高山市,荒城川,高山土木事務所,36.2169444,137.3711111,岐阜県高山市丹生川町折敷地,857,841.5
0563300700200,奥野ダム,おくのだむ,静岡県,伊東市,伊東大川,熱海土木事務所,34.9375,139.0694444,静岡県伊東市鎌田字横堀,138,125
0563300700201,都田川ダム,みやこだがわだむ,静岡県,浜松市,都田川,浜松土木事務所,34.8772222,137.7266667,静岡県浜松市浜名区引佐町川名,101.2,87
0563300700202,太田川ダム,おおたがわだむ,静岡県,周智郡森町,太田川,袋井土木事務所,34.9044444,137.995,静岡県周智郡森町亀久保,270.5,247
0563300700203,大倉川農地防災ダム,おおくらがわのうちぼうさいだむ,静岡県,富士宮市,大倉川,富士農林事務所,35.3022222,138.5688889,静岡県富士宮市精進川,436,436
0563300700204,青野大師ダム,あおのだいしだむ,静岡県,賀茂郡南伊豆町,鈴野川,下田土木事務所,34.6927778,138.8230556,静岡県賀茂郡南伊豆町青野,163,154.5
0614500700001,滝川ダム,たきがわだむ,三重県,伊賀市,滝川,伊賀建設事務所,34.7169444,136.2152778,三重県伊賀市高山,277,270.6
0614500700003,君ヶ野ダム,きみがのだむ,三重県,津市,八手俣川,津建設事務所,34.5966667,136.3130556,三重県津市美杉町八手俣,145,127
0614500700004,宮川ダム,みやがわだむ,三重県,多気郡大台町,宮川,松阪建設事務所,34.2866667,136.1961111,三重県多気郡大台町久豆,280,240
0614500700005,三瀬谷ダム（発電）,みせたにだむ（はつでん）,三重県,多気郡大台町,宮川,中部電力（株）,34.3891667,136.4011111,三重県多気郡大台町,83,78
0614500700006,安濃ダム（利水）,あのうだむ,三重県,津市,安濃川,三重県農林水産部,34.8069444,136.3822222,三重県津市芸濃町河内地内,172,134.6
0614500700007,クチスボダム（発電）,くちすぼだむ（はつでん）,三重県,尾鷲市,又口川,電源開発株式会社,34.0916667,136.1622222,三重県尾鷲市南浦地内,137,133
0640100700005,青土ダム,おおづちだむ,滋賀県,甲賀市,野洲川,青土ダム管理事務所,34.9563889,136.3038889,滋賀県甲賀市土山町青土151-4,292,283.3
0640100700006,日野川ダム,ひのがわだむ,滋賀県,蒲生郡日野町,日野川,日野川ダム管理事務所,35.0052778,136.2591667,滋賀県蒲生郡日野町村井2022-8,207,203
0640100700007,永源寺ダム（利水）,えいげんじだむ,滋賀県,東近江市,愛知川,永源寺ダム管理事務所,35.075,136.3355556,滋賀県東近江市永源寺相谷町山谷道34-7,270,227
0640100700008,宇曽川ダム,うそがわだむ,滋賀県,東近江市,宇曽川,宇曽川ダム管理事務所,35.1544444,136.2908333,滋賀県東近江市平柳町,238,233
0640100700009,姉川ダム,あねがわだむ,滋賀県,米原市,姉川,姉川ダム管理事務所,35.485,136.35,滋賀県米原市曲谷869,427.4,413
0640100700010,余呉湖,よごこ,滋賀県,長浜市,余呉川,余呉川管理事務所,35.5227778,136.1991667,滋賀県長浜市余呉町下余呉1882の1,132.8,126.5
0640100700011,石田川ダム,いしだがわだむ,滋賀県,高島市,石田川,石田川ダム管理事務所,35.4455556,135.9552778,滋賀県高島市今津町角川529,299.2,281
0640100700012,天川ダム,あまかわだむ,滋賀県,高島市,天川,石田川ダム管理事務所,35.3922222,136.0027778,滋賀県高島市今津町大供874,155.8,155.8
0665700700001,大野ダム,おおのだむ,京都府,南丹市,由良川,京都府,35.2636111,135.4594444,京都府南丹市美山町字樫原小字中野山48-5,173,155
0665700700002,和知ダム（利水）,わちだむ（りすい）,京都府,船井郡京丹波町,その他,関西電力,35.2519444,135.4166667,京都府船井郡京丹波町小畑下野,,
0665700700003,畑川ダム,はたがわだむ,京都府,船井郡京丹波町,畑川,京都府,35.2091667,135.4355556,京都府船井郡京丹波町下山,158.2,153.5
0691300700001,箕面川ダム,みのおがわだむ,大阪府,箕面市,箕面川,大阪府,34.8616667,135.4769444,大阪府箕面市粟生間谷2926,317.6,311
0691300700002,滝畑ダム（利水）,たきはただむ,大阪府,河内長野市,石川,大阪府,34.3983333,135.5280556,大阪府河内長野市滝畑地先,,
0691300700004,狭山池ダム,さやまいけだむ,大阪府,大阪狭山市,西除川,大阪府,34.5063889,135.5475,大阪府大阪狭山市岩室1401,79.2,71.7
0691300700005,安威川ダム,あいがわだむ,大阪府,茨木市,安威川,大阪府,34.8710111,135.5597944,大阪府茨木市大字生保・大門寺地先,99.4,90.2
0716900700001,生野ダム,いくのだむ,兵庫県,朝来市,市川,姫路土木事務所,35.1844444,134.8213889,兵庫県朝来市生野町竹原野,389.1,360.5
0716900700002,長谷ダム,ながたにだむ,兵庫県,たつの市,長谷川,光都土木事務所,34.9430556,134.4416667,兵庫県たつの市新宮町光都,211.4,205.7
0716900700003,安富ダム,やすとみだむ,兵庫県,姫路市,林田川,姫路土木事務所,35.0447222,134.6127778,兵庫県姫路市安富町皆河,233,219.5
0716900700004,引原ダム,ひきはらだむ,兵庫県,宍粟市,引原川,光都土木事務所,35.2305556,134.5380556,兵庫県宍粟市波賀町日ノ原,472,445
0716900700005,安室ダム,やすむろだむ,兵庫県,赤穂郡上郡町,安室川,光都土木事務所,34.8744444,134.2808333,兵庫県赤穂郡上郡町行頭,161.4,139.7
0716900700006,諭鶴羽ダム,ゆづるはだむ,兵庫県,南あわじ市,諭鶴羽川,洲本土木事務所,34.2497222,134.7972222,兵庫県南あわじ市神代浦壁,172,163
0716900700007,青野ダム,あおのだむ,兵庫県,三田市,青野川,宝塚土木事務所,34.9336111,135.2075,兵庫県三田市加茂上平山,181.2,170.8
0716900700008,天王ダム,てんのうだむ,兵庫県,神戸市,天王谷川,神戸土木事務所,34.7172222,135.1591667,兵庫県神戸市北区山田町下谷上,,279
0716900700009,菅生ダム,すごうだむ,兵庫県,姫路市,菅生川,姫路土木事務所,35.0011111,134.6333333,兵庫県姫路市夢前町莇野,207,199
0716900700010,大路ダム,おおろだむ,兵庫県,朝来市,円山川,養父土木事務所,35.2902778,134.815,兵庫県朝来市和田山町久世田,175.5,171
0716900700011,三宝ダム,みたからだむ,兵庫県,丹波市,竹田川,丹波土木事務所,35.1569444,135.1930556,兵庫県丹波市春日町上三井庄,176.8,173.1
0716900700012,牛内ダム,うしうちだむ,兵庫県,南あわじ市,牛内川,洲本土木事務所,34.2508333,134.7897222,兵庫県南あわじ市賀集牛内,182.5,159.6
0716900700013,大日ダム,だいにちだむ,兵庫県,南あわじ市,大日川,洲本土木事務所,34.2422222,134.7713889,兵庫県南あわじ市賀集生子,114,106
0716900700014,分水堰,ぶんすいぜき,兵庫県,南あわじ市,大日川,洲本土木事務所,34.2341667,134.7908333,兵庫県南あわじ市北阿万新田北風呂谷５０３－２５,190,189
0716900700015,成相ダム,なりあいだむ,兵庫県,南あわじ市,成相川,洲本土木事務所,34.2708333,134.8183333,兵庫県南あわじ市八木馬回,164.9,136.3
0716900700016,北富士ダム,きたふじだむ,兵庫県,南あわじ市,北富士川,洲本土木事務所,34.2738889,134.8230556,兵庫県南あわじ市八木馬回,164.9,143.4
0716900700017,石井ダム,いしいだむ,兵庫県,神戸市,烏原川,神戸土木事務所,34.7044444,135.1463889,兵庫県神戸市北区山田町下谷上,,199.2
0716900700018,但東ダム,たんとうだむ,兵庫県,豊岡市,横谷川,豊岡土木事務所,35.4869444,135.0041667,兵庫県豊岡市但東町畑山,126.9,119.7
0716900700019,みくまりダム,みくまりだむ,兵庫県,丹波篠山市,三熊川,丹波土木事務所,35.1036111,135.3475,兵庫県丹波篠山市三熊字中山７６,292.2,286
0716900700020,金出地ダム,かなじだむ,兵庫県,赤穂郡上郡町,鞍居川,光都土木事務所,34.9277778,134.4227778,兵庫県赤穂郡上郡町金出地,143.7,123.5
0716900700021,栗柄ダム,くりからだむ,兵庫県,丹波篠山市,滝の尻川,丹波土木事務所,35.1380556,135.2247222,兵庫県丹波篠山市栗柄,286.8,279.3
0716900700022,与布土ダム,よふどだむ,兵庫県,朝来市,与布土川,養父土木事務所,35.2744444,134.8894444,兵庫県朝来市山東町与布土,259.4,241.5
0742500700001,天理ダム,てんりだむ,奈良県,天理市,布留川,奈良県,34.5883333,135.8769444,奈良県天理市長滝町14-7,255,239
0742500700002,初瀬ダム,はせだむ,奈良県,桜井市,大和川,奈良県,34.5441667,135.9083333,奈良県桜井市初瀬363-2,221.6,209.7
0742500700003,白川ダム,しらかわだむ,奈良県,天理市,高瀬川,奈良県,34.6219444,135.8483333,奈良県天理市和爾町875,117.3,109.1
0742500700006,岩井川ダム,いわいがわだむ,奈良県,奈良市,岩井川,奈良県,34.6602778,135.8691667,奈良県奈良市肘塚町253,247,235.5
0742500700207,大門ダム,だいもんだむ,奈良県,生駒郡三郷町,大門川,奈良県,34.6055556,135.6719444,奈良県生駒郡三郷町立野914他,262.7,253.9
0768100700001,広川ダム,ひろかわだむ,和歌山県,有田郡広川町,広川,和歌山県有田振興局,33.9736111,135.2330556,和歌山県有田郡広川町下津木1619-6,140,129
0768100700002,二川ダム,ふたがわだむ,和歌山県,有田郡有田川町,有田川,和歌山県有田振興局,34.0808333,135.3588889,和歌山県有田郡有田川町二川510-9,201,181
0768100700003,椿山ダム,つばやまだむ,和歌山県,日高郡日高川町,日高川,和歌山県日高振興局,33.9591667,135.3908333,和歌山県日高郡日高川町初湯川1874,206.5,184
0768100700004,七川ダム,しちかわだむ,和歌山県,東牟婁郡古座川町,古座川,和歌山県東牟婁振興局串本建設部,33.5919444,135.6877778,和歌山県東牟婁郡古座川町佐田1016,116,95
0768100700005,切目川ダム,きりめがわだむ,和歌山県,日高郡印南町,切目川,和歌山県日高振興局,33.8811111,135.3208333,和歌山県日高郡印南町高串141,149,141
0768100700006,殿山ダム,とのやまだむ,和歌山県,田辺市,日置川,関西電力,33.6838889,135.5636111,和歌山県田辺市合川,125,112
0768100700007,小匠ダム,こだくみだむ,和歌山県,東牟婁郡那智勝浦町,小匠川,和歌山県東牟婁振興局,33.5938889,135.8344444,和歌山県東牟婁郡那智勝浦町小匠,32,31.5
0793700700001,百谷ダム,ももだにだむ,鳥取県,鳥取市,天神川,鳥取県土整備事務所,35.5102778,134.2727778,鳥取県鳥取市百谷,67.5,60.4
0793700700002,佐治川ダム,さじかわだむ,鳥取県,鳥取市,佐治川,鳥取県土整備事務所,35.3291667,134.0433333,鳥取県鳥取市佐治町尾際,397.5,379.7
0793700700003,東郷ダム,とうごうだむ,鳥取県,東伯郡湯梨浜町,宇坪谷川,中部総合事務所,35.4455556,133.9230556,鳥取県東伯郡湯梨浜町別所地先,95,88
0793700700004,賀祥ダム,かしょうだむ,鳥取県,西伯郡南部町,法勝寺川,西部総合事務所,35.3088889,133.3294444,鳥取県西伯郡南部町下中谷368-9,118,101.3
0793700700005,朝鍋ダム,あさなべだむ,鳥取県,西伯郡南部町,朝鍋川,西部総合事務所,35.3477778,133.395,鳥取県西伯郡南部町鶴田地先,107.5,97
0819300700001,布部ダム,ふべだむ,島根県,安来市,飯梨川,島根県,35.2855556,133.1525,島根県安来市広瀬町布部2845-18,194.6,178.2
0819300700002,山佐ダム,やまさだむ,島根県,安来市,山佐川,島根県,35.3113889,133.0991667,島根県安来市広瀬町上山佐3036-11,191.2,181.4
0819300700003,三瓶ダム,さんべだむ,島根県,大田市,三瓶川,島根県,35.1719444,132.5583333,島根県大田市三瓶町野城イ849-24,127,116
0819300700004,八戸ダム,やとだむ,島根県,江津市,八戸川,島根県,34.9005556,132.3038889,島根県江津市桜江町八戸1661-35,124.6,94.3
0819300700005,浜田ダム,はまだだむ,島根県,浜田市,浜田川,島根県,34.8666667,132.1219444,島根県浜田市河内町3222,107.9,107.9
0819300700007,御部ダム,おんべだむ,島根県,浜田市,三隅川,島根県,34.7233333,132.0313889,島根県浜田市三隅町黒沢2368-6,98.6,89
0819300700009,銚子ダム,ちょうしだむ,島根県,隠岐郡隠岐の島町,銚子川,島根県,36.2444444,133.3036111,島根県隠岐郡隠岐の島町原田一ツ木985-8,57.8,44.8
0819300700010,美田ダム,みただむ,島根県,隠岐郡西ノ島町,美田川,島根県,36.0966667,133.0225,島根県隠岐郡西ノ島町大字美田字宮谷151,35.7,28.6
0819300700011,大長見ダム,おおながみだむ,島根県,浜田市,周布川,島根県,34.8277806,132.1089861,島根県浜田市長見町934-14,157.2,136.5
0819300700013,笹倉ダム,ささくらだむ,島根県,益田市,波田川,島根県,34.6544444,131.9241667,島根県益田市美都町笹倉字魚切1577-1,138.2,119.9
0819300700014,大峠ダム,おおたおだむ,島根県,益田市,馬の谷川,島根県,34.6561111,131.9175,島根県益田市美都町笹倉1643-9,,99.1
0819300700016,益田川ダム,ますだがわだむ,島根県,益田市,益田川,島根県,34.6722222,131.9038889,島根県益田市久々茂町イ1352-1,,36
0819300700017,第二浜田ダム,だいにはまだだむ,島根県,浜田市,浜田川,島根県,34.8791667,132.115,島根県浜田市河内町3194-1,58.8,53.9
0819300700600,嵯峨谷ダム,さがだにだむ,島根県,益田市,益田川,島根県,34.6480556,131.9983333,島根県益田市美都町都茂5244-4,253.95,253.95
0819300700601,津田川ダム,つだがわだむ,島根県,益田市,津田川,島根県,34.6938889,131.8972222,島根県益田市大草町1159-1,83.8,83.8
0819300700602,清瀧ダム,きよたきだむ,島根県,大田市,江谷川,島根県,35.2125,132.5227778,島根県大田市久手町刺鹿,35.3,35.3
0819300700603,三成ダム,みなりだむ,島根県,仁多郡奥出雲町,斐伊川,島根県,35.1897222,133.0413889,島根県仁多郡奥出雲町三成,292.61,286.11
0819300700604,木都賀ダム,きつかだむ,島根県,浜田市,三隅川,島根県,34.7508333,132.0697222,島根県浜田市弥栄町木都賀字,240,230
0844900700001,津川ダム,つがわだむ,岡山県,津山市,津川川,美作県民局,35.1686111,134.1086111,岡山県津山市加茂町下津川998-8,363.5,342
0844900700002,八塔寺川ダム,はっとうじがわだむ,岡山県,備前市,八塔寺川,備前県民局,34.8711417,134.2507556,岡山県備前市吉永町高田361-2,116.5,112
0844900700003,旭川ダム,あさひかわだむ,岡山県,岡山市,旭川,備前県民局,34.9147222,133.8561111,岡山県岡山市北区建部町鶴田931,110,88
0844900700004,鳴滝ダム,なるたきだむ,岡山県,加賀郡吉備中央町,加茂川,備前県民局,34.8236111,133.7716667,岡山県加賀郡吉備中央町竹部3050-4,308.4,301.5
0844900700005,湯原ダム,ゆばらだむ,岡山県,真庭市,旭川,美作県民局,35.2083333,133.7336111,岡山県真庭市湯原温泉,402,370
0844900700007,楢井ダム,ならいだむ,岡山県,高梁市,右の谷川,備中県民局,34.7991667,133.6544444,岡山県高梁市松山,333.8,325.8
0844900700009,高瀬川ダム,たかせがわだむ,岡山県,新見市,高瀬川,備中県民局,35.0747222,133.3594444,岡山県新見市神郷釜村634-6,469.7,461
0844900700010,河本ダム,こうもとだむ,岡山県,新見市,西川,備中県民局,34.9633333,133.4577778,岡山県新見市金谷126-2,225,206.5
0844900700011,千屋ダム,ちやだむ,岡山県,新見市,高梁川,備中県民局,35.0569444,133.4552778,岡山県新見市菅生7943-8,385.5,347
0844900700012,竹谷ダム,たけたにだむ,岡山県,加賀郡吉備中央町,竹谷川,備前県民局,34.8636111,133.7097222,岡山県加賀郡吉備中央町豊野4844-3,306.3,296.6
0844900700013,河平ダム,かわひらだむ,岡山県,加賀郡吉備中央町,日山谷川,備前県民局,34.8738889,133.8216667,岡山県加賀郡吉備中央町下加茂1443-102,189.7,182.3
0844900700014,三室川ダム,みむろがわだむ,岡山県,新見市,三室川,備中県民局,35.0338889,133.340375,岡山県新見市神郷油野3413-1,492.5,461.7
0844900700015,黒谷ダム,くろだにだむ,岡山県,岡山市,足守川,備前県民局,34.7919444,133.7927778,岡山県岡山市北区河原落石1945ｰ1　,135.15,124.05
0844900700016,日笠ダム,ひかさだむ,岡山県,和気郡和気町,笹目川,備前県民局,34.8675,134.1725,岡山県和気郡和気町保曽,158,145.7
0844900700017,槙谷ダム,まきだにだむ,岡山県,加賀郡吉備中央町,落合川,備前県民局,34.7761111,133.7263889,岡山県加賀郡吉備中央町岨谷 1903-5,182,167.5
0844900700018,大佐ダム,おおさだむ,岡山県,新見市,小坂部川,備中県民局,35.1219444,133.5475,岡山県新見市大佐上刑部,437.6,430.9
0844900700019,鬼ヶ岳ダム,おにがたけだむ,岡山県,小田郡矢掛町,美山川,備中県民局,34.6877778,133.5902778,岡山県小田郡矢掛町上高末,142.4,129.6
0844900700020,香々美ダム,かがみだむ,岡山県,苫田郡鏡野町,香々美川,美作県民局,35.215,133.9822222,岡山県苫田郡鏡野町越畑,514.5,502.5
0844900700021,久賀ダム,くがだむ,岡山県,美作市,梶並川,美作県民局,35.1036111,134.2241667,岡山県美作市久賀,193,186.5
0844900700022,黒木ダム,くろぎだむ,岡山県,津山市,倉見川,美作県民局,35.2294444,134.0361111,岡山県津山市加茂町黒木,427,404
0870500700001,小瀬川ダム,おぜがわだむ,広島県,廿日市市,小瀬川,広島県・山口県,34.3088889,132.1255556,広島県廿日市市浅原字前中山,216,205.5
0870500700002,椋梨ダム,むくなしだむ,広島県,東広島市,椋梨川,広島県,34.5033333,132.8925,広島県東広島市河内町小田渡原4096,264.7,250
0870500700003,魚切ダム,うおきりだむ,広島県,広島市,八幡川,広島県,34.4283333,132.3302778,広島県広島市佐伯区五日市町上河内998,210.5,186
0870500700004,野呂川ダム,のろがわだむ,広島県,呉市,野呂川,広島県,34.2886111,132.7111111,広島県呉市安浦町中畑641-11,124.4,122.4
0870500700005,御調ダム,みつぎだむ,広島県,尾道市,御調川,広島県,34.5019444,133.0769444,広島県尾道市御調町津蟹127-3,157.6,149.5
0870500700006,仁賀ダム,にかだむ,広島県,竹原市,賀茂川,広島県,34.3769444,132.8427778,広島県竹原市仁賀町1685-2,151.2,136.8
0870500700007,山田川ダム,やまだがわだむ,広島県,世羅郡世羅町,山田川,広島県,34.6402778,133.07,広島県世羅郡世羅町別迫251-4,410,406
0870500700008,梶毛ダム,かじけだむ,広島県,広島市,梶毛川,広島県,34.4394444,132.3775,広島県広島市佐伯区五日市町石内,171.1,162
0870500700009,福富ダム,ふくとみだむ,広島県,東広島市,沼田川,広島県,34.5266667,132.7736111,広島県東広島市福富町久芳,322.6,303.2
0870500700010,四川ダム,しかわだむ,広島県,福山市,四川,広島県,34.6005556,133.3388889,広島県福山市加茂町北山3006-4,148.5,133.2
0870500700023,野間川ダム,のまがわだむ,広島県,三原市,野間川,広島県,34.5291667,133.0683333,広島県三原市久井町吉田字大久保562-5,397.2,386.9
0870500700024,庄原ダム,しょうばらだむ,広島県,庄原市,大戸川,広島県,34.9025,133.0744444,広島県庄原市川西町196-1,328.9,318.6
0896100700001,生見川ダム,いきみがわだむ,山口県,岩国市,生見川,山口県,34.2013889,132.0438889,山口県岩国市美川町南桑,103,62
0896100700002,小瀬川ダム,おぜがわだむ,山口県,岩国市,小瀬川,山口県,34.3088889,132.1238889,山口県岩国市美和町釜ケ原,216,205.5
0896100700003,中山川ダム,なかやまがわだむ,山口県,岩国市,中山川,山口県,34.0569444,132.0513889,山口県岩国市周東町用田,98,82.2
0896100700004,黒杭川ダム,くろくいがわだむ,山口県,柳井市,黒杭川,山口県,33.9927778,132.0958333,山口県柳井市柳井字森ヶ迫1031-4,30.7,25.5
0896100700005,屋代ダム,やしろだむ,山口県,大島郡周防大島町,屋代川,山口県,33.91,132.2166667,山口県大島郡周防大島町大字東屋代,83,75.6
0896100700006,菅野ダム,すがのだむ,山口県,周南市,錦川,山口県,34.1413889,131.9030556,山口県周南市大字中須北字川平,270,212
0896100700007,向道ダム,こうどうだむ,山口県,周南市,錦川,山口県,34.1438889,131.8275,山口県周南市大字大道理,325,303
0896100700008,川上ダム,かわかみだむ,山口県,周南市,富田川,山口県,34.1088889,131.7875,山口県周南市大字川上字猿岩13-1,106.5,67
0896100700009,末武川ダム,すえたけがわだむ,山口県,下松市,末武川,山口県,34.0563889,131.8719444,山口県下松市大字瀬戸,137.2,93.2
0896100700010,佐波川ダム,さばがわだむ,山口県,山口市,佐波川,山口県,34.2772222,131.6544444,山口県山口市徳地野谷字掛平620,186.5,162
0896100700011,荒谷ダム,あらたにだむ,山口県,山口市,椹野川,山口県,34.2341667,131.4916667,山口県山口市宮野上,202.3,179
0896100700012,一の坂ダム,いちのさかだむ,山口県,山口市,一の坂川,山口県,34.2041667,131.4691667,山口県山口市上宇野令,123.6,114.6
0896100700013,厚東川ダム,ことうがわだむ,山口県,宇部市,厚東川,山口県,34.0713889,131.2822222,山口県宇部市木田字落畑,39,20
0896100700014,今富ダム,いまとみだむ,山口県,宇部市,今富川,山口県,34.0919444,131.2536111,山口県宇部市大字今富字薬師52-1,86.4,80.6
0896100700015,木屋川ダム,こやがわだむ,山口県,下関市,木屋川,山口県,34.2363889,131.1177778,山口県下関市豊田町大字大河内,96.5,74
0896100700016,大坊ダム,だいぼうだむ,山口県,長門市,大坊川,山口県,34.3419444,131.0577778,山口県長門市油谷河原東つぶて,64.3,57
0896100700017,阿武川ダム,あぶがわだむ,山口県,萩市,阿武川,山口県,34.3586111,131.4869444,山口県萩市川上なんかけ2344-6,95,49.5
0896100700018,見島ダム,みしまだむ,山口県,萩市,大谷川,山口県,34.7741667,131.1513889,山口県萩市見島大谷591-4,23.3,13.8
0896100700019,御庄川ダム,みしょうがわだむ,山口県,岩国市,錦川,山口県,34.1291667,132.1508333,山口県岩国市柱野,41,41
0896100700020,真締川ダム,まじめがわだむ,山口県,宇部市,真締川,山口県,33.9933333,131.2702778,山口県宇部市大字川上,61.6,57.4
0896100700021,湯免ダム,ゆめんだむ,山口県,長門市,中国管内,山口県,34.3427778,131.2683333,山口県長門市三隅中,98.3,77.6
0896100700022,平瀬ダム,ひらせだむ,山口県,岩国市,錦川,山口県,34.2541667,131.9375,山口県岩国市錦町広瀬5341番地1,128.1,118
0921700700001,川口ダム（利水）,かわぐちだむ,徳島県,那賀郡那賀町,那賀川,徳島県企業局,33.8,134.4666667,徳島県那賀郡那賀町吉野字イヤ谷72-1,95,93.5
0921700700002,正木ダム,まさきだむ,徳島県,勝浦郡上勝町,勝浦川,徳島県,33.9122222,134.4283333,徳島県勝浦郡上勝町正木字藤の内18-2,183,158
0921700700003,宮川内ダム,みやがわうちだむ,徳島県,阿波市,宮川内谷川,徳島県,34.1475,134.3536111,徳島県阿波市土成町宮川内字平間58,130.6,117.8
0921700700004,福井ダム,ふくいだむ,徳島県,阿南市,福井川,徳島県,33.8141667,134.5902778,徳島県阿南市福井町鉦打95-21,43.5,39
0921700700005,追立ダム（利水）,おったちだむ（りすい）,徳島県,那賀郡那賀町,坂州木頭川,南部総合県民局（那賀）,33.8358333,134.2919444,徳島県那賀郡那賀町坂州字追立,276.85,
0921700700006,夏子ダム（利水）,なつごだむ（りすい）,徳島県,美馬市,曽江谷川,徳島県,34.135,134.1611111,徳島県美馬市脇町字西俣名,213.5,206
0947300700001,内場ダム,ないばだむ,香川県,高松市,内場川,香川県高松土木事務所,34.1686111,134.0744444,香川県高松市塩江町上西字下田井,258.5,227.6
0947300700002,千足ダム,せんぞくだむ,香川県,東かがわ市,千足川,長尾土木事務所,34.1886111,134.39,香川県東かがわ市川股字千足,129,114.5
0947300700003,五名ダム,ごみょうだむ,香川県,東かがわ市,湊川,長尾土木事務所,34.2008333,134.2675,香川県東かがわ市五名,146,130
0947300700004,大内ダム,おおちだむ,香川県,東かがわ市,様松川,長尾土木事務所,34.2219444,134.2975,香川県東かがわ市水主,62.2,50.5
0947300700005,大川ダム,おおかわだむ,香川県,さぬき市,津田川,長尾土木事務所,34.2361111,134.2480556,香川県さぬき市大川町田面,118.7,108
0947300700006,門入ダム,もんにゅうだむ,香川県,さぬき市,栴檀川,長尾土木事務所,34.2491667,134.2191667,香川県さぬき市寒川町石田東,100.2,80.2
0947300700007,前山ダム,まえやまだむ,香川県,さぬき市,鴨部川,長尾土木事務所,34.2247222,134.1722222,香川県さぬき市前山字中津,137,123.8
0947300700008,吉田ダム,よしだだむ,香川県,小豆郡小豆島町,吉田川,小豆総合事務所,34.5522222,134.3336111,香川県小豆郡小豆島町吉田字川向,109.5,83.5
0947300700009,粟地ダム,あわじだむ,香川県,小豆郡小豆島町,安田大川,小豆総合事務所,34.4913889,134.3216667,香川県小豆郡小豆島町安田字粟地,66.3,52.5
0947300700010,内海ダム,うちのみだむ,香川県,小豆郡小豆島町,別当川,小豆総合事務所,34.495,134.2997222,香川県小豆郡小豆島町神懸通後山甲,70,62
0947300700011,殿川ダム,とのがわだむ,香川県,小豆郡小豆島町,殿川,小豆総合事務所,34.5019444,134.2477778,香川県小豆郡小豆島町中山字向條,164,148.2
0947300700012,田万ダム,たまんだむ,香川県,綾歌郡綾川町,田万川,中讃土木事務所,34.1905556,134.0027778,香川県綾歌郡綾川町枌所東字桜谷,174.1,162.7
0947300700013,長柄ダム,ながらだむ,香川県,綾歌郡綾川町,綾川,中讃土木事務所,34.1961111,133.9766667,香川県綾歌郡綾川町東分,123.5,100.5
0947300700014,府中ダム（利水）,ふちゅうだむりすい,香川県,坂出市,綾川,香川県広域水道企業団,34.2844444,133.9213889,香川県坂出市府中町,32,21
0947300700015,五郷ダム,ごごうだむ,香川県,観音寺市,前田川,西讃土木事務所,34.0430556,133.6958333,香川県観音寺市大野原町有木,189.5,168
0947300700016,粟井ダム,あわいだむ,香川県,観音寺市,粟井川,西讃土木事務所,34.0652778,133.7280556,香川県観音寺市粟井町坂瀬,210,196
0947300700017,椛川ダム,かばがわだむ,香川県,高松市,椛川,香川県高松土木事務所,34.1538889,134.105,香川県高松市塩江町江町安原上東,352,301.2
0972900700001,黒瀬ダム,くろせだむ,愛媛県,西条市,加茂川,愛媛県,33.8668472,133.1603167,愛媛県西条市黒瀬,110,76.8
0972900700002,鹿森ダム,しかもりだむ,愛媛県,新居浜市,足谷川,愛媛県,33.8939083,133.3097361,愛媛県新居浜市立川町,226.2,203.8
0972900700006,玉川ダム,たまがわだむ,愛媛県,今治市,蒼社川,愛媛県,33.9933083,132.93295,愛媛県今治市玉川町,155.8,131.2
0972900700007,台ダム,うてなだむ,愛媛県,今治市,台本川,愛媛県,34.2288389,133.0122889,愛媛県今治市大三島町,68.4,59.6
0972900700021,須賀川ダム,すかがわだむ,愛媛県,宇和島市,須賀川,愛媛県,33.2418417,132.5910333,愛媛県宇和島市柿原,51,32.4
0972900700022,山財ダム,さんざいだむ,愛媛県,宇和島市,御代の川,愛媛県,33.1175972,132.5829972,愛媛県宇和島市津島町,75.7,60.7
0998500700001,鏡ダム,かがみだむ,高知県,高知市,鏡川,高知県,33.6075,133.4733333,高知県高知市鏡今井2552-1,75,53
0998500700002,永瀬ダム,ながせだむ,高知県,香美市,物部川,高知県,33.705,133.8638889,高知県香美市香北町永瀬1328-1,196,167
0998500700003,桐見ダム,きりみだむ,高知県,高岡郡越知町,坂折川,高知県,33.5241667,133.2138889,高知県高岡郡越知町五味2427-7,122.5,107.5
0998500700004,鎌井谷ダム,かまいだにだむ,高知県,香南市,香宗川,高知県,33.5863889,133.7369444,高知県香南市香我美町山北4448,66.8,57.2
0998500700005,坂本ダム,さかもとだむ,高知県,宿毛市,松田川,高知県,33.0277778,132.7277778,高知県宿毛市橋上町坂本514-39,81,76
0998500700006,以布利川ダム,いぶりがわだむ,高知県,土佐清水市,以布利川,高知県,32.8002778,132.9505556,高知県土佐清水市広畑,32.9,22.1
0998500700009,和食ダム,わじきだむ,高知県,安芸郡芸西村,和食川,安芸土木事務所,33.5504722,133.8084722,高知県安芸郡芸西村馬ノ上字西谷,88,72
1024100700001,日向神ダム,ひゅうがみだむ,福岡県,八女市,矢部川,福岡県,33.1761111,130.7802778,福岡県八女市黒木町大字北大淵,308.5,275
1024100700002,南畑ダム,みなみはただむ,福岡県,那珂川市,那珂川,福岡県,33.4347222,130.4247222,福岡県那珂川市大字五ヶ山,274.6,244.3
1024100700003,力丸ダム,りきまるだむ,福岡県,宮若市,八木山川,福岡県,33.6897222,130.6269444,福岡県宮若市宮田,104,74.5
1024100700004,油木ダム,あぶらぎだむ,福岡県,田川郡添田町,今川,福岡県,33.5558333,130.8938889,福岡県田川郡添田町大字津野,202.5,171
1024100700005,ます渕ダム,ますぶちだむ,福岡県,北九州市,紫川,福岡県,33.7622222,130.8388889,福岡県北九州市小倉南区大字頂吉,156.8,115
1024100700006,陣屋ダム,じんやだむ,福岡県,田川郡添田町,中元寺川,福岡県,33.5275,130.845,福岡県田川郡添田町大字中元寺,185.5,163
1024100700007,瑞梅寺ダム,ずいばいじだむ,福岡県,糸島市,瑞梅寺川,福岡県,33.5036111,130.2475,福岡県糸島市瑞梅寺,200,172.5
1024100700008,山神ダム,やまがみだむ,福岡県,筑紫野市,山口川,福岡県,33.4544444,130.4861111,福岡県筑紫野市大字山口,219,202
1024100700009,牛頸ダム,うしくびだむ,福岡県,大野城市,牛頸川,福岡県,33.4861111,130.4791667,福岡県大野城市大字牛頸,117.7,107.2
1024100700010,犬鳴ダム,いぬなきだむ,福岡県,宮若市,犬鳴川,福岡県,33.6877778,130.5594444,福岡県宮若市犬鳴,217.2,178
1024100700011,北谷ダム,きたたにだむ,福岡県,太宰府市,山の神川,福岡県,33.5455556,130.5558333,福岡県太宰府市大字北谷,281,264
1024100700012,猪野ダム,いのだむ,福岡県,糟屋郡久山町,猪野川,福岡県,33.6833333,130.5202778,福岡県糟屋郡久山町大字猪野,164.6,124.4
1024100700013,鳴淵ダム,なるふちだむ,福岡県,糟屋郡篠栗町,鳴渕川,福岡県,33.6255556,130.5533333,福岡県糟屋郡篠栗大字篠栗,123.5,94.7
1024100700014,福智山ダム,ふくちやまだむ,福岡県,直方市,福地川,福岡県,33.7566667,130.7833333,福岡県直方市大字頓野,161,137.6
1024100700015,藤波ダム,ふじなみだむ,福岡県,うきは市,巨瀬川,福岡県,33.3161111,130.7894444,福岡県うきは市浮羽町妹川,123,118.5
1024100700016,五ケ山ダム,ごかやまだむ,福岡県,那珂川市,那珂川,福岡県,33.4138889,130.4183333,福岡県那珂川市大字五ヶ山,407.1,344.9
1024100700017,伊良原ダム,いらはらだむ,福岡県,京都郡みやこ町,祓川,福岡県,33.5894444,130.9488889,福岡県京都郡みやこ町犀川下伊良原,201,165.9
1024100700101,松瀬ダム,まつぜだむ,福岡県,八女市,矢部川,福岡県企業局,33.1761111,130.7686111,福岡県八女市黒木町字小詰,235,232.5
1024100700102,広川ダム,ひろかわだむ,福岡県,八女郡広川町,広川,福岡県,33.2413889,130.6166667,福岡県八女郡広川町水原字梯,118,107.5
1024100700108,畑ダム,はただむ,福岡県,北九州市,黒川,福岡県,33.8044444,130.7575,福岡県北九州市八幡西区大字畑,74.8,49
1049700700001,伊岐佐ダム,いきさだむ,佐賀県,唐津市,左伊岐佐川,佐賀県,33.36765,130.0425472,佐賀県唐津市相知町伊岐佐,250.5,246.5
1049700700002,平木場ダム,ひらこばだむ,佐賀県,唐津市,町田川,佐賀県,33.4320139,129.9454722,佐賀県唐津市神田,75.1,66.3
1049700700003,有田ダム,ありただむ,佐賀県,西松浦郡有田町,有田川,佐賀県,33.1982972,129.8951333,佐賀県西松浦郡有田町白川,111,102.6
1049700700004,竜門ダム,りゅうもんだむ,佐賀県,西松浦郡有田町,有田川,佐賀県,33.2119417,129.8779667,佐賀県西松浦郡有田町広瀬山,100.7,87
1049700700005,深浦ダム,ふかうらだむ,佐賀県,杵島郡白石町,塩田川,佐賀県,33.1382167,130.1034028,佐賀県杵島郡白石町大字深浦,40.6,33.3
1049700700006,岩屋川内ダム,いわやがわちだむ,佐賀県,嬉野市,塩田川,佐賀県,33.0680861,129.9830778,佐賀県嬉野市嬉野町大字岩屋川内,182.5,173.5
1049700700007,本部ダム,もとべだむ,佐賀県,武雄市,川古川,佐賀県,33.2667694,130.0093972,佐賀県武雄市若木町大字本部,145.3,124.7
1049700700008,矢筈ダム,やはずだむ,佐賀県,武雄市,六角川,佐賀県,33.1426278,129.9497,佐賀県武雄市西川登町大字神六,100.6,86
1049700700009,狩立・日ノ峯ダム,かりたて・ひのみねだむ,佐賀県,武雄市,狩立川,佐賀県,33.1817944,129.9294889,佐賀県武雄市山内町大字宮野字日ノ峯,111,100
1049700700010,都川内ダム,みやこがわちだむ,佐賀県,伊万里市,伊万里川,佐賀県,33.2603639,129.9057139,佐賀県伊万里市大坪町丙,56.4,38.5
1049700700011,横竹ダム,よこたけだむ,佐賀県,嬉野市,塩田川,佐賀県,33.0596444,130.0382778,佐賀県嬉野市嬉野町大字吉田,180.5,162.5
1049700700012,中木庭ダム,なかこばだむ,佐賀県,鹿島市,鹿島川,佐賀県,33.0416583,130.0702611,佐賀県鹿島市大字山浦,222.5,200
1049700700013,井手口川ダム,いでぐちがわだむ,佐賀県,伊万里市,その他,佐賀県,33.2902778,129.9911111,佐賀県伊万里市大川町東田代,98.1,81.4
1049700700014,河内ダム,かわちだむ,佐賀県,鳥栖市,大木川,佐賀県,33.4066667,130.4891667,佐賀県鳥栖市河内町,,194.87
1049700700015,繁昌ダム,はんしょうだむ,佐賀県,武雄市,高橋川,佐賀県,33.2264444,130.0129722,佐賀県武雄市大字中野,,57.4
1049700700016,岸川ダム,きしかわだむ,佐賀県,多久市,今出川,佐賀県,33.3168333,130.1251944,佐賀県多久市多久町,,201
1049700700017,天ヶ瀬ダム,あまがせだむ,佐賀県,多久市,六角川,佐賀県,33.2494444,130.1069167,佐賀県多久市南多久町,,164.5
1049700700018,庭木ダム,にわきだむ,佐賀県,武雄市,六角川,佐賀県,33.1259722,129.9598333,佐賀県武雄市西川登町,,82.2
1049700700019,古木場ダム,ふるこばだむ,佐賀県,西松浦郡有田町,有田川,佐賀県,33.1671472,129.9112694,佐賀県西松浦郡有田町,,
1075300700001,猫山ダム,ねこやまだむ,長崎県,佐世保市,日宇川,長崎県,33.1689528,129.7821694,長崎県佐世保市黒髪町,84.8,83.8
1075300700002,江永ダム,えながだむ,長崎県,佐世保市,江永川,長崎県,33.1595667,129.8463722,長崎県佐世保市江永町,68.8,62.3
1075300700003,野々川ダム,ののかわだむ,長崎県,東彼杵郡波佐見町,川棚川,長崎県,33.1473333,129.9174833,長崎県東彼杵郡波佐見町湯無田郷,82.6,77.9
1075300700004,萱瀬ダム,かやぜだむ,長崎県,大村市,郡川,長崎県,32.9785278,130.0206389,長崎県大村市黒木町,228,211
1075300700005,雪浦ダム,ゆきのうらだむ,長崎県,西海市,雪浦川,長崎県,32.9547222,129.6972222,長崎県西海市大瀬戸町雪浦幸物郷,46.6,33.8
1075300700006,神浦ダム,こうのうらだむ,長崎県,長崎市,神浦川,長崎県,32.8848306,129.7129806,長崎県長崎市神浦下大中尾町,115,88.2
1075300700007,福江ダム,ふくえだむ,長崎県,五島市,福江川,長崎県,32.6819278,128.8185278,長崎県五島市吉田町字谷河,29.1,27.4
1075300700008,仁田ダム,にただむ,長崎県,対馬市,飼所川,長崎県,34.5284972,129.3953944,長崎県対馬市上県町飼所,58.6,56.8
1075300700009,ケ知ダム,けちだむ,長崎県,対馬市,け知川,長崎県,34.2573306,129.2922389,長崎県対馬市美津島町ケ知字山口,60,56.4
1075300700010,式見ダム,しきみだむ,長崎県,長崎市,式見川,長崎県,32.7911167,129.8028028,長崎県長崎市向町,62.3,42
1075300700011,勝本ダム,かつもとだむ,長崎県,壱岐市,後川川,長崎県,33.8262722,129.7072944,長崎県壱岐市勝本町新城西触字木堂,57.5,50
1075300700012,黒浜ダム,くろはまだむ,長崎県,長崎市,黒浜川,長崎県,32.6324528,129.7997861,長崎県長崎市黒浜町字流レ合,32.6,24.8
1075300700013,中山ダム,なかやまだむ,長崎県,西彼杵郡時津町,子々川川,長崎県,32.8528056,129.8110639,長崎県西彼杵郡時津町子々川郷城ノ尾,29.8,23.7
1075300700014,青方ダム,あおかただむ,長崎県,南松浦郡新上五島町,釣道川,長崎県,32.9900556,129.0718028,長崎県南松浦郡新上五島町青方郷字浅子,27.7,23.7
1075300700015,永田ダム,ながただむ,長崎県,壱岐市,永田川,長崎県,33.7511139,129.704375,長崎県壱岐市郷ノ浦町永田触字日ノ本,64.9,59.8
1075300700016,長与ダム,ながよだむ,長崎県,西彼杵郡長与町,長与川,長崎県,32.838075,129.9000056,長崎県西彼杵郡長与町本川内,99,92
1075300700017,土師野尾ダム,はじのおだむ,長崎県,諫早市,東大川,長崎県,32.8166667,130.0231667,長崎県諫早市貝津町,56.5,42.8
1075300700018,鹿尾ダム,かのおだむ,長崎県,長崎市,鹿尾川,長崎県,32.6974111,129.8631611,長崎県長崎市鹿尾町１番地,31.2,21.3
1075300700019,小ヶ倉(補助)ダム,こがくら（ほじょ）だむ,長崎県,長崎市,鹿尾川,長崎県,32.7159556,129.8761222,長崎県長崎市上戸町,90.6,70.2
1075300700020,鳴見ダム,なるみだむ,長崎県,長崎市,二股川,長崎県,32.8260139,129.8037667,長崎県長崎市鳴見町ヲイタ河内,108,78.5
1075300700021,樋口ダム,ひぐちだむ,長崎県,佐世保市,樋口川,長崎県,33.2670306,129.5892667,長崎県佐世保市鹿町町下歌ケ浦,23.5,13.5
1075300700022,男女岳ダム,めおとだけだむ,長崎県,壱岐市,角川,長崎県,33.8354,129.7496083,長崎県壱岐市芦辺町箱崎釘ノ尾触,60.3,54.55
1075300700023,目保呂ダム,めぼろだむ,長崎県,対馬市,仁田川,長崎県,34.5461194,129.372875,長崎県対馬市上県町大字瀬田,22.9,18.6
1075300700024,西山ダム,にしやまだむ,長崎県,長崎市,西山川,長崎県,32.7694694,129.8920861,長崎県長崎市片淵,84,72
1075300700025,中尾ダム,なかおだむ,長崎県,長崎市,中尾川,長崎県,32.7746472,129.9375333,長崎県長崎市田中町,57.5,39
1075300700026,宮ノ川ダム,みやのかわだむ,長崎県,南松浦郡新上五島町,宮ノ川,長崎県,32.9955278,129.0802778,長崎県南松浦郡新上五島町浦桑郷字上宇戸,57.5,47.5
1075300700027,船津ダム,ふなつだむ,長崎県,諫早市,船津川,長崎県,32.9386944,130.1681667,長崎県諫早市小長井町小川原浦,179.5,169.8
1075300700028,宮崎ダム,みやざきだむ,長崎県,長崎市,宮崎川,長崎県,32.626925,129.819475,長崎県長崎市宮崎町字森園,19.2,18
1075300700029,つづらダム,つづらだむ,長崎県,佐世保市,葛川,長崎県,33.2283667,129.6232972,長崎県佐世保市小佐々町田原,19.9,12.2
1075300700030,笛吹ダム,ふえふきだむ,長崎県,松浦市,志佐川,長崎県,33.3055417,129.7349944,長崎県松浦市志佐町笛吹免,131.5,102.5
1075300700031,伊木力ダム,いきりきだむ,長崎県,諫早市,伊木力川,長崎県,32.8391667,129.9271111,長崎県諌早市多良見町山川内,70.9,59.5
1075300700032,高浜ダム,たかはまだむ,長崎県,長崎市,江川,長崎県,32.5992611,129.7870833,長崎県長崎市高浜町字熊ヶ平,45.4,31.2
1075300700033,小浦ダム,こうらだむ,長崎県,対馬市,小浦川,長崎県,34.2311694,129.2996417,長崎県対馬市厳原町小浦,38,31.5
1075300700034,本河内（高部）,ほんごうち（こうぶ）,長崎県,長崎市,中島川,長崎振興局,32.754275,129.9097028,長崎県長崎市本河内３丁目,91.2,82.4
1075300700035,本河内（低部）,ほんごうち（ていぶ）,長崎県,長崎市,中島川,長崎振興局,32.7524889,129.8990167,長崎県長崎市本河内２丁目,49.8,47
1100900700001,市房ダム,いちふさだむ,熊本県,球磨郡水上村,球磨川,熊本県,32.3202444,131.0126389,熊本県球磨郡水上村岩野,279,249
1100900700002,氷川ダム,ひかわだむ,熊本県,八代市,氷川,熊本県,32.5711056,130.7866028,熊本県八代市泉町下岳,164.4,156
1100900700003,上津浦ダム,こうつうらだむ,熊本県,天草市,上津浦川,熊本県,32.4771694,130.3247167,熊本県天草市有明町上津浦,142,121
1100900700004,亀川ダム,かめかわだむ,熊本県,天草市,亀川,熊本県,32.4319583,130.1349889,熊本県天草市枦宇土町道目木,103.5,94
1100900700005,石打ダム,いしうちだむ,熊本県,宇城市,波多川,熊本県,32.6434806,130.5192194,熊本県宇城市三角町中村,79.7,65.8
1100900700006,路木ダム,ろぎだむ,熊本県,天草市,路木川,熊本県,32.2821472,130.0871694,熊本県天草市河浦町路木,81.5,65.2
1100900700101,清願寺ダム,せいがんじだむ,熊本県,球磨郡あさぎり町,免田川,熊本県,32.1979167,130.9385556,熊本県球磨郡あさぎり町,,257.6
1100900700102,天君ダム,あまぎみだむ,熊本県,上益城郡御船町,矢形川,熊本県,32.7389722,130.8415,熊本県上益城郡御船町,,106
1126500700001,芹川ダム,せりかわだむ,大分県,竹田市,芹川,大分県土木建築部河川課,33.1397583,131.4408472,大分県竹田市直入町大字下田北,335,313
1126500700002,黒沢ダム,くろさわだむ,大分県,佐伯市,堅田川,大分県土木建築部河川課,32.8507472,131.8386972,大分県佐伯市大字青山,95.2,86.7
1126500700003,床木ダム,ゆかぎだむ,大分県,佐伯市,床木川,大分県土木建築部河川課,33.0162778,131.861225,大分県佐伯市弥生大字床木,88.5,81
1126500700004,北川ダム,きたがわだむ,大分県,佐伯市,北川,大分県土木建築部河川課,32.7908028,131.6078639,大分県佐伯市宇目大字南田原,160.5,131
1126500700005,野津ダム,のつだむ,大分県,臼杵市,大野川管内,大分県土木建築部河川課,32.9804333,131.7616167,大分県臼杵市野津町大字垣河内,238,228.3
1126500700006,稲葉ダム,いなばだむ,大分県,竹田市,稲葉川,大分県土木建築部河川課,32.9940333,131.2967806,大分県竹田市久住町大字白丹,437.8,434
1126500700007,安岐ダム,あきだむ,大分県,国東市,安岐川,大分県土木建築部河川課,33.4855111,131.6091389,大分県国東市安岐町矢川,153.7,147.5
1126500700008,青江ダム,あおえだむ,大分県,津久見市,青江川,大分県土木建築部河川課,33.0701639,131.8061194,大分県津久見市大字上青江,64,55.3
1126500700009,行入ダム,ぎょうにゅうだむ,大分県,国東市,横手川,大分県土木建築部河川課,33.5696528,131.6494444,大分県国東市国東町横手,128,115
1126500700010,玉来ダム,たまらいだむ,大分県,竹田市,玉来川,大分県土木建築部河川課,32.9697222,131.3075,大分県竹田市大字志土知西谷1813,,
1126500700101,松木ダム,まつきだむ,大分県,玖珠郡九重町,松木川,大分県農地・農村整備課,33.2868444,131.2186444,大分県玖珠郡九重町大字松木,499,476
1126500700102,下赤逆調整池ダム,しもあかぎゃくちょうせいちだむ,宮崎県,延岡市,北川,大分県企業局,32.7503889,131.6308889,宮崎県延岡市北川町下赤,41,
1152100700001,祝子ダム,ほうりだむ,宮崎県,延岡市,祝子川,宮崎県,32.7155556,131.5733333,宮崎県延岡市北川町川内名,319.1,297.7
1152100700002,渡川ダム,どかわだむ,宮崎県,東臼杵郡美郷町,渡川,宮崎県,32.3552778,131.3452778,宮崎県東臼杵郡美郷町南郷区中渡川,299,271
1152100700003,松尾ダム,まつおだむ,宮崎県,児湯郡木城町,小丸川,宮崎県,32.2838889,131.3713889,宮崎県児湯郡木城町大字中之又,205,180
1152100700004,綾北ダム,あやきただむ,宮崎県,小林市,綾北川,宮崎県,32.0972222,131.1419444,宮崎県小林市須木下田,291.5,261.5
1152100700005,綾南ダム,あやみなみだむ,宮崎県,小林市,本庄川,宮崎県,32.0577778,131.1216667,宮崎県小林市須木下田字中野,349.5,320.5
1152100700006,岩瀬ダム,いわせだむ,宮崎県,小林市,岩瀬川,宮崎県,31.9427778,131.1402778,宮崎県小林市野尻町東麓,120,109
1152100700007,瓜田ダム,うりただむ,宮崎県,宮崎市,瓜田川,宮崎県,31.9266667,131.3083333,宮崎県宮崎市高岡町小山田,38.5,35.1
1152100700008,田代八重ダム,たしろばえだむ,宮崎県,小林市,綾北川,宮崎県,32.1366667,131.1194444,宮崎県小林市須木下田,339.1,318
1152100700009,立花ダム,たちばなだむ,宮崎県,西都市,三財川,宮崎県,32.1319444,131.27,宮崎県西都市大字寒川,267,237
1152100700010,長谷(補助)ダム,はせ（ほじょ）だむ,宮崎県,西都市,三財川,宮崎県,32.1455556,131.3402778,宮崎県西都市大字三納字尾田所,110.4,109.6
1152100700011,日南ダム,にちなんだむ,宮崎県,日南市,酒谷川,宮崎県,31.6366667,131.2755556,宮崎県日南市大字酒谷,107.3,104.4
1152100700012,広渡ダム,ひろとだむ,宮崎県,日南市,広渡川,宮崎県,31.7163889,131.2691667,宮崎県日南市北郷町北河内,258.6,251.4
1152100700013,沖田ダム,おきただむ,宮崎県,延岡市,沖田川,宮崎県,32.5505556,131.6191667,宮崎県延岡市小野町5594-24,48,47
1177700700001,川辺ダム,かわなべだむ,鹿児島県,南九州市,万之瀬川,鹿児島県,31.4452778,130.4466667,鹿児島県南九州市川辺町大字神殿,150,143
1177700700002,大和ダム,やまとだむ,鹿児島県,大島郡大和村,三田川,鹿児島県,28.3427778,129.3866667,鹿児島県大島郡大和村大字思勝,37.1,30.6
1177700700003,西之谷ダム,にしのたにだむ,鹿児島県,鹿児島市,新川,鹿児島県,31.6013889,130.5025,鹿児島県鹿児島市西別府町,,43
1203300700001,金城ダム,きんじょうダム,沖縄県,那覇市,安里川,沖縄県,26.2125,127.7172222,沖縄県那覇市繁多川,36.4,26.8
1203300700003,我喜屋ダム,がきやダム,沖縄県,島尻郡伊平屋村,シチフ川,沖縄県,27.0258333,127.9602778,沖縄県島島尻郡伊平屋村字我喜屋,45.7,34.2
1203300700004,座間味ダム,ざまみダム,沖縄県,島尻郡座間味村,内川,沖縄県,26.2322222,127.3038889,沖縄県島尻郡座間味村座間味地内,16,7
1203300700006,儀間ダム,ぎまダム,沖縄県,島尻郡久米島町,儀間川,沖縄県,26.3452778,126.7880556,沖縄県島尻郡久米島町儀間地先,57.6,49.1
1920300700002,宇連ダム,うれだむ,愛知県,新城市,宇連川,水資源機構　豊川用水総合管理所,35.0088889,137.6486111,愛知県新城市川合字大嶋26,229.15,178.85
1920300700012,大島ダム,おおしまだむ,愛知県,新城市,大島川,水資源機構　豊川用水総合管理所,34.9833333,137.6647222,愛知県新城市,,
2053100700001,ペーパンダム,ぺーぱんだむ,北海道道北,旭川市,ペーパン川,農林水産省北海道開発局管内,43.7143611,142.6651944,北海道旭川市東旭川町字瑞穂,405,386.7
2053100700002,尾白利加ダム,おしらりかだむ,北海道道央,雨竜郡雨竜町,尾白利加川,農林水産省北海道開発局管内,43.6702778,141.7742778,北海道雨竜郡雨竜町字尾白利加185番地1,151.5,135.39
2053100700003,野花南ダム,のかなんだむ,北海道道央,芦別市,野花南川,農林水産省北海道開発局管内,43.4431111,142.2317778,北海道芦別市野花南町国有林４２３林班,191.2,172.2
2053100700004,幌新ダム,ほろしんだむ,北海道道央,雨竜郡沼田町,支線沢川,農林水産省北海道開発局管内,43.8865556,141.9304444,北海道雨竜郡沼田町字幌新172,103.5,86.6
2053100700005,月形ダム,つきがただむ,北海道道央,樺戸郡月形町,須部都川,農林水産省北海道開発局管内,43.3825278,141.6465556,北海道樺戸郡月形町字ポンスベツ1518番地先,109.2,94.4
2053100700006,新十津川ダム,しんとつかわだむ,北海道道央,樺戸郡新十津川町,ルークシュベツ川,農林水産省北海道開発局管内,43.5852778,141.7271944,北海道樺戸郡新十津川町字吉野３０８－２,114.8,95.45
2053100700007,日新ダム,にっしんだむ,北海道道北,空知郡上富良野町,ピリカ富良野川,農林水産省北海道開発局管内,43.4896389,142.5188056,北海道空知郡上富良野町字上富良野,307.8,291.2
2053100700008,当麻ダム,とうまだむ,北海道道北,上川郡当麻町,当麻川,農林水産省北海道開発局管内,43.8721111,142.5820556,北海道上川郡当麻町３２８７番１地先,211,197
2053100700009,青山ダム,あおやまだむ,北海道道央,石狩郡当別町,当別川,農林水産省北海道開発局管内,43.4773889,141.59425,北海道石狩郡当別町字青山5478番地先,142,122.7
2053100700010,沼田ダム,ぬまただむ,北海道道央,雨竜郡沼田町,幌新太刀別川,農林水産省北海道開発局管内,43.9108333,141.9260833,北海道雨竜郡沼田町字浅野空知森林管里署北空知支所482林班ぬ小班地先,132.7,111.6
2053100700011,神居ダム,かむいだむ,北海道道北,旭川市,オイチャヌンペ川,農林水産省北海道開発局管内,43.6024444,142.3438611,北海道旭川市新開,288.1,274.3
2053100700012,新区画ダム,しんくかくだむ,北海道道北,上川郡美瑛町,ニタチパウマナイ川,農林水産省北海道開発局管内,43.6006667,142.5126389,北海道上川郡美瑛町字新区画,291.6,271.1
2053100700013,幌向ダム,ほろむいだむ,北海道道央,岩見沢市,マップ川,農林水産省北海道開発局管内,43.164,141.9369167,北海道岩見沢市毛陽町474－2番地先,147.44,121.6
2053100700014,しろがねダム,しろがねだむ,北海道道北,上川郡美瑛町,オヤウンナイ川,農林水産省北海道開発局管内,43.4908333,142.5987778,北海道上川郡美瑛町字美瑛原野,512.5,475.5
2053100700015,上湯内ダム,かみゆないだむ,北海道道央,深川市,多度志川,農林水産省北海道開発局管内,43.79625,142.1524444,北海道深川市多度志町湯内７４１番地１地先,125.97,117.3
2053100700016,エルムダム,えるむだむ,北海道道央,赤平市,赤間沢川,農林水産省北海道開発局管内,43.6088056,142.0818056,北海道赤平市百戸町北520番,427,403
2053100700017,双葉ダム,ふたばだむ,北海道道央,虻田郡京極町,ペーペナイ川,農林水産省北海道開発局管内,42.9112778,140.9355556,虻田郡京極町字春日,412.5,389.5
2053100700018,真駒内ダム,まこまないだむ,北海道道南,久遠郡せたな町,真駒内川,農林水産省北海道開発局管内,42.4823333,139.9096667,北海道久遠郡せたな町北檜山区松岡１５８番１地先,75.54,62.1
2053100700019,穂別ダム,ほべつだむ,北海道道南,勇払郡むかわ町,穂別川,農林水産省北海道開発局管内,42.8848611,142.1794444,北海道勇払郡むかわ町穂別長和,173.2,158.9
2053100700020,美生ダム,びせいだむ,北海道道東,河西郡芽室町,美生川,農林水産省北海道開発局管内,42.8056944,142.8518056,北海道河西郡芽室町伏美２番地,400.7,389.2
2053100700021,幕別ダム,まくべつだむ,北海道道東,中川郡幕別町,稲士別川,農林水産省北海道開発局管内,42.8738889,143.2786667,北海道中川郡幕別町字日新３４番１地先,76.9,65.5
2053100700022,古梅ダム,ふるうめだむ,北海道道東,網走郡美幌町,石切川,農林水産省北海道開発局管内,43.6986944,144.2261389,北海道網走郡美幌町字古梅５８６番地,210.5,187
2053100700023,富里ダム,とみさとだむ,北海道道東,北見市,仁頃川,農林水産省北海道開発局管内,43.8553611,143.7531667,北海道北見市本沢,251.15,229.4
2053100700024,御料ダム,ごりょうだむ,北海道道北,名寄市,長根川,農林水産省北海道開発局管内,44.2426389,142.5002778,北海道名寄市風連町字日進,158.07,146.25
2053100700025,風連ダム,ふうれんだむ,北海道道北,名寄市,風連別川,農林水産省北海道開発局管内,44.2218333,142.5624722,北海道名寄市風連町字日進,251.7,238.9
2053100700080,恵岱別ダム,えたいべつだむ,北海道道央,雨竜郡北竜町,恵岱別川,農林水産省北海道開発局管内,43.7439444,141.7194444,北海道雨竜郡北竜町字竜西空知森林管里署北空知支所445林班ハ小班地先,213,193.92
2053100700081,雨煙内ダム,うえんないだむ,北海道道央,雨竜郡幌加内町,雨煙内川,農林水産省北海道開発局管内,44.0106111,142.1866667,北海道雨竜郡幌加内町字雨煙内６５３７番の４,197.5,182.35
2053100700082,中和ダム,ちゅうわだむ,北海道道北,上川郡和寒町,剣淵川,農林水産省北海道開発局管内,43.9811389,142.3778333,北海道上川郡和寒町字南丘,182.68,171.97
2053100700083,温根別ダム,おんねべつだむ,北海道道北,士別市,犬牛別川,農林水産省北海道開発局管内,44.0929167,142.2220278,北海道士別市温根別町,219.8,206
2053200700026,西郷ダム,にしごうだむ,福島県,西白河郡西郷村,鳥首川,農林水産省東北地整管内,37.1848333,140.0788333,福島県西白河郡西郷村大字鶴生字黒土,650,628
2053200700028,山王海ダム,さんのうかいだむ,岩手県,紫波郡紫波町,滝名川,農林水産省東北地整管内,39.5475278,141.0649444,岩手県紫波郡紫波町土館山王海国有林内,302,267
2053200700029,豊沢ダム,とよさわだむ,岩手県,花巻市,豊沢川,農林水産省東北地整管内,39.4805833,140.9742778,岩手県花巻市南豊沢山地先　,299.5,259.92
2053200700030,葛丸ダム,くずまるだむ,岩手県,花巻市,葛丸川,農林水産省東北地整管内,39.5127222,141.0523889,岩手県花巻市石鳥谷町大瀬川地先,269.1,246.7
2053200700031,相川ダム,あいかわだむ,岩手県,一関市,相川,農林水産省東北地整管内,38.7957222,141.2829444,岩手県一関市藤沢町黄海地先,95,77.7
2053200700033,煙山ダム,けむやまだむ,岩手県,紫波郡矢巾町,岩崎川,農林水産省東北地整管内,39.6159167,141.09925,岩手県紫波郡矢巾町字煙山,194,187.1
2053200700034,千松ダム,せんまつだむ,岩手県,一関市,二股川,農林水産省東北地整管内,38.8008889,141.4134722,岩手県一関市藤沢町大籠字大籠,158.5,148.5
2053200700035,大志田ダム,おおしだだむ,岩手県,二戸郡一戸町,平糠川,農林水産省東北地整管内,40.0891111,141.2956389,岩手県二戸郡一戸町宇別道白地先,388.1,369.9
2053200700036,早瀬野ダム,はやせのだむ,青森県,南津軽郡大鰐町,虹貝川,農林水産省東北地整管内,40.4671944,140.5454167,青森県南津軽郡大鰐町大字早瀬野地先,196,162.5
2053200700037,小田川ダム,おだがわだむ,青森県,五所川原市,小田川,農林水産省東北地整管内,40.8886111,140.5407222,青森県五所川原市金木町嘉瀬地先,103,83.4
2053200700038,浪岡ダム,なみおかだむ,青森県,青森市,王余魚沢川,農林水産省東北地整管内,40.7194167,140.6746389,青森県青森市浪岡大字王余魚沢字片子都谷森地先,157.8,123.7
2053200700039,二庄内ダム,にしょうないだむ,青森県,黒石市,二庄内川,農林水産省東北地整管内,40.5881111,140.7286667,青森県黒石市大字二庄内地先,387,335.5
2053200700040,新小戸六ダム,しんこどろくだむ,青森県,つがる市,山田川,農林水産省東北地整管内,40.7675278,140.3296111,青森県つがる市森田町床舞字鶴喰地先,30.26,17.26
2053200700042,桝沢ダム,ますざわだむ,山形県,最上郡金山町,舛沢川,農林水産省東北地整管内,38.8590556,140.3777778,山形県最上郡金山町大字下野明字桝沢地先,244,205
2053200700043,三又ダム,みつまただむ,山形県,鶴岡市,京田川,農林水産省東北地整管内,38.6540278,139.9833889,山形県鶴岡市羽黒町川代,336.3,332.8
2053200700085,岩洞ダム,がんどうだむ,岩手県,盛岡市,丹藤川,農林水産省東北地整管内,39.8269444,141.3733333,岩手県盛岡市玉山区薮川,697,686
2053200700111,大柿ダム,おおがきだむ,福島県,双葉郡浪江町,請戸川,農林水産省東北地整管内,37.5163889,140.8855556,福島県双葉郡浪江町大字室原,,
2053300700044,御前山ダム,ごぜんやまだむ,茨城県,常陸大宮市,相川,農林水産省関東地整管内,36.5530556,140.2875,茨城県常陸大宮市上伊勢畑,68,46
2053300700045,深山ダム,みやまだむ,栃木県,那須塩原市,那珂川,農林水産省関東地整管内,37.0891667,139.9044444,栃木県那須塩原市百村字深山地先,753,721
2053300700046,板室ダム,いたむろだむ,栃木県,那須塩原市,那珂川,農林水産省関東地整管内,37.0569444,139.9308333,栃木県那須塩原市板室字塩沢８４１番地,517.8,513.5
2053400700047,羽鳥ダム,はとりだむ,福島県,岩瀬郡天栄村,鶴沼川,農林水産省北陸地整管内,37.2713889,140.0752778,福島県岩瀬郡天栄村大字羽鳥字刈又,686,664
2053400700048,大深沢調整池,おおふかさわちょうせつち,福島県,喜多方市,大深沢,農林水産省北陸地整管内,37.5958333,139.9325,福島県喜多方市塩川町中屋沢字大深沢,258,244
2053400700049,新宮川ダム,しんみやかわだむ,福島県,大沼郡会津美里町,宮川,農林水産省北陸地整管内,37.3638889,139.7808333,福島県大沼郡会津美里町松坂字清水端,513.2,481.7
2053400700050,笹ヶ峰ダム,ささがみねだむ,新潟県,妙高市,関川,農林水産省北陸地整管内,36.8580556,138.0755556,新潟県妙高市大字杉野沢字宇棚,1220.3,1203
2053400700051,五位ダム,ごいだむ,富山県,高岡市,子撫川,農林水産省北陸地整管内,36.7525,136.8830556,富山県高岡市福岡町五位字島崎1669番外,187.6,161
2053400700122,外山ダム,とやまだむ,新潟県,佐渡市,羽茂川,農林水産省北陸地整管内,37.9152778,138.4033333,新潟県佐渡市上川茂地内,,
2053400700124,後谷ダム,うしろだにだむ,新潟県,柏崎市,鯖石川管内,農林水産省北陸地整管内,37.49,138.6802778,新潟県柏崎市西山町別山字蒲ヶ入地内,,
2053400700125,小倉ダム,おぐらだむ,新潟県,佐渡市,小倉川,農林水産省北陸地整管内,37.9516667,138.4427778,新潟県佐渡市大字小倉字西ノ平地,,
2053400700126,栃ヶ原ダム,とちがはらだむ,新潟県,柏崎市,境川,農林水産省北陸地整管内,37.1819444,138.6361111,新潟県柏崎市高柳町栃ヶ原地内,,
2053400700127,市野新田ダム,いちのしんでん,新潟県,柏崎市,石橋川,農林水産省北陸地整管内,37.2411111,138.5338889,新潟県柏崎市大字女谷,,
2053500700052,羽布ダム,はぶだむ,愛知県,豊田市,巴川,農林水産省中部地整管内,35.0350556,137.3979722,愛知県豊田市羽布町草木,467,432
2053600700053,山田ダム,やまだだむ,和歌山県,紀の川市,野田原川,農林水産省近畿地整管内,34.1934444,135.334,和歌山県紀の川市貴志川町高尾字梅ヶ内,93.6,68
2053600700054,野洲川ダム,やすがわだむ,滋賀県,甲賀市,野洲川,農林水産省近畿地整管内,34.9766667,136.3513889,滋賀県甲賀市土山町大河原,389.5,366
2053600700055,蔵王ダム,ざおうだむ,滋賀県,蒲生郡日野町,日野川,農林水産省近畿地整管内,34.9844444,136.3030556,滋賀県蒲生郡日野町蔵王,305.1,279.6
2053600700056,上津ダム,かみつだむ,奈良県,山辺郡山添村,遅瀬川,農林水産省近畿地整管内,34.6716111,136.0275833,奈良県山辺郡山添村西波多字ドウドウ３６５番地先,323.5,293.5
2053600700057,鴨川ダム,かもがわだむ,兵庫県,加東市,鴨川,農林水産省近畿地整管内,34.9300278,135.0722222,兵庫県加東市黒谷,141.77,113.22
2053600700078,一の木ダム,いちのきだむ,奈良県,五條市,古田川,農林水産省近畿地整管内,34.3286944,135.7247222,奈良県五條市西吉野町湯塩,178.3,162.9
2053600700141,常盤ダム,ときわだむ,兵庫県,淡路市,野島川,農林水産省近畿地整管内,34.5522222,134.9555556,兵庫県淡路市常盤,,
2053600700142,谷山ダム,たにやまだむ,兵庫県,淡路市,楠本川,農林水産省近畿地整管内,34.5636111,134.9941667,兵庫県淡路市楠本,,
2053600700143,島ノ瀬ダム,しまのせだむ,和歌山県,日高郡みなべ町,南部川,農林水産省近畿地整管内,33.8436111,135.3736111,和歌山県日高郡みなべ町大字東神野川字黒松,,
2053700700058,西原ダム,にしはらだむ,岡山県,勝田郡奈義町,長谷川,農林水産省中国地整管内,35.1258333,134.2011111,岡山県勝田郡奈義町西原字上月,268,245
2053700700059,京丸ダム,きょうまるだむ,広島県,世羅郡世羅町,京丸川,農林水産省中国地整管内,34.6088889,133.0086111,広島県世羅郡世羅町大字京丸,395.2,387
2053700700060,目谷ダム,めたにだむ,広島県,世羅郡世羅町,黒淵川,農林水産省中国地整管内,34.6386111,132.9780556,広島県世羅郡世羅町大字徳市字目谷地内,379.6,357.2
2053700700061,下蚊屋ダム,さがりかやだむ,鳥取県,日野郡江府町,俣野川,農林水産省中国地整管内,35.2941667,133.5541667,鳥取県日野郡江府町大字助沢字後山511、字川平486-1,492.45,465
2053700700079,坂根ダム,さかねだむ,島根県,仁多郡奥出雲町,室原川,農林水産省中国地整管内,35.095,133.1116667,島根県仁多郡奥出雲町八川2540番1地先,629.8,608.6
2053700700145,西高尾ダム,にしたかおだむ,鳥取県,東伯郡北栄町,西高尾川,農林水産省中国地整管内,35.4405556,133.7002778,鳥取県東伯郡北栄町西高尾,,
2053700700146,小田股ダム,こだまただむ,鳥取県,東伯郡琴浦町,洗川,農林水産省中国地整管内,35.4425,133.6425,鳥取県東伯郡琴浦町,,
2053700700147,船上山ダム,せんじょうざんだむ,鳥取県,東伯郡琴浦町,勝田川,農林水産省中国地整管内,35.4277778,133.6080556,鳥取県東伯郡琴浦町,,
2053800700062,佐古ダム,さこだむ,愛媛県,東温市,佐川川,農林水産省四国地整管内,33.7663056,132.8749444,愛媛県東温市下林,144.1,128.2
2053800700063,横谷調整池ダム,よこたにちょうせいちだむ,愛媛県,松山市,横谷川,農林水産省四国地整管内,33.8589722,132.8168889,愛媛県松山市食場,106.5,93.7
2053800700086,面河ダム,おもごだむ,愛媛県,上浮穴郡久万高原町,割石川,農林水産省四国地整管内,33.7177778,133.0327778,愛媛県上浮穴郡久万高原町大字仙野,680,635
2053800700148,志河川ダム,しこがわだむ,愛媛県,西条市,志河川,農林水産省四国地整管内,33.8513889,133.0238889,愛媛県西条市丹原町字志川,,
2053900700064,切原ダム,きりばるだむ,宮崎県,児湯郡川南町,切原川,農林水産省九州地整管内,32.2183056,131.4671944,宮崎県児湯郡川南町大字川南字大内藪,263.3,234.4
2053900700065,広沢ダム,ひろさわだむ,宮崎県,東諸県郡綾町,浦之名川,農林水産省九州地整管内,32.0068333,131.1866667,宮崎県東諸県郡綾町大字入野字小屋ヶ谷,176.2,159.2
2053900700066,天神ダム,てんじんだむ,宮崎県,都城市,境川,農林水産省九州地整管内,31.8185833,131.2302778,宮崎県都城市山之口町大字山之口字天神川原,305.5,286.2
2053900700067,木之川内ダム,このかわうちだむ,宮崎県,都城市,木之川内川,農林水産省九州地整管内,31.8696389,131.0091944,宮崎県都城市山田町山田長尾国有林,272.1,238.6
2053900700068,浜ノ瀬ダム,はまのせだむ,宮崎県,小林市,岩瀬川,農林水産省九州地整管内,32.0947222,131.0117222,宮崎県小林市須木烏田町字八重尾,377,358.2
2053900700069,中岳ダム,なかだけだむ,鹿児島県,曽於市,大淀川,農林水産省九州地整管内,31.6420556,131.0897222,鹿児島県曽於市末吉町南之郷字市林,354,322
2053900700070,谷川内ダム,たにかわうちだむ,鹿児島県,曽於市,谷川内川,農林水産省九州地整管内,31.7341667,130.94,鹿児島県曽於市財部町北俣字焼尾,292.2,264.5
2053900700071,高隈ダム,たかくまだむ,鹿児島県,鹿屋市,串良川,農林水産省九州地整管内,31.5084167,130.8594444,鹿児島県鹿屋市上高隈町小字後原,158,143
2053900700072,荒瀬ダム,あらせだむ,鹿児島県,肝属郡肝付町,荒瀬川,農林水産省九州地整管内,31.3386389,131.0116111,鹿児島県肝属郡肝付町波見字平石ノ向ヘ,144,123.6
2053900700073,合所ダム,ごうしょだむ,福岡県,うきは市,隈上川,農林水産省九州地整管内,33.3158056,130.8027222,福岡県うきは市浮羽町小塩,134,105.8
2053900700074,北山ダム,ほくざんだむ,佐賀県,佐賀市,嘉瀬川,農林水産省九州地整管内,33.4336389,130.2373056,佐賀県佐賀市富士町大字藤瀬地先,374.3,342
2053900700151,大蘇ダム,おおそ,熊本県,阿蘇郡産山村,大蘇川,農林水産省九州地整管内,32.9941667,131.2005556,熊本県阿蘇郡産山村,,
2053900700152,後川内ダム,うしろがわち,佐賀県,唐津市,後川内川,農林水産省九州地整管内,33.4455556,129.9205556,佐賀県唐津市大字後川内,,
2053900700153,日出生ダム,ひじゅう,大分県,玖珠郡玖珠町,日出生川,農林水産省九州地整管内,33.3561111,131.2488889,大分県玖珠郡玖珠町日出生字川底,,
2053900700154,輝北ダム,きほく,鹿児島県,鹿屋市,大鳥川,農林水産省九州地整管内,31.5483333,130.9008333,鹿児島県鹿屋市輝北町平房,,
2053900700155,打上ダム,うちあげ,佐賀県,唐津市,潟川,農林水産省九州地整管内,33.5072222,129.9022222,佐賀県唐津市鎮西町大字打上,,
2053900700156,藤ノ平ダム,ふじのひら,佐賀県,東松浦郡玄海町,有浦川,農林水産省九州地整管内,33.4644444,129.8855556,佐賀県東松浦郡玄海町大字藤の平,,
2053900700157,赤坂ダム,あかさか,佐賀県,唐津市,座川,農林水産省九州地整管内,33.4133333,129.8963889,佐賀県唐津市肥前町大字赤坂,,
2053900700158,高川ダム,こうがわ,鹿児島県,出水市,高川川,農林水産省九州地整管内,32.0647222,130.4119444,鹿児島県出水市下大川内平渡瀬,,
2053900700159,青鹿ダム,せいろく,宮崎県,児湯郡川南町,平田川,農林水産省九州地整管内,32.2236111,131.4825,宮崎県児湯郡川南町大字青鹿,,
2053900700160,上倉ダム,あげくら,佐賀県,唐津市,その他,農林水産省九州地整管内,33.4230556,129.8522222,佐賀県唐津市肥前町大字新木場,,
2053900700165,日指ダム,ひさしだむ,佐賀県,鹿島市,山蔵川,農林水産省九州地整管内,33.4366667,131.3013889,大分県杵築市山香町日指,,
2053900700167,徳之島ダム,とくのしま,鹿児島県,大島郡天城町,その他,農林水産省九州地整管内,27.775,128.9275,鹿児島県大島郡天城町大字瀬滝字住木野,,
2075700700001,金山ダム,かなやまだむ,北海道道北,空知郡南富良野町,空知川,札幌開発建設部,43.1272222,142.4416667,北海道空知郡南富良野町字金山,345,320
2075700700002,新桂沢ダム,しんかつらざわだむ,北海道道央,三笠市,幾春別川,札幌開発建設部,43.2394444,142.0022222,北海道三笠市桂沢,193.1,158
2075700700003,芦別ダム,あしべつだむ,北海道道央,芦別市,その他,札幌開発建設部,43.2844444,142.0994444,北海道芦別市奥芦別,335,334
2075700700004,漁川ダム,いざりがわだむ,北海道道央,恵庭市,漁川,札幌開発建設部,42.8444444,141.4483333,北海道恵庭市漁平,164.3,154.6
2075700700005,豊平峡ダム,ほうへいきょうだむ,北海道道央,札幌市,豊平川,札幌開発建設部,42.9144444,141.1541667,北海道札幌市南区定山渓7区,474.88,437.68
2075700700006,定山渓ダム,じょうざんけいだむ,北海道道央,札幌市,小樽内川,札幌開発建設部,42.985,141.1547222,北海道札幌市南区定山渓8区,381.5,325.3
2075700700009,鷹泊ダム,たかどまりだむ,北海道道央,深川市,雨竜川,北海道,43.9261111,142.0775,北海道深川市多度志町ヌップホロマップ,125,111
2075700700012,滝里ダム,たきさとだむ,北海道道央,芦別市,空知川,札幌開発建設部,43.445,142.2905556,北海道芦別市滝里町683,150.9,142.4
2075700700013,夕張シューパロダム,ゆうばりしゅーぱろだむ,北海道道央,夕張市,夕張川,札幌開発建設部,43.0233333,142.0991667,北海道夕張市南部青葉町,297,259.6
2079700700001,美利河ダム,ぴりかだむ,北海道道南,瀬棚郡今金町,後志利別川,函館開発建設部,42.4732278,140.2023861,北海道瀬棚郡今金町字美利河,119.65,110.65
2081700700005,二風谷ダム,にぶたにだむ,北海道道南,沙流郡平取町,沙流川,室蘭開発建設部,42.6294444,142.1519444,北海道沙流郡平取町字二風谷,45,40
2081700700006,平取ダム,びらとりだむ,北海道道南,沙流郡平取町,額平川,室蘭開発建設部,42.6802778,142.3863889,北海道沙流郡平取町字芽生,167.4,145
2099200700001,石羽根ダム,いしばねだむ,岩手県,北上市,和賀川,東北自然エネルギー株式会社,39.305,140.9541667,岩手県北上市和賀町横川目4地割,,
2101400700001,浅瀬石川ダム,あせいしがわだむ,青森県,黒石市,浅瀬石川,岩木川ダム統合管理事務所,40.5972222,140.69,青森県黒石市大字板留字杉の沢2,196,164
2101600700001,津軽ダム,つがるだむ,青森県,中津軽郡西目屋村,岩木川,岩木川ダム統合管理事務所,40.53825,140.2604444,青森県中津軽郡西目屋村大字居森平字寒沢１３８－２,204.9,170
2102400700001,四十四田ダム,しじゅうしだだむ,岩手県,盛岡市,北上川,北上川ダム統合管理事務所,39.7525,141.1488889,岩手県盛岡市下厨川字四十四田1番地,170,158
2102400700002,御所ダム,ごしょだむ,岩手県,盛岡市,雫石川,北上川ダム統合管理事務所,39.6933333,141.0286111,岩手県盛岡市繋字山根192-4,180,172.2
2102400700003,田瀬ダム,たせだむ,岩手県,花巻市,猿ヶ石川,北上川ダム統合管理事務所,39.3433333,141.3183333,岩手県花巻市東和町田瀬39-1-3,215,190
2102400700004,湯田ダム,ゆだだむ,岩手県,和賀郡西和賀町,和賀川,北上川ダム統合管理事務所,39.3013889,140.8847222,岩手県和賀郡西和賀町杉名畑44地割162-15,236.5,215
2102400700006,胆沢ダム,いさわだむ,岩手県,奥州市,胆沢川,北上川ダム統合管理事務所,39.1225,140.9205556,岩手県奥州市胆沢若柳字横岳前山６,345.6,304
2103700700001,鳴子ダム,なるこだむ,宮城県,大崎市,江合川,鳴子ダム管理所,38.7544444,140.7047222,宮城県大崎市鳴子温泉字岩渕2-8,254,231
2103800700001,釜房ダム,かまふさだむ,宮城県,柴田郡川崎町,碁石川,釜房ダム管理所,38.2022222,140.6975,宮城県柴田郡川崎町大字小野字大平山10-6,149.8,133
2103900700001,七ヶ宿ダム,しちかしゅくだむ,宮城県,刈田郡七ヶ宿町,白石川,七ヶ宿ダム管理所,37.9591667,140.5125,宮城県刈田郡七ヶ宿町字切通52-40,293.5,261.5
2104600700001,玉川ダム,たまがわだむ,秋田県,仙北市,玉川,玉川ダム管理所,39.8308333,140.6402778,秋田県仙北市田沢湖玉川字下水無92,397.4,353.7
2104700700001,森吉山ダム,もりよしざんだむ,秋田県,北秋田市,小又川,能代河川国道事務所,40.0361111,140.4572222,秋田県北秋田市根森田字姫ケ岱３１,156.7,143.2
2105700700001,寒河江ダム,さがえだむ,山形県,西村山郡西川町,寒河江川,最上川ダム統合管理事務所,38.4552778,140.0383333,山形県西村山郡西川町砂子関158,398.5,341.5
2105700700002,白川ダム,しらかわだむ,山形県,西置賜郡飯豊町,置賜白川,最上川ダム統合管理事務所,37.9730556,139.9236111,山形県西置賜郡飯豊町大字高峰字栗梨沢4215,336,312
2105700700004,長井ダム,ながいだむ,山形県,長井市,置賜野川,最上川ダム統合管理事務所,38.1008333,139.9572222,山形県長井市平野字北脇ノ沢4164-9,367.3,322
2105800700001,月山ダム,がっさんだむ,山形県,鶴岡市,梵字川,月山ダム管理所,38.5833333,139.8955556,山形県鶴岡市上名川字東山8-112,255,210
2106400700001,三春ダム,みはるだむ,福島県,田村郡三春町,大滝根川,三春ダム管理所,37.4036111,140.4747222,福島県田村郡三春町大字西方字中ノ内403-4,326,308.8
2106500700001,摺上川ダム,すりかみがわだむ,福島県,福島市,摺上川,摺上川ダム管理所,37.9261111,140.4155556,福島県福島市飯坂町茂庭字蝉狩野山25,296.5,245
2125900700001,渡良瀬遊水地,わたらせゆうすいち,埼玉県,加須市,渡良瀬川,利根川上流河川事務所,36.1986111,139.6805556,埼玉県加須市柏戸345,15,8.5
2126200700001,二瀬ダム,ふたせ,埼玉県,秩父市,荒川,二瀬ダム管理所,35.9419444,138.9091667,埼玉県秩父市大滝3875-1,542,501
2128000700004,荒川第一調節池,あらかわだいいちちょうせつち,埼玉県,戸田市,荒川,荒川上流河川事務所,35.8063889,139.6391667,埼玉県戸田市堤外地先,3.9,-6.3
2128000700005,浦山ダム,うらやまだむ,埼玉県,秩父市,浦山川,水資源機構　荒川ダム総合管理所,35.9522222,139.0541667,埼玉県秩父市荒川久那4041,393.3,304
2128000700006,滝沢ダム,たきざわだむ,埼玉県,秩父市,中津川,水資源機構　荒川ダム総合管理所　滝沢ダム管理所,35.9558333,138.8983333,埼玉県秩父市大滝,565,495
2128900700001,矢木沢ダム,やぎさわだむ,群馬県,利根郡みなかみ町,利根川,水資源機構　矢木沢ダム管理所,36.9111111,139.0541667,群馬県利根郡みなかみ町藤原,850,796.5
2128900700002,奈良俣ダム,ならまただむ,群馬県,利根郡みなかみ町,楢俣川,水資源機構　奈良俣ダム管理所,36.8825,139.0866667,群馬県利根郡みなかみ町藤原,888,800
2128900700003,藤原ダム,ふじわらだむ,群馬県,利根郡みなかみ町,利根川,利根川ダム統合管理事務所,36.8041667,139.0372222,群馬県利根郡みなかみ町夜後,651,624
2128900700004,相俣ダム,あいまただむ,群馬県,利根郡みなかみ町,赤谷川,利根川ダム統合管理事務所,36.7125,138.8927778,群馬県利根郡みなかみ町相俣,565,535
2128900700005,薗原ダム,そのはらだむ,群馬県,沼田市,片品川,利根川ダム統合管理事務所,36.6391667,139.1752778,群馬県沼田市利根町園原,564,543.5
2128900700006,下久保ダム,しもくぼだむ,埼玉県,児玉郡神川町,神流川,水資源機構　利根川上流総合管理所（下久保ダム管理,36.1277778,139.0227778,埼玉県児玉郡神川町大字矢納（右岸）,296.8,223.7
2128900700007,草木ダム,くさきだむ,群馬県,みどり市,渡良瀬川,水資源機構　渡良瀬川ダム総合管理所,36.5422222,139.3738889,群馬県みどり市東町大字座間,454,403.7
2128900700027,八ッ場ダム,やんばだむ,群馬県,吾妻郡長野原町,吾妻川,利根川ダム統合管理事務所,36.5569444,138.7141667,群馬県吾妻郡長野原町川原畑,583,536.3
2128900700030,中之条ダム,なかのじょうだむ,群馬県,吾妻郡中之条町,利根川管内,群馬県,36.6247222,138.7925,群馬県吾妻郡中之条町四万29-1,462.5,460
2128900700031,黒坂石ダム,くろさかいしだむ,群馬県,みどり市,黒坂石川,群馬県,36.5791667,139.4063889,群馬県みどり市東町沢入1180,536.5,529
2129200700001,品木ダム,しなき,群馬県,吾妻郡中之条町,湯川,品木ダム水質管理所,36.6280556,138.6336111,群馬県吾妻郡中之条町入山,910,908
2130900700001,川俣ダム,かわまた,栃木県,日光市,鬼怒川,鬼怒川ダム統合管理事務所,36.8780556,139.5202778,栃木県日光市川俣,976,930
2130900700002,川治ダム,かわじ,栃木県,日光市,鬼怒川,鬼怒川ダム統合管理事務所,36.8988889,139.6927778,栃木県日光市川治温泉川治,616,544
2130900700003,五十里ダム,いかり,栃木県,日光市,男鹿川,鬼怒川ダム統合管理事務所,36.9030556,139.7055556,栃木県日光市川治温泉川治,586,566
2130900700004,湯西川ダム,ゆにしがわ,栃木県,日光市,湯西川,鬼怒川ダム統合管理事務所,36.9344444,139.6630556,栃木県日光市西川,684,613
2132100700001,宮ヶ瀬ダム,みやがせ,神奈川県,相模原市,中津川,相模川水系広域ダム管理事務所,35.5427778,139.2494444,神奈川県相模原市緑区青山,286,206
2132100700002,宮ヶ瀬副ダム,みやがせふく,神奈川県,愛甲郡愛川町,中津川,相模川水系広域ダム管理事務所,35.5388889,139.2555556,神奈川県愛甲郡愛川町向原地先,153,141
2137700700001,小河内ダム,おごうちだむ,東京都,西多摩郡奥多摩町,多摩川管内,東京都水道局,35.7919444,139.05,東京都西多摩郡奥多摩町原５,526.5,425
2152700700001,大川ダム,おおかわだむ,福島県,会津若松市,阿賀川,阿賀川河川事務所,37.3463889,139.9119444,福島県会津若松市大戸町大字大川季平乙121,380,359
2152700700002,新郷ダム（利水・東北電力）,しんごうだむ,福島県,喜多方市,阿賀川,東北電力,37.6113889,139.7358333,福島県喜多方市高郷町塩坪字道北上下,161.75,159.5
2152700700003,片門ダム（利水・東北電力）,かたかどだむ,福島県,河沼郡会津坂下町,只見川,東北電力,37.565,139.7625,福島県河沼郡会津坂下町大字坂本字大川端,189.5,186.5
2152700700004,奥只見ダム（利水・電源開発）,おくただみだむ,福島県,南会津郡檜枝岐村,只見川,電源開発株式会社,37.1536111,139.2502778,福島県南会津郡檜枝岐村駒ヶ岳,750,690
2152700700005,田子倉ダム（利水・電源開発）,たごくらだむ,福島県,南会津郡只見町,只見川,電源開発株式会社,37.3102778,139.2877778,福島県南会津郡只見町大字田子倉字菅目,510,458
2152700700006,本名ダム（利水・東北電力）,ほんなだむ,福島県,大沼郡金山町,只見川,東北電力,37.4413889,139.4933333,福島県大沼郡金山町大字本名字唐倉,317,307
2152700700007,滝ダム（利水・電源開発）,たきだむ,福島県,大沼郡金山町,只見川,電源開発株式会社,37.3869444,139.3838889,福島県大沼郡金山町大字田沢字境の沢,354,349
2152700700010,揚川ダム（利水・東北電力）,あげかわだむ,新潟県,東蒲原郡阿賀町,阿賀川,東北電力,37.6933333,139.3872222,新潟県東蒲原郡阿賀町谷沢字新瀬,50.5,48
2152700700011,大鳥ダム（利水・電源開発）,おおとりだむ,福島県,南会津郡只見町,只見川,電源開発株式会社,37.215,139.2138889,福島県南会津郡只見町大字田子倉字管目,557,551
2152700700012,上田ダム（利水・東北電力）,うわだだむ,福島県,大沼郡金山町,只見川,東北電力,37.4827778,139.5375,福島県大沼郡金山町大字中川字下の牧,281.5,278.5
2152700700013,宮下ダム（利水・東北電力）,みやしただむ,福島県,大沼郡三島町,只見川,東北電力,37.4627778,139.6294444,福島県大沼郡三島町大字桑原字古和滝,254.5,249.5
2152700700014,柳津ダム（利水・東北電力）,やないづだむ,福島県,河沼郡柳津町,只見川,東北電力,37.5188889,139.7069444,福島県河沼郡柳津町大字飯谷字上川原,215,212
2152700700015,山郷ダム（利水・東北電力）,やまさとだむ,福島県,喜多方市,阿賀川,東北電力,37.6063889,139.6875,福島県喜多方市高郷町揚津字下原,140.8,138
2152700700016,上野尻ダム（利水・東北電力）,かみのじりだむ,福島県,耶麻郡西会津町,阿賀川,東北電力,37.6316667,139.6311111,福島県耶麻郡西会津町新郷大字豊洲字巻の上,125.5,123.5
2152700700017,豊実ダム（利水・東北電力）,とよみだむ,新潟県,東蒲原郡阿賀町,阿賀川,東北電力,37.6963889,139.5663889,新潟県東蒲原郡阿賀町豊実,105.455,102.875
2152700700018,鹿瀬ダム（利水・東北電力）,かのせだむ,新潟県,東蒲原郡阿賀町,阿賀川,東北電力,37.7055556,139.4694444,新潟県東蒲原郡阿賀町鹿瀬,78.1,76.6
2152700700025,只見ダム（電源開発）,ただみだむ,福島県,南会津郡只見町,只見川,電源開発株式会社,37.3355556,139.3016667,福島県南会津郡只見町大字石伏字後山,,
2152700700026,大津岐ダム(利水）,おおつまただむ,福島県,南会津郡檜枝岐村,大津岐川,電源開発株式会社,37.0479417,139.298675,福島県南会津郡檜枝岐村字駒ケ岳,,
2152800700001,大石ダム,おおいしだむ,新潟県,岩船郡関川村,大石川,羽越河川国道事務所,38.0302778,139.5672222,新潟県岩船郡関川村大字大石404-3,184,154
2152800700002,横川ダム,よこかわだむ,山形県,西置賜郡小国町,横川,羽越河川国道事務所,38.0358333,139.825,山形県西置賜郡小国町大字綱木箱口736,259.6,243.6
2153800700001,三国川ダム,さぐりがわだむ,新潟県,南魚沼市,三国川,三国川ダム管理所,37.0552778,139.0025,新潟県南魚沼市大字清水瀬686-59,427,394
2154500700001,大町ダム,おおまちだむ,長野県,大町市,高瀬川,大町ダム管理所,36.5140389,137.7819611,長野県大町市平2112-71,900,861.9
2154500700025,香坂ダム,こうさかだむ,長野県,佐久市,香坂川,長野県建設部河川課,36.265,138.5486111,長野県佐久市香坂,,803
2155500700028,御母衣ダム（利水）,みぼろだむ,岐阜県,大野郡白川村,庄川,電源開発株式会社,36.1380556,136.9105556,岐阜県大野郡白川村大字牧字マセ坂,760,695
2155600700006,宇奈月ダム,うなづきだむ,富山県,黒部市,黒部川,黒部河川事務所,36.8102778,137.5902778,富山県黒部市宇奈月町音澤,245,220
2156500700001,手取川ダム,てどりがわだむ,石川県,白山市,手取川,金沢河川国道事務所,36.2652778,136.6438889,石川県白山市字女原ソ18-1,465,405
2178100700009,越戸ダム,こしどだむ,愛知県,豊田市,矢作川,中部電力（株）,35.1217222,137.1986611,愛知県豊田市越戸町,58.39,57.06
2178200700001,小里川ダム,おりがわだむ,岐阜県,恵那市,小里川,庄内川河川事務所,35.3288889,137.3027778,岐阜県恵那市山岡町大字田代,371,353
2179300700006,矢作ダム,やはぎだむ,愛知県,豊田市,矢作川,矢作ダム管理所,35.2361111,137.4194444,愛知県豊田市閑羅瀬町東畑67番地,298,261
2179300700007,矢作第２ダム,やはぎだいにだむ,愛知県,豊田市,矢作川,中部電力（株）,35.24,137.3908333,愛知県豊田市旭町,209,206.5
2180100700007,蓮ダム,はちすだむ,三重県,松阪市,蓮川,蓮ダム管理所,34.3766667,136.2108333,三重県松阪市飯高町森1810,316,276
2181100700001,丸山ダム,まるやまだむ,岐阜県,加茂郡八百津町,木曽川,木曽川水系ダム統合管理事務所,35.4702778,137.1694444,岐阜県加茂郡八百津町八百津1276-2,179.8,170.8
2181100700005,味噌川ダム,みそがわだむ,長野県,木曽郡木祖村,木曽川,水資源機構　木曽川上流ダム総合管理所（味噌川ダム,35.9761111,137.7680556,長野県木曽郡木祖村大字小木曽2058-22,1122.5,1052.5
2181100700007,牧尾ダム（利水）,まきおだむ,長野県,木曽郡木曽町,王滝川,水資源機構　愛知用水総合管理所,35.8272222,137.6013889,長野県木曽郡木曽町三岳7696-1,880,832
2181100700008,阿木川ダム,あぎがわだむ,岐阜県,恵那市,阿木川,水資源機構　木曽川上流ダム総合管理所,35.4255556,137.4319444,岐阜県恵那市東野字花無山2201-79,412,363
2181100700009,岩屋ダム,いわやだむ,岐阜県,下呂市,馬瀬川,水資源機構　木曽川上流ダム総合管理所（岩屋ダム管,35.7616667,137.1597222,岐阜県下呂市金山町卯野原6-27,411,366
2181100700010,木曽川大堰（利水）,きそがわおおぜき,愛知県,稲沢市,木曽川,水資源機構　木曽川中下流用水総合管理所,35.2522222,136.6886111,愛知県稲沢市祖父江町馬飼寺東26-1,,
2181100700025,高根第１ダム,たかねだい１だむ,岐阜県,高山市,飛騨川,中部電力（株）,36.0319444,137.4930556,岐阜県高山市高根町大字上ヶ洞字髭多山74,1080,1035
2181100700026,高根第２ダム,たかねだい２だむ,岐阜県,高山市,飛騨川,中部電力（株）,36.0294444,137.4627778,岐阜県高山市高根町大字日影字下牧2-1,955,943
2181100700027,朝日ダム,あさひだむ,岐阜県,高山市,飛騨川,中部電力（株）,36.0763889,137.4122222,岐阜県高山市朝日町大字寺附字保木サコ148-2,872,830
2181100700028,秋神ダム,あきがみだむ,岐阜県,高山市,秋神川,中部電力（株）,36.0655556,137.3991667,岐阜県高山市朝日町大字小瀬ヶ洞字野尻1-2,872,830
2181100700029,久々野ダム,くぐのだむ,岐阜県,高山市,飛騨川,中部電力（株）,36.0738889,137.3911111,岐阜県高山市朝日町大字浅井字黒手995-2,793.5,790.5
2181100700031,東上田ダム,ひがしうえだだむ,岐阜県,下呂市,飛騨川,中部電力（株）,35.9419444,137.2511111,岐阜県下呂市大字坂下巾添232-1,504,501
2181100700033,下原ダム,しもはらだむ,岐阜県,下呂市,飛騨川,中部電力（株）,35.7072833,137.1825639,岐阜県下呂市大字福来字下登尾1091-6,268.3,266.22
2181100700036,馬瀬川第２,まぜがわだい２,岐阜県,下呂市,馬瀬川,中部電力（株）,35.7313889,137.14,岐阜県下呂市大字岩瀬字下毛廻津1803,314.5,303.5
2181100700040,川辺ダム,かわべだむ,岐阜県,加茂郡川辺町,飛騨川,中部電力（株）,35.4788889,137.0691667,岐阜県加茂郡川辺町下米田字追上109,94,92.5
2181100700052,横山ダム,よこやまだむ,岐阜県,揖斐郡揖斐川町,揖斐川,木曽川水系ダム統合管理事務所,35.5922222,136.4561111,岐阜県揖斐郡揖斐川町東横山1330,207.5,180
2181100700056,徳山ダム,とくやまだむ,岐阜県,揖斐郡揖斐川町,揖斐川,水資源機構　揖斐川・長良川総合管理所（徳山ダム管,35.6647222,136.4994444,岐阜県揖斐郡揖斐川町開田448,400,363.5
2181100700059,久瀬ダム,くぜだむ,岐阜県,揖斐郡揖斐川町,揖斐川,中部電力（株）,35.5616667,136.5019444,岐阜県揖斐郡揖斐川町久瀬東津汲字上山716,123.3,120.3
2181100700060,西平ダム,にしだいらだむ,岐阜県,揖斐郡揖斐川町,揖斐川,中部電力（株）,35.5144444,136.5336111,岐阜県揖斐郡揖斐川町北方字間戸3429-3,82.823,79.823
2181100700063,打上調整池,うちあげちょうせいち,岐阜県,大垣市,その他,水資源機構　木曽川中下流用水総合管理所（三重用水,35.2422222,136.4744444,岐阜県大垣市上石津町,213.1,194
2181100700067,加佐登調整池,かさどちょうせいち,三重県,鈴鹿市,椎山川,水資源機構　木曽川中下流用水総合管理所（三重用水,34.8980556,136.5252778,三重県鈴鹿市加佐登,46.8,32
2182400700001,新豊根ダム,しんとよねだむ,愛知県,北設楽郡豊根村,大入川,浜松河川国道事務所,35.1247222,137.7597222,愛知県北設楽郡豊根村大字古真立字月代1-3,474,435
2182400700002,佐久間ダム,さくまだむ,静岡県,浜松市,天竜川,電源開発株式会社,35.0994444,137.7941667,静岡県浜松市天竜区佐久間町佐久間,260,220
2182400700003,水窪ダム,みさくぼだむ,静岡県,浜松市,水窪川,電源開発株式会社,35.1847222,137.9316667,静岡県浜松市天竜区水窪町地頭方,505,465
2182400700004,秋葉ダム,あきはだむ,静岡県,浜松市,天竜川,電源開発株式会社,34.9722222,137.8283333,静岡県浜松市天竜区龍山町,108,104
2182400700005,船明ダム,ふなぎらだむ,静岡県,浜松市,天竜川,電源開発株式会社,34.8905556,137.8119444,静岡県浜松市天竜区船明,57,42
2182700700001,長島ダム,ながしまだむ,静岡県,榛原郡川根本町,大井川,長島ダム管理所,35.1666667,138.1544444,静岡県榛原郡川根本町梅地,470,432
2183100700001,小渋ダム,こしぶだむ,長野県,上伊那郡中川村,小渋川,天竜川ダム統合管理事務所,35.6055556,137.9775,長野県上伊那郡中川村大草6884-19,613,588.7
2183100700002,美和ダム,みわだむ,長野県,伊那市,三峰川,天竜川ダム統合管理事務所,35.8133333,138.0819444,長野県伊那市長谷非持345,815,796.5
2183100700006,釜口水門（利水）,かまぐちすいもん,長野県,岡谷市,天竜川,諏訪建設事務所,36.0530556,138.0530556,長野県岡谷市湊1-9-5,,
2183100700007,横川ダム,よこかわだむ,長野県,上伊那郡辰野町,横川川,伊那建設事務所,35.9780556,137.9069444,長野県上伊那郡辰野町横川,903,900.5
2183100700009,高遠ダム,たかとおだむ,長野県,伊那市,三峰川,長野県企業局,35.8297222,138.0630556,長野県伊那市高遠町東高遠花畑466,754.5,752.3
2183100700010,松川ダム,まつかわだむ,長野県,飯田市,松川,飯田建設事務所,35.5283333,137.7819444,長野県飯田市上飯田,678.5,660
2183100700011,片桐ダム,かたぎりだむ,長野県,下伊那郡松川町,松川,飯田建設事務所,35.6183333,137.8533333,長野県下伊那郡松川町上片桐,896.9,884
2206100700001,権現ダム,ごんげんだむ,兵庫県,加古川市,加古川,兵庫県企業局,34.8183333,134.875,兵庫県加古川市平荘町上原,48.2,
2206100700002,平荘ダム,へいそうだむ,兵庫県,加古川市,加古川,兵庫県企業局,34.7911111,134.8552778,兵庫県加古川市平荘町池尻,,
2206100700003,川代ダム,かわしろだむ,兵庫県,丹波篠山市,篠山川,農林水産省（近畿農政局）,35.0802778,135.16,兵庫県丹波篠山市大山下,,
2206100700004,大川瀬ダム,おおかわせだむ,兵庫県,三田市,加古川,農林水産省（近畿農政局）,34.9463889,135.1169444,兵庫県三田市大川瀬,177.65,
2206100700005,呑吐ダム,どんどだむ,兵庫県,三木市,加古川,農林水産省（近畿農政局）,34.7733333,135.0719444,兵庫県三木市志染町三津田,143,
2206100700006,糀屋ダム,こうじやだむ,兵庫県,多可郡多可町,加古川,農林水産省（近畿農政局）,35.0291667,134.9130556,兵庫県多可郡多可町中区糀谷新田,159,
2206100700007,明石川注水口,あかしがわちゅうすいこう,兵庫県,神戸市,加古川,農林水産省（近畿農政局）,34.7504444,135.0476722,兵庫県神戸市西区押部谷町押部,,
2206100700008,高田頭首工,たかだとうしゅこう,兵庫県,多可郡多可町,加古川,農林水産省（近畿農政局）,35.0667667,134.9113389,兵庫県多可郡多可町中区安楽田,,
2206100700009,大屋頭首工,おおやとうしゅこう,兵庫県,多可郡多可町,加古川,農林水産省（近畿農政局）,35.0549444,134.8750694,兵庫県多可郡多可町八千代区大屋,,
2206100700010,赤坂頭首工,あかさかとうしゅこう,兵庫県,多可郡多可町,加古川,農林水産省（近畿農政局）,35.0214333,134.8864528,兵庫県多可郡多可町八千代区門田,,
2206100700011,柳頭首工,やなぎとうしゅこう,兵庫県,多可郡多可町,加古川,農林水産省（近畿農政局）,34.9977361,134.8761556,兵庫県多可郡多可町八千代区大和,,
2206700700001,天ヶ瀬ダム,あまがせだむ,京都府,宇治市,宇治川,淀川ダム統合管理事務所,34.8797222,135.8280556,京都府宇治市槇島町槇尾山,78.5,58
2206700700004,室生ダム(機構),むろうだむ,奈良県,宇陀市,宇陀川,水資源機構　室生ダム管理所,34.5563889,136.0063889,奈良県宇陀市室生区大字大野3846,295.5,272
2206700700005,青蓮寺ダム(機構),しょうれんじだむ,三重県,名張市,青蓮寺川,水資源機構　青蓮寺ダム管理所,34.6047222,136.1216667,三重県名張市中知山字下ン田1-166,277,241.5
2206700700006,高山ダム(機構),たかやまだむ,京都府,相楽郡南山城村,名張川,水資源機構　高山ダム管理所,34.7530556,136.0130556,京都府相楽郡南山城村大字田山字ツルギ43,135,104
2206700700007,布目ダム(機構),ぬのめだむ,奈良県,奈良市,布目川,水資源機構　布目ダム管理所,34.7013889,135.9775,奈良県奈良市北野山町字長町869番地-2,284,256
2206700700008,日吉ダム(機構),ひよしだむ,京都府,南丹市,桂川,水資源機構　桂川・猪名川ダム総合管理所,35.1483333,135.5197222,京都府南丹市日吉町中神子ヶ谷68,191.4,164.4
2206700700009,比奈知ダム(機構),ひなちだむ,三重県,名張市,名張川,水資源機構　比奈知ダム管理所,34.6127778,136.155,三重県名張市上比奈知字熊走り1706,301,268.3
2206700700010,川上ダム(機構),かわかみだむ,三重県,伊賀市,前深瀬川,水資源機構　川上ダム管理所,34.6566667,136.1858333,三重県伊賀市阿保２１７１番地１２,262,227.3
2207000700001,一庫ダム(機構),ひとくらだむ,兵庫県,川西市,一庫大路次川,水資源機構　桂川・猪名川ダム総合管理所（一庫ダム,34.9052778,135.4116667,兵庫県川西市一庫字唐松,149,108
2207700700001,猿谷ダム（利水）,さるたにだむ,奈良県,五條市,熊野川,紀の川ダム統合管理事務所,34.18,135.7433333,奈良県五條市大塔町辻堂,436,412
2207700700002,九尾ダム（利水）,つづらおだむ,奈良県,吉野郡天川村,熊野川,関西電力,34.2133333,135.835,奈良県吉野郡天川村大字九尾横杉山,571,565
2207700700003,川迫ダム（利水）,こうせだむ,奈良県,吉野郡天川村,熊野川,関西電力,34.2186111,135.8977778,奈良県吉野郡天川村大字北角字中井谷,747,737
2207700700004,大迫ダム（利水）,おおさこだむ,奈良県,吉野郡川上村,紀の川,農林水産省（近畿農政局）,34.2739889,136.0125333,奈良県吉野郡川上村,398,351
2207700700005,津風呂ダム（利水）,つふろだむ,奈良県,吉野郡吉野町,津風呂川,農林水産省（近畿農政局）,34.3996944,135.8911111,奈良県吉野郡吉野町,236.5,200
2207700700006,大滝ダム,おおたきだむ,奈良県,吉野郡川上村,紀の川,紀の川ダム統合管理事務所,34.3541667,135.9355556,奈良県吉野郡川上村大字大滝,321,271
2208800700001,坂本ダム（電発）,さかもとだむ,奈良県,吉野郡上北山村,東ノ川,電源開発株式会社,34.0897222,136.05,奈良県吉野郡上北山村小,387.5,347.5
2208800700002,池原ダム（電発）,いけはらだむ,奈良県,吉野郡下北山村,北山川,電源開発株式会社,34.0408333,135.9744444,奈良県吉野郡下北山村上池,318,283
2208800700003,七色ダム（電発）,なないろだむ,和歌山県,東牟婁郡北山村,北山川,電源開発株式会社,33.9605556,136.0016667,和歌山県東牟婁郡北山村七色,190,186.5
2208800700004,二津野ダム（電発）,ふたつのだむ,奈良県,吉野郡十津川村,熊野川,電源開発株式会社,33.9091667,135.7816667,奈良県吉野郡十津川村桑畑,132,127.5
2208800700005,小森ダム（電発）,こもりだむ,三重県,熊野市,北山川,電源開発株式会社,33.9338889,135.9275,三重県熊野市紀和町小森,118,113
2208800700006,風屋ダム（電発）,かざやだむ,奈良県,吉野郡十津川村,熊野川,電源開発株式会社,34.0416667,135.7872222,奈良県吉野郡十津川村野尻,295,265
2209900700001,九頭竜ダム,くずりゅうだむ,福井県,大野市,九頭竜川,九頭竜川ダム統合管理事務所,35.8886111,136.6894444,福井県大野市長野第33号4番地の1,560,529
2209900700002,真名川ダム,まながわだむ,福井県,大野市,真名川,九頭竜川ダム統合管理事務所,35.9188889,136.5416667,福井県大野市下若生子26字,365,331
2229300700001,菅沢ダム,すげさわだむ,鳥取県,日野郡日南町,印賀川,日野川河川事務所,35.205,133.3136111,鳥取県日野郡日南町菅沢字川西山112-10,388,353.1
2229700700001,殿ダム,とのだむ,鳥取県,鳥取市,袋川,鳥取河川国道事務所,35.4491667,134.3423639,鳥取県鳥取市国府町殿206-4,182.8,163
2230300700001,尾原ダム,おばらだむ,島根県,雲南市,斐伊川,出雲河川事務所,35.2247222,132.9616667,島根県雲南市木次町平田211-5,205,174
2230300700002,志津見ダム,しつみだむ,島根県,飯石郡飯南町,神戸川,出雲河川事務所,35.1694444,132.6780556,島根県飯石郡飯南町角井1891-20,245.7,232.3
2231300700002,苫田ダム,とまただむ,岡山県,苫田郡鏡野町,吉井川,苫田ダム管理所,35.1313889,133.8897222,岡山県苫田郡鏡野町久田下原地先,210.5,189
2232700700001,三川ダム,みかわだむ,広島県,世羅郡世羅町,芦田川,広島県,34.6158333,133.1041667,広島県世羅郡世羅町伊尾,320,287
2232700700002,八田原ダム,はったばらだむ,広島県,世羅郡世羅町,芦田川,八田原ダム管理所,34.5905556,133.1469444,広島県世羅郡世羅町大字小谷字苦谷山,235,204.5
2232800700002,土師ダム,はじだむ,広島県,安芸高田市,江の川,土師ダム管理所,34.6447222,132.6227778,広島県安芸高田市八千代町土師369-24,254.4,234.7
2232800700003,灰塚ダム,はいづかだむ,広島県,三次市,上下川,三次河川国道事務所,34.7812278,132.9889778,広島県三次市三良坂町仁賀1575,231.2,222.7
2233300700005,温井ダム,ぬくいだむ,広島県,山県郡安芸太田町,滝山川,温井ダム管理所,34.6347222,132.2991667,広島県山県郡安芸太田町大字加計地先,360,289
2233300700008,弥栄ダム,やさかだむ,広島県,大竹市,小瀬川,弥栄ダム管理所,34.2311111,132.1625,広島県大竹市小方町小方字前飯谷793-1,106,53
2234700700001,島地川ダム,しまぢがわだむ,山口県,周南市,島地川,山口河川国道事務所,34.17,131.7744444,山口県周南市大字高瀬字青ヶ平257,286.5,247.5
2255100700001,長安口ダム,ながやすぐちだむ,徳島県,那賀郡那賀町,那賀川,那賀川河川事務所,33.8088889,134.3602778,徳島県那賀郡那賀町長安向イ22-1,225,195
2255100700011,小見野々ダム,こみののだむ,徳島県,那賀郡那賀町,那賀川,四国電力,33.8061222,134.2449472,徳島県那賀郡那賀町木頭助字小見野々,314,296
2255200700001,大橋ダム,おおはしだむ,高知県,吾川郡いの町,吉野川,四国電力,33.7700139,133.3368583,高知県吾川郡いの町脇ノ山字横野,574,535
2255200700002,長沢ダム,ながさわだむ,高知県,吾川郡いの町,吉野川,四国電力,33.7286222,133.2840722,高知県吾川郡いの町長沢字長沢山,663.7,628
2255200700003,大森川ダム,おおもりかわだむ,高知県,吾川郡いの町,大森川,四国電力,33.6945167,133.2498528,高知県吾川郡いの町越裏門字奥南川,780,745
2255200700004,早明浦ダム（機構）,さめうらだむ,高知県,土佐郡土佐町,吉野川,水資源機構　吉野川上流総合管理所,33.7558333,133.5480556,高知県土佐郡土佐町中島地先,330.2,275
2255200700005,柳瀬ダム,やなせだむ,愛媛県,四国中央市,銅山川,吉野川ダム統合管理事務所,33.9366667,133.5694444,愛媛県四国中央市金砂町小川山地先,289.5,257
2255200700006,新宮ダム（機構）,しんぐうだむ,愛媛県,四国中央市,銅山川,水資源機構　吉野川上流総合管理所,33.9566667,133.625,愛媛県四国中央市新宮町馬立地先,234.2,211
2255200700007,池田ダム（機構）,いけだだむ,徳島県,三好市,吉野川,水資源機構　吉野川上流総合管理所,34.0341667,133.8063889,徳島県三好市池田町西山谷尻地先,88.1,87.5
2255200700008,稲村ダム,いなむらだむ,高知県,土佐郡土佐町,瀬戸川,四国電力,33.7386333,133.3720056,高知県土佐郡土佐町瀬戸字シウロヲ,1123,1098
2255200700009,富郷ダム（機構）,とみさとだむ,愛媛県,四国中央市,銅山川,水資源機構　吉野川上流総合管理所,33.8841667,133.4783333,愛媛県四国中央市富郷町津根山地先,445,400
2255200700010,別子ダム,べっしだむ,愛媛県,新居浜市,銅山川,住友共同電力,33.85,133.3469444,愛媛県新居浜市別子山,845,
2255200700011,銅山川ダム群,どうざんがわだむぐん,愛媛県,四国中央市,銅山川,吉野川ダム統合管理事務所,,,愛媛県四国中央市,,
2255200700013,三縄ダム,みなわだむ,徳島県,三好市,祖谷川,四国電力,33.956275,133.791225,徳島県三好市池田町大利大申,154,151
2255200700014,穴内川ダム,あなないがわだむ,高知県,香美市,穴内川,四国電力,33.6808639,133.6550333,高知県香美市土佐山田町樫谷字ウドサコ,418,378
2255900700002,大渡ダム,おおどだむ,高知県,吾川郡仁淀川町,仁淀川,大渡ダム管理所,33.5441667,133.1147222,高知県吾川郡仁淀川町,204,174
2255900700011,面河第三ダム,おもごだいさんだむ,愛媛県,上浮穴郡久万高原町,仁淀川,四国電力,33.5405,133.0419333,愛媛県上浮穴郡久万高原町中津字休場,250,243.3
2255900700012,筏津ダム,いかだづだむ,高知県,高岡郡越知町,仁淀川,四国電力,33.5622806,133.2123611,高知県高岡郡越知町大字野老山シミズ,73,71
2256000700001,中筋川ダム,なかすじがわだむ,高知県,宿毛市,中筋川,渡川ダム統合管理事務所,32.9275333,132.8107917,高知県宿毛市平田町黒川,74.1,49
2256000700002,横瀬川ダム,よこぜがわだむ,高知県,宿毛市,横瀬川,渡川ダム統合管理事務所,33.012325,132.8159528,高知県宿毛市山奈町山田,131.9,108.6
2256900700001,石手川ダム,いしてがわだむ,愛媛県,松山市,石手川,松山河川国道事務所,33.8788889,132.8386111,愛媛県松山市宿野町,201.2,174.7
2257000700001,野村ダム,のむらだむ,愛媛県,西予市,肱川,肱川ダム統合管理事務所,33.3605556,132.6283333,愛媛県西予市野村町野村8-153-1,169.4,148
2257000700002,鹿野川ダム,かのがわだむ,愛媛県,大洲市,肱川,肱川ダム統合管理事務所,33.4508333,132.6869444,愛媛県大洲市肱川町　,86,66.5
2278400700101,瀬戸石ダム,せといしだむ,熊本県,球磨郡球磨村,球磨川,電源開発株式会社,32.3583333,130.6402778,熊本県球磨郡球磨村神瀬,50,47
2278400700102,芋洗谷調整池ダム,いもあらいだにちょうせいちだむ,宮崎県,西臼杵郡高千穂町,五ヶ瀬川,JNC株式会社,32.7186667,131.2851389,宮崎県西臼杵郡高千穂町大字押方,309.09,
2278400700103,星山ダム,ほしやまだむ,宮崎県,西臼杵郡日之影町,五ヶ瀬川,旭化成株式会社,32.6218611,131.4278611,宮崎県西臼杵郡日之影町大字分城字田吹,78.2,
2281500700006,松原ダム,まつばらだむ,大分県,日田市,筑後川,筑後川ダム統合管理事務所,33.1944444,130.9933333,大分県日田市大山町西大山松原ダム管理支所,273,236
2281500700007,下筌ダム,しもうけだむ,熊本県,阿蘇郡小国町,津江川,筑後川ダム統合管理事務所,33.1594444,130.9852778,熊本県阿蘇郡小国町大字黒渕（下筌ダム管理支所）,336,290
2281500700008,寺内ダム,てらうちだむ,福岡県,朝倉市,佐田川,水資源機構　寺内ダム管理所,33.4275,130.7252778,福岡県朝倉市荷原1516-1,120.1,93
2281500700009,江川ダム,えがわだむ,福岡県,朝倉市,小石原川,水資源機構　両筑平野用水管理所,33.4600556,130.7338333,福岡県朝倉市江川1660-67,225,176
2281500700018,大山ダム,おおやまだむ,大分県,日田市,赤石川,水資源機構　大山ダム管理所,33.2444444,130.9558333,大分県日田市大山町西大山2008-1,245,206.2
2281500700019,小石原川ダム,こいしわらがわだむ,福岡県,朝倉市,小石原川,水資源機構　小石原川ダム管理所,33.4647222,130.7636111,福岡県朝倉市江川2815-20,349.1,279.3
2281900700001,嘉瀬川ダム,かせがわだむ,佐賀県,佐賀市,嘉瀬川,佐賀河川事務所,33.39,130.2147222,佐賀県佐賀市富士町大字畑瀬地先,292.5,245.5
2282500700001,緑川ダム,みどりかわだむ,熊本県,下益城郡美里町,緑川,緑川ダム管理所,32.6283333,130.9077778,熊本県下益城郡美里町畝野3456,177,150.7
2282500700002,船津ダム,ふなつだむ,熊本県,下益城郡美里町,緑川,熊本県,32.6313889,130.8930556,熊本県下益城郡美里町,112,108
2282500700005,幸野ダム,こうのだむ,熊本県,球磨郡湯前町,球磨川,熊本県,32.3063889,131.0030556,熊本県球磨郡湯前町,205.5,203.65
2282500700006,阿蘇立野ダム,あそたてのだむ,熊本県,阿蘇郡南阿蘇村,白川,熊本河川国道事務所,32.875,130.9736111,熊本県阿蘇郡南阿蘇村大字立野,,203.5
2282600700001,竜門ダム,りゅうもんだむ,熊本県,菊池市,迫間川,菊池川河川事務所,33.0369444,130.8469444,熊本県菊池市竜門,274.5,219
2283500700001,ななせダム,ななせだむ,大分県,大分市,大分川管内,大分河川国道事務所,33.1280556,131.4955556,大分県大分市大字下原1546-4,176.4,154.5
2283500700101,若杉ダム,わかすぎだむ,大分県,由布市,白滝川,大分県農地・農村整備課,33.2874167,131.3475833,大分県由布市湯布院町,571.4,558.9
2283500700102,大谷ダム,おおたにだむ,熊本県,阿蘇郡高森町,大谷川,大分県農地・農村整備課,32.8555556,131.2616667,熊本県阿蘇郡高森町,678.97,665.38
2283500700104,師田原ダム,したはらだむ,大分県,豊後大野市,十時川,大分県農地・農村整備課,33.0730556,131.5258333,大分県豊後大野市,291.8,265
2283600700001,耶馬溪ダム,やばけいだむ,大分県,中津市,山移川,山国川河川事務所,33.4475,131.1252778,大分県中津市耶馬渓町大字柿坂1806-6,162,142.5
2285600700001,鶴田ダム,つるだだむ,鹿児島県,薩摩郡さつま町,川内川,鶴田ダム管理所,31.9886111,130.4913889,鹿児島県薩摩郡さつま町神子3988-2,160,115.6
2285600700002,川内川第二ダム　参考値,せんだいがわだいにだむ　さんこうち,鹿児島県,薩摩郡さつま町,川内川,電源開発株式会社,31.9591111,130.4994083,鹿児島県薩摩郡さつま町鶴田4894-1,58,53
2286500700011,厳木ダム,きゅうらぎだむ,佐賀県,唐津市,厳木川,武雄河川事務所,33.3266667,130.1027778,佐賀県唐津市厳木町大字広瀬,199.1,168.1
2286800700101,小ヶ倉ダム,こがくらだむ,長崎県,諫早市,小ヶ倉川,長崎県,32.8205556,130.0541667,長崎県諫早市小川町６９２－１,26,12.5
2304100700001,福地ダム,ふくじだむ,沖縄県,国頭郡東村,福地川,北部ダム統合管理事務所,26.6436111,128.1775,沖縄県国頭郡東村字川田中上原1105-108,83.5,44.6
2304100700004,新川ダム,あらかわだむ,沖縄県,国頭郡東村,新川川,北部ダム統合管理事務所,26.6763889,128.2472222,沖縄県国頭郡東村字高江高江原466-1,158,150
2304100700007,安波ダム,あはだむ,沖縄県,国頭郡国頭村,安波川,北部ダム統合管理事務所,26.71,128.2697222,沖縄県国頭郡国頭村字安波川瀬原1301-22,103.5,65
2304100700008,普久川ダム,ふんがわだむ,沖縄県,国頭郡国頭村,普久川,北部ダム統合管理事務所,26.7416667,128.2797222,沖縄県国頭郡国頭村字安田福地原1285-90,127,120
2304100700011,辺野喜ダム,べのきだむ,沖縄県,国頭郡国頭村,辺野喜川,北部ダム統合管理事務所,26.7869444,128.2569444,沖縄県国頭郡国頭村字辺野喜大川山1567-177,173,163.5
2304100700014,漢那ダム,かんなだむ,沖縄県,国頭郡宜野座村,漢那福地川,北部ダム統合管理事務所,26.4802778,127.9522222,沖縄県国頭郡宜野座村字漢那中山原2015-2,27.8,7.1
2304100700015,羽地ダム,はねじだむ,沖縄県,名護市,羽地大川,北部ダム統合管理事務所,26.6075,128.0205556,沖縄県名護市田井等1017-8,65,33
2304100700024,大保ダム,たいほだむ,沖縄県,国頭郡大宜味村,大保川,北部ダム統合管理事務所,26.6533333,128.1461111,沖縄県国頭郡大宜味村字田港地先,68,23
2304100700025,金武ダム,きんだむ,沖縄県,国頭郡金武町,億首川,北部ダム統合管理事務所,26.4677778,127.9338889,沖縄県国頭郡金武町字金武地先,21.5,6
2304100700841,倉敷ダム,くらしきだむ,沖縄県,うるま市,比謝川,沖縄県ダム事務所,26.3844444,127.8066667,沖縄県うるま市字楚南地先,64.2,48
2329700700001,岩尾内ダム,いわおないだむ,北海道道北,士別市,天塩川,旭川開発建設部,44.1152778,142.7072222,北海道士別市朝日町岩尾内,320.55,289.45
2329700700004,大雪ダム,たいせつだむ,北海道道北,上川郡上川町,石狩川,旭川開発建設部,43.6763889,143.0366667,北海道上川郡上川町字層雲峡大学平,807.42,774.12
2329700700006,忠別ダム,ちゅうべつだむ,北海道道北,上川郡東川町,忠別川,旭川開発建設部,43.6275,142.6302778,北海道上川郡東川町東20号,413.92,387.42
2329700700007,サンルダム,さんるだむ,北海道道北,上川郡下川町,サンル川,旭川開発建設部,44.3316667,142.6297222,北海道上川郡下川町珊瑠,167.32,158.72
2331700700001,留萌ダム,るもいだむ,北海道道北,留萌市,チバベリ川,留萌開発建設部,43.8352778,141.7627778,北海道留萌市大字留萌村字チバベリ,40.85,30.05
2333700700003,鹿ノ子ダム,かのこだむ,北海道道東,常呂郡置戸町,常呂川,網走開発建設部,43.6066667,143.3869444,北海道常呂郡置戸町字常元,450.53,429.23
2335700700003,十勝ダム,とかちだむ,北海道道東,上川郡新得町,十勝川,帯広開発建設部,43.2416667,142.9416667,北海道上川郡新得町字屈足,337,308.9
2335700700005,屈足ダム,くったりだむ,北海道道東,上川郡新得町,十勝川,電源開発株式会社,43.1488889,142.9097222,北海道上川郡新得町字屈足763-5,206,204.1
2335700700006,糠平ダム,ぬかびらだむ,北海道道東,河東郡上士幌町,その他,電源開発株式会社,43.3730556,143.2208333,北海道河東郡上士幌町字黒石平,520,490
2335700700007,元小屋ダム,もとごやだむ,北海道道東,河東郡上士幌町,その他,電源開発株式会社,43.3455556,143.2675,北海道河東郡上士幌町字黒石平,403,399.5
2335700700008,札内川ダム,さつないがわだむ,北海道道東,河西郡中札内村,札内川,帯広開発建設部,42.5897222,142.9238889,北海道河西郡中札内村南札内,474,447.5
2335700700009,活込ダム,かっこみだむ,北海道道東,中川郡本別町,その他,電源開発株式会社,43.2333333,143.4791667,北海道中川郡本別町字美里別,176.5,170
2335700700010,仙美里ダム,せんびりだむ,北海道道東,足寄郡足寄町,その他,電源開発株式会社,43.2022222,143.5819444,北海道足寄郡足寄町郊南2丁目33,80.9,80.2
2335700700011,幌加ダム,ほろかだむ,北海道道東,河東郡上士幌町,その他,電源開発株式会社,43.4302778,143.1316667,北海道江東郡上士幌町字幌加13番,,
2335700700012,糠南ダム,ぬかなんだむ,北海道道東,足寄郡足寄町,その他,電源開発株式会社,43.3922222,143.3286111,北海道足寄郡足寄町芽登2981番,,
2739300700001,大宮ダム,おおみやだむ,鳥取県,日野郡日南町,印賀川,中国電力,35.2272778,133.302,鳥取県日野郡日南町印賀208-4,410.41,408.2
2739300700002,俣野川ダム,またのがわだむ,鳥取県,日野郡江府町,俣野川,中国電力,35.2625,133.4913889,鳥取県日野郡江府町大字武庫,246.4,218
2739300700003,三滝ダム,みたきだむ,鳥取県,八頭郡智頭町,北股川,中国電力,35.2717222,134.3329778,鳥取県八頭郡智頭町大字芦津,729,719
2739300700004,来島ダム,きじまだむ,島根県,飯石郡飯南町,神戸川,中国電力,35.0872222,132.7241667,島根県飯石郡飯南町下来島,361,336
2739300700005,阿井川ダム,あいがわだむ,島根県,仁多郡奥出雲町,阿井川,中国電力,35.1927778,132.9619444,島根県仁多郡奥出雲町河内,209,202
2739300700006,浜原ダム,はまはらだむ,島根県,邑智郡美郷町,江の川,中国電力,35.0422222,132.5969444,島根県邑智郡美郷町信喜,65,63
2739300700007,周布川ダム,すふがわだむ,島根県,浜田市,周布川,中国電力,34.8088889,132.1455556,島根県浜田市弥栄町小坂,270,251.5
2739300700008,長見ダム,ながみだむ,島根県,浜田市,周布川,中国電力,34.8325,132.0963889,島根県浜田市弥栄町栃木,116.5,114.8
2739300700009,新成羽川ダム,しんなりはがわだむ,岡山県,高梁市,成羽川,中国電力,34.8233333,133.4008333,岡山県高梁市備中町平川字阿なたタニ3,237,207
2739300700010,黒鳥ダム,くろとりだむ,岡山県,高梁市,成羽川,中国電力,34.7872222,133.4491667,岡山県高梁市備中町布賀字小田原111,112,107.1
2739300700011,土用ダム,どようだむ,岡山県,真庭郡新庄村,土用川,中国電力,35.2313889,133.545,岡山県真庭郡新庄村字土用,775.4,740.5
2739300700012,恩原ダム,おんばらだむ,岡山県,苫田郡鏡野町,恩原川,中国電力,35.3002778,133.9875,岡山県苫田郡鏡野町上斎原,734.6,721.81
2739300700013,社口ダム,やしろぐちだむ,岡山県,真庭市,旭川,中国電力,35.1827778,133.7366667,岡山県真庭市社,325.65,319.65
2739300700014,田原ダム,たばらだむ,岡山県,高梁市,成羽川,中国電力,34.8102778,133.4252778,岡山県高梁市備中町東油野,158.9,141
2739300700015,帝釈川ダム,たいしゃくがわだむ,広島県,庄原市,帝釈川,中国電力,34.8277778,133.2347222,広島県庄原市東城町三坂,369.94,356
2739300700016,高暮ダム,こうぼだむ,広島県,庄原市,神野瀬川,中国電力,34.995,132.7936111,広島県庄原市高野町高暮281-8,457.2,424
2739300700017,沓ヶ原ダム,くつがはらだむ,広島県,三次市,神野瀬川,中国電力,34.9558333,132.8138889,広島県三次市君田町櫃田,329,326.5
2739300700018,立岩ダム,たていわだむ,広島県,山県郡安芸太田町,太田川,中国電力,34.545,132.1608333,広島県山県郡安芸太田町大字山城,507.67,479.67
2739300700019,樽床ダム,たるとこだむ,広島県,山県郡北広島町,柴木川,中国電力,34.6516667,132.1691667,広島県山県郡北広島町樽床,753.89,736.89
2739300700020,柴木川ダム,しばきがわだむ,広島県,山県郡安芸太田町,柴木川,中国電力,34.5966667,132.2158333,広島県山県郡安芸太田町699,326,323
2739300700021,王泊ダム,おおどまりだむ,広島県,山県郡北広島町,滝山川,中国電力,34.6983333,132.3133333,広島県山県郡北広島町細見字下山,532.5,502
2739300700022,渡ノ瀬ダム,わたのせだむ,広島県,廿日市市,玖島川,中国電力,34.3183333,132.2075,広島県廿日市市大野字川平,254,237
2739300700023,二級ダム,にきゅうだむ,広島県,呉市,黒瀬川,中国電力,34.2830556,132.6333333,広島県呉市郷原町,147,137
2739300700024,南原ダム,なばらだむ,広島県,広島市,南原川,中国電力,34.5625,132.5166667,広島県広島市安佐北区可部町大字南原,234,195
2739300700025,明神ダム,みょうじんだむ,広島県,広島市,南原川,中国電力,34.5855556,132.505,広島県広島市安佐北区可部町大字南原,528.5,500
2739300700026,宇賀ダム,うがだむ,広島県,広島市,高山川,中国電力,34.5402778,132.3877778,広島県広島市安佐北区安佐町大字久地,115.5,109.5
2739300700027,鱒溜ダム,ますだまりだむ,広島県,山県郡安芸太田町,太田川,中国電力,34.5672222,132.1941667,広島県山県郡安芸太田町吉和郷,380.34,377.34
2739300700028,滝本ダム,たきもとだむ,広島県,山県郡安芸太田町,滝山川,中国電力,34.6230556,132.3175,広島県山県郡安芸太田町加計,207,200
2739300700030,生雲ダム,いくもだむ,山口県,山口市,生雲川,中国電力,34.3308333,131.5730556,山口県山口市阿東生雲中,230,227.4
2739300700031,佐々並川ダム,ささなみがわだむ,山口県,萩市,佐々並川,中国電力,34.3237056,131.5072722,山口県萩市川上大字大ぬた　,192,167
2790500700001,鮎の瀬取水堰,あゆのせしゅすいぜき,佐賀県,佐賀市,嘉瀬川,九州電力,33.4216667,130.2208333,佐賀県佐賀市富士町大字関屋,301.6,298.6
2790500700002,川上川第五取水堰,かわかみかわだいごしゅすいぜき,佐賀県,佐賀市,嘉瀬川,九州電力,33.3441667,130.2480556,佐賀県佐賀市富士町大字下熊川,43.96,41.58
2790500700003,玉島取水堰,たましましゅすいぜき,佐賀県,唐津市,玉島川,九州電力,33.4441667,130.1047222,佐賀県唐津市七山仁部,91.22,
2790500700004,天山ダム,てんざんだむ,佐賀県,唐津市,六角川,九州電力,33.3422222,130.1322222,佐賀県唐津市厳木町天川,758,728
2790500700005,厳木川調整池,きゅうらぎがわちょうせいち,佐賀県,唐津市,松浦川,九州電力,33.3488889,130.1144444,佐賀県唐津市厳木町鳥越,305.5,300
2790500700006,篠原ダム,しのはらだむ,大分県,由布市,大分川,九州電力,33.1916667,131.4722222,大分県由布市挟間町小野,87.5,85.5
2790500700007,竹田取水堰,たけたしゅすいぜき,大分県,竹田市,大野川,九州電力,32.9583333,131.3911111,大分県竹田市大字竹田,252,248
2790500700008,津房川取水堰,つぶさがわしゅすいぜき,大分県,宇佐市,駅館川,九州電力,33.4425,131.3622222,大分県宇佐市安心院町木裳字屋敷,85.7,
2790500700009,大山川取水堰,おおやまがわしゅすいぜき,大分県,日田市,筑後川,九州電力,33.2194444,130.9897222,大分県日田市大山町東大山,186.1,184.3
2790500700010,高瀬川ダム,たかせがわだむ,大分県,日田市,筑後川,九州電力,33.2725,130.9291667,大分県日田市大字高瀬上一ツ戸,186.1,174.6
2790500700011,夜明ダム,よあけだむ,大分県,日田市,筑後川,九州電力,33.3383333,130.8452778,大分県日田市大字夜明,58.85,57.85
2790500700012,地蔵原ダム,じぞうばるだむ,大分県,玖珠郡九重町,筑後川,九州電力,33.16,131.1988889,大分県玖珠郡九重町大字町田,793.86,777.65
2790500700013,黒川調整池堰,くろかわちょうせいちせき,熊本県,阿蘇郡南阿蘇村,白川,九州電力,32.9025,130.9886111,熊本県阿蘇郡南阿蘇村大字下野,462,460.6
2790500700014,甲佐取水堰,こうさしゅすいぜき,熊本県,下益城郡美里町,緑川,九州電力,32.6416667,130.8644444,熊本県下益城郡美里町古閑,72,69.5
2790500700015,油谷ダム,あぶらたにだむ,熊本県,八代市,球磨川,九州電力,32.4216667,130.6958333,熊本県八代市坂本村大字鮎帰,220.5,199
2790500700016,内谷ダム,うちたにだむ,熊本県,球磨郡五木村,球磨川,九州電力,32.4222222,130.7316667,熊本県球磨郡五木村,733.2,715
2790500700017,川辺川第一取水堰,かわべがわだいいちしゅすいぜき,熊本県,球磨郡五木村,球磨川,九州電力,32.3863889,130.8338889,熊本県球磨郡五木村甲,241.4,
2790500700018,槙之口取水堰,まきのくちしゅすいぜき,宮崎県,東臼杵郡椎葉村,一ツ瀬川,九州電力,32.3277778,131.1422222,宮崎県東臼杵郡椎葉村大字大河内,420,
2790500700019,上米良取水堰,かみめらしゅすいぜき,宮崎県,児湯郡西米良村,一ツ瀬川,九州電力,32.2794444,131.1291667,宮崎県児湯郡西米良村大字上米良,300.9,
2790500700020,一ツ瀬ダム,ひとつせだむ,宮崎県,西都市,一ツ瀬川,九州電力,32.2066667,131.3016667,宮崎県西都市大字中尾,200,170
2790500700021,杉安ダム,すぎやすだむ,宮崎県,西都市,一ツ瀬川,九州電力,32.1627778,131.3591667,宮崎県西都市大字南方,42,38.5
2790500700022,大淀川第一ダム,おおよどがわだいいちだむ,宮崎県,都城市,大淀川,九州電力,31.9188889,131.1341667,宮崎県都城市高崎町笛水,118.1,112.9
2790500700023,高岡ダム,たかおかだむ,宮崎県,都城市,大淀川,九州電力,31.9375,131.2058333,宮崎県宮崎市高岡町浦之名,76.5,72.1
2790500700024,大瀬内ダム,おおせうちだむ,宮崎県,児湯郡木城町,小丸川,九州電力,32.2475,131.3613889,宮崎県児湯郡木城町大字石河内,810,782
2790500700025,戸崎ダム,とざきだむ,宮崎県,児湯郡木城町,小丸川,九州電力,32.2497222,131.3838889,宮崎県児湯郡木城町大字石河内,128,123
2790500700026,石河内ダム,いしかわうちだむ,宮崎県,児湯郡木城町,小丸川,九州電力,32.2413889,131.3902778,宮崎県児湯郡木城町大字石河内,127,108.5
2790500700027,川原ダム,かわばるだむ,宮崎県,児湯郡木城町,小丸川,九州電力,32.2133333,131.4169444,宮崎県児湯郡木城町大字石河内,76.2,73
2790500700028,桑野内ダム,くわのうちだむ,宮崎県,西臼杵郡五ヶ瀬町,五ヶ瀬川,九州電力,32.7302778,131.2061111,宮崎県西臼杵郡五ヶ瀬町大字桑野内,372,370
2790500700029,西畑ダム,にしはただむ,宮崎県,延岡市,綱ノ瀬川,九州電力,32.6727778,131.4480556,宮崎県延岡市北方町下鹿川,310,
2790500700030,上椎葉ダム,かみしいばだむ,宮崎県,東臼杵郡椎葉村,耳川,九州電力,32.4602778,131.1494444,宮崎県東臼杵郡椎葉村大字下福良,480,435
2790500700031,岩屋戸ダム,いわやどだむ,宮崎県,東臼杵郡椎葉村,耳川,九州電力,32.4686111,131.2116667,宮崎県東臼杵郡椎葉村大字下福良,326.4,306.4
2790500700032,塚原ダム,つかばるだむ,宮崎県,東臼杵郡諸塚村,耳川,九州電力,32.5055556,131.3002778,宮崎県東臼杵郡諸塚村大字七ツ山,235.5,214.5
2790500700033,諸塚ダム,もろづかだむ,宮崎県,東臼杵郡諸塚村,耳川,九州電力,32.56,131.3197222,宮崎県東臼杵郡諸塚村大字家代,360,352
2790500700034,宮の元ダム,みやのもとだむ,宮崎県,東臼杵郡諸塚村,耳川,九州電力,32.5658333,131.2780556,宮崎県東臼杵郡諸塚村大字七ツ山,365,362.5
2790500700035,山須原ダム,やますばるだむ,宮崎県,東臼杵郡美郷町,耳川,九州電力,32.4983333,131.3677778,宮崎県東臼杵郡美郷町西郷山三ケ,123.33,120.3
2790500700036,西郷ダム,さいごうだむ,宮崎県,東臼杵郡美郷町,耳川,九州電力,32.4586111,131.4027778,宮崎県東臼杵郡美郷町西郷小原,80,76.67
2790500700037,大内原ダム,おおうちばる,宮崎県,東臼杵郡美郷町,耳川,九州電力,32.4297222,131.4816667,宮崎県東臼杵郡美郷町西郷田代,50,48.5
2790500700038,万之瀬取水堰,まのせしゅすいぜき,鹿児島県,南九州市,万之瀬川,九州電力,31.4022222,130.3652778,鹿児島県南九州市川辺町永田,36.5,
2790500700040,河頭取水堰,こがしらしゅすいぜき,鹿児島県,鹿児島市,甲突川,九州電力,31.6530556,130.4986111,鹿児島県鹿児島市小山田町,51.15,
2790500700041,松山取水堰,まつやましゅすいぜき,鹿児島県,曽於市,菱田川,九州電力,31.5838889,131.0263889,鹿児島県曽於市大隅町月野,105.76,
2790500700042,月野取水堰,つきのしゅすいぜき,鹿児島県,曽於市,菱田川,九州電力,31.5380556,131.0025,鹿児島県曽於市大隅町大字月野,60.9,
2790500700043,雄川取水堰,おがわしゅすいぜき,鹿児島県,肝属郡錦江町,雄川,九州電力,31.1997222,130.8258333,鹿児島県肝属郡錦江町大字田代川原,141.1,
