reservoir_id,reservoir_name,date,report_time,basin,admin_unit,river,"库水位 (water level, m)","日变幅 (daily water-level change, m)",createTime,decode_unresolved_count,decode_unresolved_chars
494,白盆珠,2026-07-09,2026-07-09 08:00:00,珠江,广东,西枝江,71.63,0.24,2026-07-09 15:40:25,0,
495,上板桥,2026-07-09,2026-07-09 08:00:00,珠江,广东,二渡河,269.26,0.0,2026-07-09 15:40:25,0,
496,七礤水库,2026-07-09,2026-07-09 08:00:00,珠江,广东,东江,80.23,0.1,2026-07-09 15:40:25,0,
497,红花湖,2026-07-09,2026-07-09 08:00:00,珠江,广东,东江,54.11,0.02,2026-07-09 15:40:25,0,
498,同沙,2026-07-09,2026-07-09 08:00:00,珠江,广东,黄沙水,15.47,0.01,2026-06-13 15:40:21,0,
499,鸡心石,2026-07-09,2026-07-09 08:00:00,珠江,广东,横岭水,52.75,-0.25,2026-07-09 15:40:25,0,
500,稿树下,2026-07-09,2026-07-09 08:00:00,珠江,广东,稿树下水,59.37,0.06,2026-07-09 15:40:25,0,
501,联和,2026-07-09,2026-07-09 08:00:00,珠江,广东,里波水,54.57,0.15,2026-07-09 15:40:25,0,
502,天堂山,2026-07-09,2026-07-09 08:00:00,珠江,广东,增江,142.83,0.1,2026-07-09 15:40:25,0,
503,流溪河,2026-07-09,2026-07-09 08:00:00,流溪河,广东,流溪河,229.44,0.04,2026-07-09 15:40:25,0,
504,天湖,2026-07-09,2026-07-09 08:00:00,流溪河,广东,天湖水库水,231.76,-0.04,2026-07-09 15:40:25,0,
505,和龙,2026-07-09,2026-07-09 08:00:00,流溪河,广东,沙坑,35.55,-0.09,2026-07-09 15:40:25,0,
506,显岗,2026-07-09,2026-07-09 08:00:00,珠江,广东,沙河,22.35,0.1,2026-07-09 15:40:25,0,
507,黄龙带,2026-07-09,2026-07-09 08:00:00,流溪河,广东,流溪河,166.12,0.09,2026-07-09 15:40:25,0,
508,罗田,2026-07-09,2026-07-09 08:00:00,珠江,广东,茅洲河,30.95,0.1,2026-05-21 15:40:28,0,
509,铁岗,2026-07-09,2026-07-09 08:00:00,珠江,广东,西乡水,23.05,0.23,2026-05-21 15:40:28,0,
510,西沥,2026-07-09,2026-07-09 08:00:00,珠江,广东,南头河,27.34,0.0,2025-01-21 15:41:15,0,
511,深圳,2026-07-09,2026-07-09 08:00:00,珠江,广东,深圳水,27.23,0.14,2026-07-09 15:40:25,0,
512,梅林,2026-07-09,2026-07-09 08:00:00,珠江,广东,新洲河,49.87,0.02,2026-07-09 15:40:25,0,
513,松子坑,2026-07-09,2026-07-09 08:00:00,珠江,广东,龙岗河,61.77,0.0,2026-07-09 15:40:25,0,
514,宝鸭仔,2026-07-09,2026-07-09 08:00:00,珠江,广东,莲塘水,32.95,-0.02,2026-07-09 15:40:25,0,
515,四堡,2026-07-09,2026-07-09 08:00:00,珠江,广东,沙坪水,68.38,0.11,2026-07-09 15:40:25,0,
516,长江,2026-07-09,2026-07-09 08:00:00,珠江,广东,小隐涌,25.26,-0.05,2026-07-09 15:40:25,0,
517,锦江,2026-07-09,2026-07-09 08:00:00,珠江,广东,潭江,93.42,-0.3,2026-07-09 15:40:25,0,
518,大沙河,2026-07-09,2026-07-09 08:00:00,珠江,广东,鹤洲水,34.25,0.01,2026-07-09 15:40:25,0,
519,镇海,2026-07-09,2026-07-09 08:00:00,珠江,广东,镇海水,25.18,-0.01,2026-07-09 15:40:25,0,
520,大镜山,2026-07-09,2026-07-09 08:00:00,珠江,广东,大镜山溪,18.3,0.14,2026-07-09 15:40:25,0,
521,益塘,2026-07-09,2026-07-09 08:00:00,韩江,广东,五华河,148.2,-0.06,2026-07-09 15:40:25,0,
522,和山岩,2026-07-09,2026-07-09 08:00:00,韩江,广东,和山河,151.75,0.02,2026-07-09 15:40:25,0,
524,棉花滩水库,2026-07-09,2026-07-09 08:00:00,韩江,福东,汀江,167.97,0.12,2026-07-09 15:40:25,0,
525,青溪,2026-07-09,2026-07-09 08:00:00,韩江,广东,汀江,71.31,-0.02,2026-07-09 15:40:25,0,
526,梅西,2026-07-09,2026-07-09 08:00:00,韩江,广东,程江,165.81,-0.16,2026-07-09 15:40:25,0,
527,凤溪,2026-07-09,2026-07-09 08:00:00,韩江,广东,凤凰溪,422.29,0.14,2026-07-09 15:40:25,0,
529,龙颈（上）,2026-07-09,2026-07-09 08:00:00,粤东沿海诸河,广东,五经富水,91.33,-0.14,2026-07-09 15:40:25,0,
530,龙颈（下）,2026-07-09,2026-07-09 08:00:00,粤东沿海诸河,广东,五经富水,53.77,0.17,2026-07-09 15:40:25,0,
531,小龙溪,2026-07-09,2026-07-09 08:00:00,粤东沿海诸河,广东,小龙溪,57.54,0.08,2026-07-09 15:40:25,0,
532,龙溪一级,2026-07-09,2026-07-09 08:00:00,粤东沿海诸河,广东,龙溪水,179.79,0.12,2026-07-09 15:40:25,0,
533,龙溪二级,2026-07-09,2026-07-09 08:00:00,粤东沿海诸河,广东,龙溪水,68.65,0.15,2026-07-09 15:40:25,0,
534,红场,2026-07-09,2026-07-09 08:00:00,粤东沿海诸河,广东,锣鼓水,248.37,-0.08,2026-07-09 15:40:25,0,
535,上金溪,2026-07-09,2026-07-09 08:00:00,粤东沿海诸河,广东,金溪河,89.61,0.09,2026-07-09 15:40:25,0,
536,上三坑,2026-07-09,2026-07-09 08:00:00,粤东沿海诸河,广东,三坑溪,170.05,-0.15,2026-07-09 15:40:25,0,
537,白沙溪,2026-07-09,2026-07-09 08:00:00,粤东沿海诸河,广东,练江,372.51,0.09,2026-07-09 15:40:25,0,
538,镇北,2026-07-09,2026-07-09 08:00:00,粤东沿海诸河,广东,雷岭河,45.23,-0.04,2026-07-09 15:40:25,0,
539,蜈蚣岭,2026-07-09,2026-07-09 08:00:00,粤东沿海诸河,广东,雷岭河,51.83,-0.03,2026-07-09 15:40:25,0,
540,朝面山,2026-07-09,2026-07-09 08:00:00,粤东沿海诸河,广东,黄江,208.4,0.3,2026-07-09 15:40:25,0,
541,横江,2026-07-09,2026-07-09 08:00:00,粤东沿海诸河,广东,横江水,67.3,-0.09,2026-07-09 15:40:25,0,
542,汤坑,2026-07-09,2026-07-09 08:00:00,粤东沿海诸河,广东,练江,49.6,0.05,2026-07-09 15:40:25,0,
543,秋风岭,2026-07-09,2026-07-09 08:00:00,粤东沿海诸河,广东,练江,40.29,0.09,2026-07-09 15:40:25,0,
544,龙潭,2026-07-09,2026-07-09 08:00:00,粤东沿海诸河,广东,龙江,70.96,0.1,2026-07-09 15:40:25,0,
545,石榴潭,2026-07-09,2026-07-09 08:00:00,粤东沿海诸河,广东,罗溪,39.03,-0.03,2026-07-09 15:40:25,0,
547,公平,2026-07-09,2026-07-09 08:00:00,粤东沿海诸河,广东,黄江,15.42,0.06,2026-07-09 15:40:25,0,
548,黄山洞,2026-07-09,2026-07-09 08:00:00,粤东沿海诸河,广东,大液河,52.82,-0.28,2026-07-09 15:40:25,0,
549,新西河,2026-07-09,2026-07-09 08:00:00,粤东沿海诸河,广东,新西河,37.59,-0.02,2026-07-09 15:40:25,0,
550,大隆洞,2026-07-09,2026-07-09 08:00:00,珠江,广东,大隆洞河,29.66,-0.14,2026-07-09 15:40:25,0,
552,高城,2026-07-09,2026-07-09 08:00:00,鉴江,广东,小水河,130.71,-0.07,2026-07-09 15:40:25,0,
553,尚文,2026-07-09,2026-07-09 08:00:00,鉴江,广东,六雅河,105.9,0.09,2026-07-09 15:40:25,0,
554,良德水库（大坝）,2026-07-09,2026-07-09 08:00:00,鉴江,广东,大井河,86.07,0.37,2026-07-09 15:40:25,0,
555,罗坑,2026-07-09,2026-07-09 08:00:00,鉴江,广东,庙背水,110.0,0.3,2026-07-09 15:40:25,0,
556,黄沙,2026-07-09,2026-07-09 08:00:00,鉴江,广东,袂花江,112.95,0.24,2026-07-09 15:40:25,0,
557,西湖,2026-07-09,2026-07-09 08:00:00,粤西沿海诸河,广东,东运河,12.62,0.09,2026-07-09 15:40:25,0,
558,龙门,2026-07-09,2026-07-09 08:00:00,粤西沿海诸河,广东,龙门河,52.92,0.0,2026-07-09 15:40:25,0,
559,大水桥,2026-07-09,2026-07-09 08:00:00,粤西沿海诸河,广东,大水桥河,54.16,-0.02,2026-07-09 15:40:25,0,
560,鹤地水库（大坝）,2026-07-09,2026-07-09 08:00:00,粤西沿海诸河,广东,九洲江,37.55,0.41,2026-07-09 15:40:25,0,
561,武陵,2026-07-09,2026-07-09 08:00:00,粤西沿海诸河,广东,武陵河,35.59,0.09,2026-07-09 15:40:25,0,
562,岭背下,2026-07-09,2026-07-09 08:00:00,粤西沿海诸河,广东,沙铲河,42.76,0.1,2026-07-09 15:40:25,0,
563,仙人域,2026-07-09,2026-07-09 08:00:00,粤西沿海诸河,广东,沙铲河,36.18,-0.16,2026-07-09 15:40:25,0,
564,北河,2026-07-09,2026-07-09 08:00:00,珠江,广东,漠阳江,87.03,0.14,2026-07-09 15:40:25,0,
565,东湖,2026-07-09,2026-07-09 08:00:00,珠江,广东,那龙河,29.53,0.03,2026-07-09 15:40:25,0,
566,茅垌,2026-07-09,2026-07-09 08:00:00,珠江,广东,洋边河,26.66,-0.26,2026-07-09 15:40:25,0,
567,陂底,2026-07-09,2026-07-09 08:00:00,珠江,广东,儒洞河,37.04,-0.02,2026-07-09 15:40:25,0,
568,松涛水库（南丰）,2026-07-09,2026-07-09 08:00:00,南渡江,海南,南渡江,180.97,0.02,2026-07-09 15:40:25,0,
569,牛路岭水库,2026-07-09,2026-07-09 08:00:00,万泉河,海南,万泉河,92.28,-0.29,2026-07-09 15:40:25,0,
570,万宁水库（大坝）,2026-07-09,2026-07-09 08:00:00,太阳河,海南,太阳河,20.8,-0.54,2026-07-09 15:40:25,0,
571,赤田水库,2026-07-09,2026-07-09 08:00:00,藤桥河,海南,藤桥西河,20.73,0.3,2026-07-09 15:40:25,0,
572,福万水库,2026-07-09,2026-07-09 08:00:00,三亚河,海南,三亚河,132.89,0.22,2026-07-09 15:40:25,0,
573,半岭水库,2026-07-09,2026-07-09 08:00:00,三亚河,海南,三亚河,50.01,0.03,2026-07-09 15:40:25,0,
574,水源池水库,2026-07-09,2026-07-09 08:00:00,三亚河,海南,三亚河,38.76,0.09,2026-07-09 15:40:25,0,
575,抱古水库,2026-07-09,2026-07-09 08:00:00,宁远河,海南,宁远河,47.21,0.08,2026-07-09 15:40:25,0,
576,大隆水库,2026-07-09,2026-07-09 08:00:00,宁远河,海南,宁远河,56.52,0.24,2026-07-09 15:40:25,0,
577,长茅水库,2026-07-09,2026-07-09 08:00:00,望楼河,海南,望楼河,156.36,0.01,2026-07-09 15:40:25,0,
578,石门水库,2026-07-09,2026-07-09 08:00:00,望楼河,海南,望楼河,44.19,-0.07,2026-07-09 15:40:25,0,
579,高坡岭水库,2026-07-09,2026-07-09 08:00:00,罗带河,海南,罗带河,28.73,-0.02,2026-07-09 15:40:25,0,
580,大广坝水库,2026-07-09,2026-07-09 08:00:00,昌化江,海南,昌化江,128.19,0.3,2026-07-09 15:40:25,0,
581,石碌水库,2026-07-09,2026-07-09 08:00:00,昌化江,海南,石碌河,119.88,-0.01,2026-07-09 15:40:25,0,
441,亭下水库,2026-07-09,2026-07-09 08:00:00,浙闽台河流,浙江,剡江,68.19,0.06,2026-07-09 15:40:25,0,
234,马河水库,2026-07-09,2026-07-09 08:00:00,淮河,山东,北沙河,106.54,0.01,2026-07-09 15:40:25,0,
236,周村水库,2026-07-09,2026-07-09 08:00:00,淮河,山东,西加河,121.67,-0.01,2026-07-09 15:40:25,0,
29,宿鸭湖,2026-07-09,2026-07-09 08:00:00,淮河,河南,汝河,52.28,-0.02,2026-07-09 15:40:25,0,
60,瓦房城水库,2026-07-09,2026-07-09 08:00:00,内陆河,甘肃,大堵马河,2370.08,0.34,2026-07-09 15:40:25,0,
103,东武仕水库（坝上）,2026-07-09,2026-07-09 08:00:00,海河,河北,滏阳河,102.76,-0.21,2026-07-09 15:40:25,0,
110,石门水库,2026-07-09,2026-07-09 08:00:00,海河,河南,石门河,298.86,0.33,2026-07-09 15:40:25,0,
112,塔岗,2026-07-09,2026-07-09 08:00:00,海河,河南,沧河,174.69,-0.13,2026-07-09 15:40:25,0,
118,彰武,2026-07-09,2026-07-09 08:00:00,海河,河南,安阳河,126.46,-0.02,2026-07-09 15:40:25,0,
132,大南河,2026-07-09,2026-07-09 08:00:00,黄河,青海,大南河河,2618.65,-0.05,2026-07-09 15:40:25,0,
1,白山,2026-07-09,2026-07-09 08:00:00,松花江流域,吉林,松花江吉林段,404.2,0.26,2026-07-09 15:40:25,0,
3,尼尔基坝上,2026-07-09,2026-07-09 08:00:00,黑龙江流域,黑龙江,嫩江,210.34,0.21,2026-07-09 15:40:25,0,
4,察尔森上,2026-07-09,2026-07-09 08:00:00,黑龙江流域,内蒙古,洮儿河,356.24,0.8,2026-07-09 15:40:25,0,
5,月亮湖,2026-07-09,2026-07-09 08:00:00,嫩江,吉林,洮儿河,130.44,-0.06,2026-07-09 15:40:25,0,
6,二龙山,2026-07-09,2026-07-09 08:00:00,辽河,吉林,东辽河,220.0,0.05,2026-07-09 15:40:25,0,
7,柴河水库,2026-07-09,2026-07-09 08:00:00,辽河,辽宁,柴河,104.15,-0.1,2026-07-09 15:40:25,0,
8,清河水库,2026-07-09,2026-07-09 08:00:00,辽河,辽宁,清河,125.73,0.08,2026-07-09 15:40:25,0,
9,闹德海,2026-07-09,2026-07-09 08:00:00,辽河,辽宁,柳河,172.21,-2.21,2026-07-09 15:40:25,0,
10,大伙房水库,2026-07-09,2026-07-09 08:00:00,辽河,辽宁,浑河,124.64,0.13,2026-07-09 15:40:25,0,
11,观音阁水库,2026-07-09,2026-07-09 08:00:00,辽河,辽宁,太子河,247.98,1.03,2026-07-09 15:40:25,0,
12,参窝水库,2026-07-09,2026-07-09 08:00:00,辽河,辽宁,太子河,85.01,0.05,2026-07-09 15:40:25,0,
13,潘家口,2026-07-09,2026-07-09 08:00:00,海河流域,海委,滦河,215.5,-0.22,2026-07-09 15:40:25,0,
14,大黑汀,2026-07-09,2026-07-09 08:00:00,海河流域,海委,滦河,130.57,-0.13,2026-07-09 15:40:25,0,
15,桃林口水库,2026-07-09,2026-07-09 08:00:00,海河,河北,青龙河,133.58,0.11,2026-07-09 15:40:25,0,
16,新安,2026-07-09,2026-07-09 08:00:00,海河,河北,白洋淀,6.55,0.0,2026-07-09 15:40:25,0,
17,端村,2026-07-09,2026-07-09 08:00:00,海河,河北,白洋淀,6.53,0.0,2026-07-09 15:40:25,0,
18,王家寨,2026-07-09,2026-07-09 08:00:00,海河,河北,白洋淀,7.25,-0.01,2025-07-10 15:40:26,0,
19,密云白河坝上,2026-07-09,2026-07-09 08:00:00,海河,北京,白河,150.17,-0.05,2026-07-09 15:40:25,0,
20,官厅水库,2026-07-09,2026-07-09 08:00:00,海河,北京,永定河,474.12,-0.04,2026-07-09 15:40:25,0,
21,十方院（白）（堰上）,2026-07-09,2026-07-09 08:00:00,海河,河北,白洋淀,6.44,-0.01,2026-07-09 15:40:25,0,
22,岗南水库（坝上）,2026-07-09,2026-07-09 08:00:00,海河,河北,滹沱河,188.22,0.01,2026-07-09 15:40:25,0,
23,黄壁庄水库（坝上）,2026-07-09,2026-07-09 08:00:00,海河,河北,滹沱河,112.5,-0.01,2026-07-09 15:40:25,0,
24,山城水库（坝上）,2026-07-09,2026-07-09 08:00:00,海河流域,海委,漳河,133.35,-0.09,2026-07-09 15:40:25,0,
25,小浪底水库,2026-07-09,2026-07-09 08:00:00,黄河,河南,黄河,222.29,0.48,2026-07-09 15:40:25,0,
26,安丰塘,2026-07-09,2026-07-09 08:00:00,淮河,安东,淠东干渠,29.31,-0.01,2026-07-09 15:40:25,0,
27,南湾,2026-07-09,2026-07-09 08:00:00,淮河,河南,浉河,97.93,-0.01,2026-07-09 15:40:25,0,
28,板桥,2026-07-09,2026-07-09 08:00:00,淮河,河南,汝河,109.83,-0.02,2026-07-09 15:40:25,0,
30,鲇鱼山,2026-07-09,2026-07-09 08:00:00,淮河,河南,灌河,104.86,0.11,2026-07-09 15:40:25,0,
31,昭平台,2026-07-09,2026-07-09 08:00:00,淮河,河南,沙河,165.54,-0.3,2026-07-09 15:40:25,0,
32,白强山,2026-07-09,2026-07-09 08:00:00,淮河,河南,沙河,100.78,0.08,2026-07-09 15:40:25,0,
33,洪泽湖,2026-07-09,2026-07-09 08:00:00,淮河,江北,洪泽湖,12.55,-0.06,2026-07-09 15:40:25,0,
34,骆马湖水库,2026-07-09,2026-07-09 08:00:00,淮河,江北,骆马湖,22.36,0.08,2026-07-09 15:40:25,0,
35,石梁河水库,2026-07-09,2026-07-09 08:00:00,淮河,江北,新沭河,23.25,0.17,2026-07-09 15:40:25,0,
36,三峡,2026-07-09,2026-07-09 08:00:00,长江,湖北,长江,147.1,0.16,2026-07-09 15:40:25,0,
37,寺坪,2026-07-09,2026-07-09 08:00:00,长江,湖北,南河,308.23,0.11,2026-07-09 15:40:25,0,
38,马桥,2026-07-09,2026-07-09 08:00:00,长江,湖北,粉青河,479.25,-0.04,2026-07-09 15:40:25,0,
39,黑清河,2026-07-09,2026-07-09 08:00:00,长江,湖北,黑清河,80.38,-0.06,2026-07-09 15:40:25,0,
40,柘溪,2026-07-09,2026-07-09 08:00:00,长江,湖南,资水,167.36,0.25,2026-07-09 15:40:25,0,
41,五强溪,2026-07-09,2026-07-09 08:00:00,长江,湖南,沅水,103.65,0.72,2026-07-09 15:40:25,0,
42,凤滩,2026-07-09,2026-07-09 08:00:00,长江,湖南,酉水,202.28,-0.1,2026-07-09 15:40:25,0,
43,江亚,2026-07-09,2026-07-09 08:00:00,长江,湖南,溇水,219.15,-0.18,2026-07-09 15:40:25,0,
44,富水,2026-07-09,2026-07-09 08:00:00,长江,湖北,富水,55.55,0.01,2026-07-09 15:40:25,0,
45,白莲河,2026-07-09,2026-07-09 08:00:00,长江,湖北,浠水,102.11,0.31,2026-07-09 15:40:25,0,
46,陆水水库,2026-07-09,2026-07-09 08:00:00,长江,湖北,陆水,54.77,-0.16,2026-07-09 15:40:25,0,
47,石泉,2026-07-09,2026-07-09 08:00:00,长江,陕西,汉江,402.67,-0.11,2026-07-09 15:40:25,0,
48,安康库,2026-07-09,2026-07-09 08:00:00,长江,陕西,汉江,308.33,0.03,2026-07-09 15:40:25,0,
49,丹江口水库,2026-07-09,2026-07-09 08:00:00,长江,湖北,汉江,161.55,-0.04,2026-07-09 15:40:25,0,
50,万安水库,2026-07-09,2026-07-09 08:00:00,长江流域,江西,赣江,95.69,0.03,2026-07-09 15:40:25,0,
51,廖坊,2026-07-09,2026-07-09 08:00:00,长江流域,江西,抚河,62.67,0.18,2026-07-09 15:40:25,0,
52,柘林,2026-07-09,2026-07-09 08:00:00,长江,江西,修河,62.23,-0.13,2026-07-09 15:40:25,0,
53,黑石山,2026-07-09,2026-07-09 08:00:00,内陆,青海,巴音河,3014.9,-0.4,2026-07-09 15:40:25,0,
54,温泉,2026-07-09,2026-07-09 08:00:00,内陆河,青海,雪水河,3953.99,0.01,2026-07-09 15:40:25,0,
55,双塔堡水库（坝上）,2026-07-09,2026-07-09 08:00:00,内陆河,甘肃,洪玉河,1327.13,-0.1,2026-07-09 15:40:25,0,
56,党河水库（坝上）,2026-07-09,2026-07-09 08:00:00,内陆河,甘肃,党河,1421.56,-0.09,2026-07-09 15:40:25,0,
57,寺桥水库（坝上）,2026-07-09,2026-07-09 08:00:00,内陆河,甘肃,马营河,2170.93,-0.01,2026-07-09 15:40:25,0,
59,双树寺水库,2026-07-09,2026-07-09 08:00:00,内陆河,甘肃,洪水河,2452.38,-0.69,2026-07-09 15:40:25,0,
61,鸳鸯池水库（坝上）,2026-07-09,2026-07-09 08:00:00,内陆河,甘肃,伊逊河,1312.46,0.48,2026-07-09 15:40:25,0,
62,红山山水库（坝上）,2026-07-09,2026-07-09 08:00:00,内陆河,甘肃,石羊河,1479.13,-0.12,2026-07-09 15:40:25,0,
63,水口水库,2026-07-09,2026-07-09 08:00:00,闽江,福东,闽江,59.41,-0.49,2026-07-09 15:40:25,0,
65,庙宫水库,2026-07-09,2026-07-09 08:00:00,海河,河北,伊逊河,751.01,-0.71,2026-07-09 15:40:25,0,
67,洋河水库,2026-07-09,2026-07-09 08:00:00,海河,河北,洋河,51.52,-0.39,2026-07-09 15:40:25,0,
68,陡河水库（坝上）,2026-07-09,2026-07-09 08:00:00,海河,河北,陡河,31.28,-0.01,2026-07-09 15:40:25,0,
69,黄白桥上,2026-07-09,2026-07-09 08:00:00,海河,天京,潮白新河,3.26,-0.45,2026-07-09 15:40:25,0,
70,宁车水上,2026-07-09,2026-07-09 08:00:00,海河,天京,潮白新河,1.62,-0.2,2026-07-09 15:40:25,0,
71,云北水库（坝上）,2026-07-09,2026-07-09 08:00:00,海河,河北,白河,1027.28,-0.04,2026-07-09 15:40:25,0,
72,白河堡,2026-07-09,2026-07-09 08:00:00,海河,北京,白河,591.0,-0.15,2026-07-09 15:40:25,0,
73,半城子水库,2026-07-09,2026-07-09 08:00:00,海河,北京,红牛河,246.31,-1.01,2026-07-09 15:40:25,0,
75,遥桥峪水库,2026-07-09,2026-07-09 08:00:00,海河,北京,安达木河,457.31,0.02,2026-07-09 15:40:25,0,
76,沙厂水库,2026-07-09,2026-07-09 08:00:00,海河,北京,红门河,156.07,-0.03,2026-07-09 15:40:25,0,
77,怀柔水库,2026-07-09,2026-07-09 08:00:00,海河,北京,怀河,57.54,-0.01,2026-07-09 15:40:25,0,
78,北台上水库,2026-07-09,2026-07-09 08:00:00,海河,北京,雁栖河,83.11,-0.1,2026-07-09 15:40:25,0,
79,大水峪水库,2026-07-09,2026-07-09 08:00:00,海河,北京,沙河,165.36,-0.03,2026-07-09 15:40:25,0,
80,海子水库,2026-07-09,2026-07-09 08:00:00,海河,北京,泃河,107.73,-0.32,2026-07-09 15:40:25,0,
81,黄松峪水库,2026-07-09,2026-07-09 08:00:00,海河,北京,泃河,198.99,-0.44,2026-07-09 15:40:25,0,
82,西峪水库,2026-07-09,2026-07-09 08:00:00,海河,北京,泃河,211.98,-0.45,2026-07-09 15:40:25,0,
83,于桥坝上,2026-07-09,2026-07-09 08:00:00,海河,天京,北河,19.77,0.0,2026-07-09 15:40:25,0,
84,邱庄水库（坝上）,2026-07-09,2026-07-09 08:00:00,海河,河北,东乡河,62.23,0.05,2026-07-09 15:40:25,0,
86,十三陵水库,2026-07-09,2026-07-09 08:00:00,海河,北京,温榆河,90.27,-0.09,2026-07-09 15:40:25,0,
87,十三陵水库上池,2026-07-09,2026-07-09 08:00:00,海河,北京,东沙河,536.44,0.56,2026-07-09 15:40:25,0,
88,桃峪口水库,2026-07-09,2026-07-09 08:00:00,海河,北京,温榆河,63.68,-0.02,2026-07-09 15:40:25,0,
89,大宁水库,2026-07-09,2026-07-09 08:00:00,海河,北京,小清河,48.0,0.0,2026-07-09 15:40:25,0,
90,册田,2026-07-09,2026-07-09 08:00:00,海河,山西,中干河,952.71,0.01,2026-07-09 15:40:25,0,
91,斋堂水库,2026-07-09,2026-07-09 08:00:00,海河,北京,清水河,446.3,-0.56,2026-07-09 15:40:25,0,
92,安格庄水库,2026-07-09,2026-07-09 08:00:00,海河,河北,马易水,147.42,0.01,2026-07-09 15:40:25,0,
93,旺隆,2026-07-09,2026-07-09 08:00:00,海河,河北,北易水,125.71,0.17,2026-07-09 15:40:25,0,
94,马头,2026-07-09,2026-07-09 08:00:00,海河,河北,马头沟,136.28,-0.1,2026-07-09 15:40:25,0,
95,西累子,2026-07-09,2026-07-09 08:00:00,海河,河北,垒子河,60.05,0.05,2026-07-09 15:40:25,0,
96,王青水库,2026-07-09,2026-07-09 08:00:00,海河,北京,刺猬河,63.57,-0.01,2026-07-09 15:40:25,0,
97,横山岭水库（坝上）,2026-07-09,2026-07-09 08:00:00,海河,河北,郜河,227.27,0.05,2026-07-09 15:40:25,0,
98,王快水库,2026-07-09,2026-07-09 08:00:00,海河,河北,沙河,188.41,-0.06,2026-07-09 15:40:25,0,
99,口头水库,2026-07-09,2026-07-09 08:00:00,海河,河北,界河,195.46,0.0,2026-07-09 15:40:25,0,
100,西大洋水库,2026-07-09,2026-07-09 08:00:00,海河,河北,唐河,131.15,-0.05,2026-07-09 15:40:25,0,
101,龙潭,2026-07-09,2026-07-09 08:00:00,海河,河北,界河,435.1,0.03,2026-07-09 15:40:25,0,
102,龙门水库,2026-07-09,2026-07-09 08:00:00,海河,河北,沙河,119.2,-0.05,2026-07-09 15:40:25,0,
104,明沟门水库,2026-07-09,2026-07-09 08:00:00,海河,河北,沙河,372.56,-0.08,2026-07-09 15:40:25,0,
105,朱庄水库,2026-07-09,2026-07-09 08:00:00,海河,河北,沙河,235.21,-0.03,2026-07-09 15:40:25,0,
106,临城水库,2026-07-09,2026-07-09 08:00:00,海河,河北,黄河,118.27,-0.01,2026-07-09 15:40:25,0,
107,宝庄,2026-07-09,2026-07-09 08:00:00,海河,山西,松溪河,930.2,-0.08,2026-07-09 15:40:25,0,
108,团泊洼水库,2026-07-09,2026-07-09 08:00:00,海河,天京,团泊洼,1.63,-0.02,2026-07-09 15:40:25,0,
109,宝泉,2026-07-09,2026-07-09 08:00:00,海河,河南,浙河,257.24,0.25,2026-07-09 15:40:25,0,
111,狮豹头,2026-07-09,2026-07-09 08:00:00,海河,河南,沧河,294.12,0.06,2026-07-09 15:40:25,0,
114,弓上,2026-07-09,2026-07-09 08:00:00,海河,河南,通河,482.12,-0.73,2024-06-10 15:40:13,0,
115,汤河,2026-07-09,2026-07-09 08:00:00,海河,河南,汤河,110.83,-0.1,2026-07-09 15:40:25,0,
116,琵琶寺,2026-07-09,2026-07-09 08:00:00,海河,河南,黄河,112.95,-0.1,2026-07-09 15:40:25,0,
117,小南海,2026-07-09,2026-07-09 08:00:00,海河,河南,安阳河,159.12,0.05,2026-07-09 15:40:25,0,
119,双泉,2026-07-09,2026-07-09 08:00:00,海河,河南,粉红江,139.92,0.04,2026-07-09 15:40:25,0,
120,南谷洞,2026-07-09,2026-07-09 08:00:00,海河,河南,露水河,524.9,0.0,2026-07-09 15:40:25,0,
121,漳泽水库,2026-07-09,2026-07-09 08:00:00,海河,山西,浊漳河南源,901.38,0.0,2026-07-09 15:40:25,0,
123,关河水库,2026-07-09,2026-07-09 08:00:00,海河,山西,浊漳河北源,987.52,0.01,2026-07-09 15:40:25,0,
124,石匣,2026-07-09,2026-07-09 08:00:00,海河,山西,清漳西源,1139.5,-0.04,2026-07-09 15:40:25,0,
125,龙羊峡,2026-07-09,2026-07-09 08:00:00,黄河,青海,黄河,2584.49,0.06,2026-07-09 15:40:25,0,
126,青家峡水库,2026-07-09,2026-07-09 08:00:00,黄河,甘肃,黄河,1719.74,-0.15,2026-07-09 15:40:25,0,
127,青铜峡水库,2026-07-09,2026-07-09 08:00:00,黄河,宁西,黄河,1156.0,0.0,2026-07-09 15:40:25,0,
128,万家寨上,2026-07-09,2026-07-09 08:00:00,黄河,山西,黄河,962.94,1.25,2026-07-09 15:40:25,0,
129,天桥上,2026-07-09,2026-07-09 08:00:00,黄河,山西,黄河,829.98,0.28,2026-07-09 15:40:25,0,
130,史家滩,2026-07-09,2026-07-09 08:00:00,黄河,河南,黄河,304.76,0.68,2026-07-09 15:40:25,0,
131,东大滩,2026-07-09,2026-07-09 08:00:00,黄河,青海,巴燕河,2976.01,-0.07,2026-07-09 15:40:25,0,
133,王瑶,2026-07-09,2026-07-09 08:00:00,黄河,陕西,榆子河,1178.49,-0.03,2026-07-09 15:40:25,0,
134,小头山,2026-07-09,2026-07-09 08:00:00,黄河,陕西,西汾河,1425.05,-0.05,2026-07-08 15:40:23,0,
135,河口庙,2026-07-09,2026-07-09 08:00:00,黄河,陕西,汾河,1145.8,-0.1,2026-07-09 15:40:25,0,
137,尤家卵,2026-07-09,2026-07-09 08:00:00,黄河,陕西,榆溪河,1093.57,-0.08,2026-07-09 15:40:25,0,
138,窄峰,2026-07-09,2026-07-09 08:00:00,黄河,陕西,家水,604.44,0.0,2026-07-09 15:40:25,0,
139,李口,2026-07-09,2026-07-09 08:00:00,黄河,河南,宏农涧河,634.84,-0.02,2026-07-09 15:40:25,0,
140,黑河水库,2026-07-09,2026-07-09 08:00:00,黄河,山西,黑河,1123.29,-0.03,2026-07-09 15:40:25,0,
141,文峪河水库,2026-07-09,2026-07-09 08:00:00,黄河,山西,文峪河,829.64,-0.18,2026-07-09 15:40:25,0,
143,石家山,2026-07-09,2026-07-09 08:00:00,黄河,陕西,沮河,705.91,-0.1,2026-07-09 15:40:25,0,
146,羊曲湾,2026-07-09,2026-07-09 08:00:00,黄河,陕西,光水河,637.54,-0.02,2026-07-09 15:40:25,0,
147,金盆,2026-07-09,2026-07-09 08:00:00,黄河,陕西,黑河,584.94,-0.28,2026-07-09 15:40:25,0,
148,石曲峪,2026-07-09,2026-07-09 08:00:00,黄河,陕西,石曲峪,715.29,-0.38,2026-07-09 15:40:25,0,
149,桃花坡,2026-07-09,2026-07-09 08:00:00,黄河,陕西,漭河,784.69,-0.01,2026-07-09 15:40:25,0,
150,枯河,2026-07-09,2026-07-09 08:00:00,黄河,陕西,枯河,401.84,-0.01,2026-07-09 15:40:25,0,
152,唐岗,2026-07-09,2026-07-09 08:00:00,黄河,河南,漭河,116.39,0.03,2026-07-09 15:40:25,0,
153,白村,2026-07-09,2026-07-09 08:00:00,黄河,河南,潍河,124.53,-0.06,2026-07-09 15:40:25,0,
155,东平湖大湖,2026-07-09,2026-07-09 08:00:00,黄河,山东,东平湖,40.47,-0.11,2026-07-09 15:40:25,0,
156,雪明水库,2026-07-09,2026-07-09 08:00:00,黄河,山东,光明河,231.17,0.02,2026-07-09 15:40:25,0,
157,黄浑水库,2026-07-09,2026-07-09 08:00:00,黄河,山东,石明河,136.28,0.0,2026-07-09 15:40:25,0,
158,东周水库,2026-07-09,2026-07-09 08:00:00,黄河,山东,大明河南流,226.36,-0.03,2026-07-09 15:40:25,0,
159,故县水库,2026-07-09,2026-07-09 08:00:00,黄河,山东,故县河,87.24,-0.04,2026-07-09 15:40:25,0,
160,陆浑坝上,2026-07-09,2026-07-09 08:00:00,黄河,河南,伊河,314.74,-0.08,2026-07-09 15:40:25,0,
161,青沟,2026-07-09,2026-07-09 08:00:00,黄河,河南,南家河,606.58,0.0,2026-07-09 15:40:25,0,
163,火花河,2026-07-09,2026-07-09 08:00:00,黄河,河南,青河河,130.72,-0.02,2026-07-09 15:40:25,0,
164,崂山水库,2026-07-09,2026-07-09 08:00:00,黄河,河南,丹河,520.17,-0.46,2026-07-09 15:40:25,0,
166,李河,2026-07-09,2026-07-09 08:00:00,黄河,河南,甘水河,326.01,0.0,2026-07-09 15:40:25,0,
167,寺村,2026-07-09,2026-07-09 08:00:00,黄河,陕西,南丹河,1034.19,0.0,2026-07-09 15:40:25,0,
168,寺河,2026-07-09,2026-07-09 08:00:00,黄河,河南,新浪河,401.09,0.0,2026-07-09 15:40:25,0,
169,青天河,2026-07-09,2026-07-09 08:00:00,黄河,河南,丹河,349.84,0.05,2026-07-09 15:40:25,0,
170,太河水库,2026-07-09,2026-07-09 08:00:00,淮河,山东,潍河,230.22,-0.04,2026-07-09 15:40:25,0,
171,高源水库,2026-07-09,2026-07-09 08:00:00,淮河,山东,汶河,134.8,0.04,2026-07-09 15:40:25,0,
172,白浪河水库,2026-07-09,2026-07-09 08:00:00,淮河,山东,白浪河,56.12,-0.02,2026-07-09 15:40:25,0,
174,墙齐水库（西库）,2026-07-09,2026-07-09 08:00:00,淮河,山东,潍河,97.86,-0.02,2026-07-09 15:40:25,0,
176,高山水库,2026-07-09,2026-07-09 08:00:00,淮河,山东,明河,151.15,0.0,2026-07-09 15:40:25,0,
178,尹府水库,2026-07-09,2026-07-09 08:00:00,淮河,山东,大水河,71.23,0.0,2026-07-09 15:40:25,0,
179,崂山水库,2026-07-09,2026-07-09 08:00:00,淮河,山东,小洞河,78.15,0.0,2026-07-09 15:40:25,0,
180,门山水库,2026-07-09,2026-07-09 08:00:00,淮河,山东,白沙河,45.69,0.0,2026-07-09 15:40:25,0,
182,门楼水库,2026-07-09,2026-07-09 08:00:00,淮河,山东,清洋河,26.02,-0.03,2026-07-09 15:40:25,0,
183,宝格庄水库,2026-07-09,2026-07-09 08:00:00,淮河,山东,东乳小河,80.13,-0.01,2026-07-09 15:40:25,0,
184,唐山水库,2026-07-09,2026-07-09 08:00:00,淮河,山东,乳小河,25.09,-0.02,2026-07-09 15:40:25,0,
185,龙河山水库,2026-07-09,2026-07-09 08:00:00,淮河,山东,臻山河,37.15,-0.01,2026-07-09 15:40:25,0,
186,田庄水库,2026-07-09,2026-07-09 08:00:00,淮河,山东,史河,79.14,-0.01,2026-07-09 15:40:25,0,
188,红石河,2026-07-09,2026-07-09 08:00:00,淮河,河南,县河,125.34,-0.02,2026-07-09 15:40:25,0,
189,石山口,2026-07-09,2026-07-09 08:00:00,淮河,河南,小潢河,76.0,0.0,2026-07-09 15:40:25,0,
191,五山,2026-07-09,2026-07-09 08:00:00,淮河,河南,青龙河,87.88,0.02,2026-07-09 15:40:25,0,
192,花山,2026-07-09,2026-07-09 08:00:00,淮河,河南,田河河,162.65,0.26,2026-07-09 15:40:25,0,
195,花山,2026-07-09,2026-07-09 08:00:00,淮河,湖北,界河,227.74,0.0,2026-07-09 15:40:25,0,
196,牛沙河,2026-07-09,2026-07-09 08:00:00,淮河,湖北,界河,174.71,-0.03,2026-07-09 15:40:25,0,
197,小龙山,2026-07-09,2026-07-09 08:00:00,淮河,河南,小潢河,53.6,0.0,2026-07-09 15:40:25,0,
198,石石滩,2026-07-09,2026-07-09 08:00:00,淮河,河南,澎河,105.8,-0.01,2026-07-09 15:40:25,0,
199,黄石山,2026-07-09,2026-07-09 08:00:00,淮河,河南,大沙河,149.21,-0.02,2026-07-09 15:40:25,0,
201,大河,2026-07-09,2026-07-09 08:00:00,淮河,河南,黄溪河,116.54,-0.01,2026-07-09 15:40:25,0,
202,梅山,2026-07-09,2026-07-09 08:00:00,淮河,河南,厚头河,111.76,-0.01,2026-07-09 15:40:25,0,
203,梅山,2026-07-09,2026-07-09 08:00:00,淮河,安东,史河,124.03,0.19,2026-07-09 15:40:25,0,
205,白沙,2026-07-09,2026-07-09 08:00:00,淮河,河南,澎河,222.76,-0.06,2026-07-09 15:40:25,0,
206,泗河,2026-07-09,2026-07-09 08:00:00,淮河,河南,泗河,144.4,-0.02,2026-07-09 15:40:25,0,
208,大石滩,2026-07-09,2026-07-09 08:00:00,淮河,河南,济河,149.58,-0.02,2026-07-09 15:40:25,0,
210,常庄,2026-07-09,2026-07-09 08:00:00,淮河,河南,小峪河,125.76,0.0,2026-07-09 15:40:25,0,
211,李河,2026-07-09,2026-07-09 08:00:00,淮河,河南,城河,169.79,-0.13,2026-07-09 15:40:25,0,
212,寺湾,2026-07-09,2026-07-09 08:00:00,淮河,河南,双加河,324.69,-0.01,2026-07-09 15:40:25,0,
214,大子岭,2026-07-09,2026-07-09 08:00:00,淮河,安东,淠河东源,118.22,-0.76,2026-07-09 15:40:25,0,
215,狮洪滩,2026-07-09,2026-07-09 08:00:00,淮河,安东,淠河西源,125.3,0.08,2026-07-09 15:40:25,0,
216,田庄水库,2026-07-09,2026-07-09 08:00:00,淮河,山东,庙河,28.83,0.02,2026-07-09 15:40:25,0,
218,唐村水库,2026-07-09,2026-07-09 08:00:00,淮河,山东,东明河,172.31,0.06,2026-07-09 15:40:25,0,
219,唐村水库,2026-07-09,2026-07-09 08:00:00,淮河,山东,沭河,184.42,0.06,2026-07-09 15:40:25,0,
221,阿家山水库,2026-07-09,2026-07-09 08:00:00,淮河,山东,温家河,144.56,0.05,2026-07-09 15:40:25,0,
222,西湖水库库,2026-07-09,2026-07-09 08:00:00,淮河,江北,黄头河,25.36,0.14,2026-07-09 15:40:25,0,
223,沙沟水库,2026-07-09,2026-07-09 08:00:00,淮河,山东,沭河,65.44,0.0,2026-07-09 15:40:25,0,
224,青峰岭水库,2026-07-09,2026-07-09 08:00:00,淮河,山东,沭河,157.67,0.0,2026-07-09 15:40:25,0,
225,安峰山水库,2026-07-09,2026-07-09 08:00:00,淮河,江北,猫镇河,15.91,-0.04,2026-07-09 15:40:25,0,
227,陡山水库,2026-07-09,2026-07-09 08:00:00,淮河,山东,郁河,123.3,0.06,2026-07-09 15:40:25,0,
228,柳庄水库,2026-07-09,2026-07-09 08:00:00,淮河,山东,资邱河,164.2,0.03,2026-07-09 15:40:25,0,
229,白庄水库,2026-07-09,2026-07-09 08:00:00,淮河,山东,龙河,141.97,0.07,2026-07-09 15:40:25,0,
230,华村水库,2026-07-09,2026-07-09 08:00:00,淮河,山东,黄沟河,145.82,0.07,2026-07-09 15:40:25,0,
231,龙湾套水库,2026-07-09,2026-07-09 08:00:00,淮河,山东,漳河,146.97,0.0,2026-07-09 15:40:25,0,
232,尼山水库,2026-07-09,2026-07-09 08:00:00,淮河,山东,小庙河,119.47,0.04,2026-07-09 15:40:25,0,
235,岩马水库,2026-07-09,2026-07-09 08:00:00,淮河,山东,城河,123.84,0.06,2026-07-09 15:40:25,0,
237,会宝岭水库（南）,2026-07-09,2026-07-09 08:00:00,淮河,山东,西加河,74.03,0.03,2026-07-09 15:40:25,0,
238,巩河水库,2026-07-09,2026-07-09 08:00:00,淮河,山东,城河,121.45,-0.04,2026-07-09 15:40:25,0,
239,东江,2026-07-09,2026-07-09 08:00:00,淮河,山东,青口河,37.52,0.04,2026-07-09 15:40:25,0,
240,小塔山水库,2026-07-09,2026-07-09 08:00:00,淮河,江北,青口河,31.08,0.02,2026-07-09 15:40:25,0,
241,大洪河,2026-07-09,2026-07-09 08:00:00,长江,湖北,大洪河,290.54,-0.15,2026-07-09 15:40:25,0,
242,狮子滩,2026-07-09,2026-07-09 08:00:00,长江,湖北,龙溪河,345.23,-0.09,2026-07-09 15:40:25,0,
243,石板水,2026-07-09,2026-07-09 08:00:00,长江,湖北,龙河,475.27,11.04,2026-07-08 15:40:23,0,
246,跑口水库,2026-07-09,2026-07-09 08:00:00,长江,甘肃,白龙江,692.81,0.01,2026-07-09 15:40:25,0,
248,乌江渡水电库,2026-07-09,2026-07-09 08:00:00,长江,湖北,乌江,757.11,-0.21,2026-07-09 15:40:25,0,
249,红大水库,2026-07-09,2026-07-09 08:00:00,长江,湖北,猫跳河,1237.85,0.0,2026-07-04 15:40:19,0,
250,浪花水库,2026-07-09,2026-07-09 08:00:00,长江,湖北,猫跳河,1191.33,-0.49,2026-07-04 15:40:19,0,
251,福宝山水库,2026-07-09,2026-07-09 08:00:00,长江,湖北,清江,1469.02,0.0,2026-07-09 15:40:25,0,
252,西北口水库,2026-07-09,2026-07-09 08:00:00,长江,湖北,黄瑙河,313.48,0.15,2026-07-09 15:40:25,0,
253,白河水库,2026-07-09,2026-07-09 08:00:00,长江,湖北,沮漳河,168.61,-0.1,2026-07-09 15:40:25,0,
254,雨马水库,2026-07-09,2026-07-09 08:00:00,长江,湖北,涧河,141.14,-0.01,2026-07-09 15:40:25,0,
255,寺家北,2026-07-09,2026-07-09 08:00:00,长江,湖北,漳河,120.32,0.0,2026-07-09 15:40:25,0,
257,石子岭水库,2026-07-09,2026-07-09 08:00:00,长江,湖北,花庙河,87.13,-0.06,2026-07-09 15:40:25,0,
258,龙家河水库,2026-07-09,2026-07-09 08:00:00,长江,湖北,长江,79.33,-0.05,2026-07-09 15:40:25,0,
259,沧河水库,2026-07-09,2026-07-09 08:00:00,长江,湖北,沧河,128.58,-0.02,2026-07-09 15:40:25,0,
260,水家亚（坝上）,2026-07-09,2026-07-09 08:00:00,长江,湖北,清江,384.89,0.15,2026-07-09 15:40:25,0,
261,高河岩（坝上）,2026-07-09,2026-07-09 08:00:00,长江,湖北,清江,185.83,0.11,2026-07-09 15:40:25,0,
262,高坝洲（坝上）,2026-07-09,2026-07-09 08:00:00,长江,湖北,清江,78.56,0.12,2026-07-09 15:40:25,0,
263,车坝水库,2026-07-09,2026-07-09 08:00:00,长江,湖北,车坝河,731.21,-0.32,2026-07-09 15:40:25,0,
264,太湖河水库,2026-07-09,2026-07-09 08:00:00,长江,湖北,漭漳河,37.03,-0.2,2026-07-09 15:40:25,0,
265,张天河,2026-07-09,2026-07-09 08:00:00,长江,湖南,江华水,309.19,0.32,2026-07-09 15:40:25,0,
266,双园,2026-07-09,2026-07-09 08:00:00,长江,湖南,沙江,168.1,0.35,2026-07-09 15:40:25,0,
267,八阳海,2026-07-09,2026-07-09 08:00:00,长江,湖南,张陵水,128.13,0.05,2026-07-09 15:40:25,0,
268,东江,2026-07-09,2026-07-09 08:00:00,长江,湖南,长水,277.55,0.06,2026-07-09 15:40:25,0,
269,王家江,2026-07-09,2026-07-09 08:00:00,长江,湖南,涔水,160.49,-0.02,2026-07-09 15:40:25,0,
270,青山河,2026-07-09,2026-07-09 08:00:00,长江,湖南,永沙江,238.48,-0.16,2026-07-09 15:40:25,0,
271,水山庙,2026-07-09,2026-07-09 08:00:00,长江,湖南,湄水,93.71,-0.01,2026-07-09 15:40:25,0,
272,黄英,2026-07-09,2026-07-09 08:00:00,长江,湖南,长水,161.57,0.22,2026-07-09 15:40:25,0,
273,官庄,2026-07-09,2026-07-09 08:00:00,长江,湖南,河江,121.48,0.03,2026-07-09 15:40:25,0,
274,牛车峡,2026-07-09,2026-07-09 08:00:00,珠江,广东,北江,21.73,1.63,2026-07-09 15:40:25,0,
275,新峡水库,2026-07-09,2026-07-09 08:00:00,长江,湖北,新峡河,534.97,-0.05,2026-07-09 15:40:25,0,
276,黄石,2026-07-09,2026-07-09 08:00:00,长江,湖南,白洋河,87.0,0.03,2026-07-09 15:40:25,0,
277,沙水水库,2026-07-09,2026-07-09 08:00:00,长江,湖北,沙水,91.88,-0.08,2026-07-09 15:40:25,0,
278,天桥水库,2026-07-09,2026-07-09 08:00:00,长江,湖北,界溪河,50.47,-0.2,2026-07-09 15:40:25,0,
279,王家厂,2026-07-09,2026-07-09 08:00:00,长江,湖南,张水,80.5,0.02,2026-07-09 15:40:25,0,
280,北河水库,2026-07-09,2026-07-09 08:00:00,长江,湖北,新河,124.97,-0.05,2026-07-09 15:40:25,0,
282,石山水库,2026-07-09,2026-07-09 08:00:00,长江,湖北,蕲河,124.4,-0.11,2026-07-09 15:40:25,0,
284,王步,2026-07-09,2026-07-09 08:00:00,长江,湖北,三溪河,66.85,0.04,2026-07-09 15:40:25,0,
285,院基寺,2026-07-09,2026-07-09 08:00:00,长江,湖北,泊漠河,49.98,0.1,2026-07-09 15:40:25,0,
287,梅河,2026-07-09,2026-07-09 08:00:00,长江,湖北,浮树河,63.02,0.07,2026-07-09 15:40:25,0,
289,尾树岗,2026-07-09,2026-07-09 08:00:00,长江,湖北,尾树岗河,109.23,-0.09,2026-07-09 15:40:25,0,
290,黑河庙,2026-07-09,2026-07-09 08:00:00,长江,湖北,黄家河,115.68,0.09,2026-07-09 15:40:25,0,
291,道宝地,2026-07-09,2026-07-09 08:00:00,长江,湖北,四马河,117.84,0.07,2026-07-09 15:40:25,0,
292,黄莲河,2026-07-09,2026-07-09 08:00:00,长江,湖北,黄莲河,79.69,0.05,2026-07-09 15:40:25,0,
293,金沙河,2026-07-09,2026-07-09 08:00:00,长江,湖北,金沙河,67.86,0.05,2026-07-09 15:40:25,0,
294,大河河,2026-07-09,2026-07-09 08:00:00,长江,湖北,跳石河,154.4,0.08,2026-07-09 15:40:25,0,
295,三茅河,2026-07-09,2026-07-09 08:00:00,长江,湖北,三茅河,117.86,0.14,2026-07-09 15:40:25,0,
296,三河口,2026-07-09,2026-07-09 08:00:00,长江,湖北,新家河,147.38,0.31,2026-07-09 15:40:25,0,
297,县山,2026-07-09,2026-07-09 08:00:00,长江,湖北,白水河,92.98,0.14,2026-07-09 15:40:25,0,
298,红桥河,2026-07-09,2026-07-09 08:00:00,长江,湖北,红桥河,62.94,0.07,2026-07-09 15:40:25,0,
299,凤凰山,2026-07-09,2026-07-09 08:00:00,长江,湖北,柳家河,64.53,0.07,2026-07-09 15:40:25,0,
300,黑石河,2026-07-09,2026-07-09 08:00:00,长江,湖北,沙河,95.4,-1.0,2026-07-09 15:40:25,0,
301,鹞观河,2026-07-09,2026-07-09 08:00:00,长江,湖北,沙河,78.8,-0.05,2026-07-09 15:40:25,0,
302,天堂,2026-07-09,2026-07-09 08:00:00,长江,湖北,新昌河,290.03,-2.23,2026-07-09 15:40:25,0,
303,天堂二级,2026-07-09,2026-07-09 08:00:00,长江,湖北,新昌河,246.94,0.17,2026-07-09 15:40:25,0,
304,黄家河,2026-07-09,2026-07-09 08:00:00,长江,湖北,西河,244.61,0.48,2026-07-09 15:40:25,0,
305,大同,2026-07-09,2026-07-09 08:00:00,长江,湖北,霍水,117.85,0.14,2026-07-09 15:40:25,0,
306,花河,2026-07-09,2026-07-09 08:00:00,长江,湖北,霍水,90.83,0.06,2026-07-09 15:40:25,0,
307,石门水库,2026-07-09,2026-07-09 08:00:00,长江,湖北,石门河,160.89,0.0,2026-07-09 15:40:25,0,
308,百马河,2026-07-09,2026-07-09 08:00:00,长江,湖北,长河,174.14,0.26,2026-07-09 15:40:25,0,
309,凤凰关,2026-07-09,2026-07-09 08:00:00,长江,湖北,长河,176.26,-0.09,2026-07-09 15:40:25,0,
310,牛车河,2026-07-09,2026-07-09 08:00:00,长江,湖北,巴水,74.35,0.06,2026-07-09 15:40:25,0,
311,柳堰岩,2026-07-09,2026-07-09 08:00:00,长江,湖北,新桥河,46.76,0.04,2026-07-09 15:40:25,0,
312,黄河厂,2026-07-09,2026-07-09 08:00:00,长江,湖北,雷溪河,84.09,-0.07,2026-07-09 15:40:25,0,
313,阁壁,2026-07-09,2026-07-09 08:00:00,长江,湖北,汉河,162.26,-0.08,2026-07-09 15:40:25,0,
314,龙潭,2026-07-09,2026-07-09 08:00:00,长江,湖北,天家河,198.65,-0.05,2026-07-09 15:40:25,0,
316,三湖水江,2026-07-09,2026-07-09 08:00:00,长江,湖北,陆马河,27.35,0.0,2026-07-09 15:40:25,0,
317,双石水库,2026-07-09,2026-07-09 08:00:00,长江,湖北,汀龙河,103.84,0.55,2026-07-09 15:40:25,0,
318,南河,2026-07-09,2026-07-09 08:00:00,长江,湖北,霍河,101.92,-0.01,2026-07-09 15:40:25,0,
319,浪河潭,2026-07-09,2026-07-09 08:00:00,长江,湖北,易家段河,436.08,-0.06,2026-07-09 15:40:25,0,
320,四门楼水库,2026-07-09,2026-07-09 08:00:00,长江,湖北,黄水河,87.31,-0.03,2026-07-09 15:40:25,0,
321,南河,2026-07-09,2026-07-09 08:00:00,长江,陕西,汉江,360.28,-0.02,2026-07-09 15:40:25,0,
322,石门,2026-07-09,2026-07-09 08:00:00,长江,陕西,赵河,615.95,-0.1,2026-07-09 15:40:25,0,
323,党河,2026-07-09,2026-07-09 08:00:00,长江,陕西,党水河,525.58,-0.19,2026-07-09 15:40:25,0,
325,马河口,2026-07-09,2026-07-09 08:00:00,长江,陕西,沙河,496.76,-0.26,2026-07-09 15:40:25,0,
327,姚门,2026-07-09,2026-07-09 08:00:00,长江,湖北,天水河,319.64,0.0,2026-07-09 15:40:25,0,
328,黄龙滩,2026-07-09,2026-07-09 08:00:00,长江,湖北,堵河,240.56,0.04,2026-07-09 15:40:25,0,
329,仙溪河,2026-07-09,2026-07-09 08:00:00,长江,湖北,仙溪河,496.8,0.0,2026-07-09 15:40:25,0,
330,敖河,2026-07-09,2026-07-09 08:00:00,长江,湖北,敖河,323.55,0.01,2026-07-09 15:40:25,0,
332,浪河河,2026-07-09,2026-07-09 08:00:00,长江,湖北,浪河,198.52,0.0,2026-07-09 15:40:25,0,
333,潭口,2026-07-09,2026-07-09 08:00:00,长江,湖北,北河,136.28,-0.8,2026-07-09 15:40:25,0,
334,南河,2026-07-09,2026-07-09 08:00:00,长江,湖北,南河,148.7,-0.14,2026-07-09 15:40:25,0,
336,红水河,2026-07-09,2026-07-09 08:00:00,长江,湖北,红水河,115.03,-0.03,2026-07-09 15:40:25,0,
337,柳堰湾,2026-07-09,2026-07-09 08:00:00,长江,湖北,柳堰河,121.86,-0.08,2026-07-09 15:40:25,0,
338,罗河一库,2026-07-09,2026-07-09 08:00:00,长江,湖北,罗河,128.05,-0.04,2026-07-09 15:40:25,0,
339,三鹞河,2026-07-09,2026-07-09 08:00:00,长江,湖北,敖河,146.16,-0.09,2026-07-09 15:40:25,0,
340,云台山,2026-07-09,2026-07-09 08:00:00,长江,湖北,黑河,158.18,0.0,2026-07-09 15:40:25,0,
341,仙家河,2026-07-09,2026-07-09 08:00:00,长江,湖北,仙家河,144.46,-0.06,2026-07-09 15:40:25,0,
344,温峡口,2026-07-09,2026-07-09 08:00:00,长江,湖北,丰水,97.21,0.0,2026-07-09 15:40:25,0,
345,铜河山,2026-07-09,2026-07-09 08:00:00,长江,湖北,云马河,82.61,0.0,2026-07-09 15:40:25,0,
346,马家河,2026-07-09,2026-07-09 08:00:00,长江,湖北,马家河,288.8,-0.1,2026-07-09 15:40:25,0,
347,冢桥河,2026-07-09,2026-07-09 08:00:00,长江,湖北,汉江,138.62,-0.02,2026-07-09 15:40:25,0,
348,八龙河,2026-07-09,2026-07-09 08:00:00,长江,湖北,牛龙河,107.89,-0.05,2026-07-09 15:40:25,0,
349,西八子河,2026-07-09,2026-07-09 08:00:00,长江,湖北,西八子河,108.81,-0.04,2026-07-09 15:40:25,0,
350,马黄河,2026-07-09,2026-07-09 08:00:00,长江,湖北,马黄河,106.01,-0.03,2026-07-09 15:40:25,0,
351,黄坡,2026-07-09,2026-07-09 08:00:00,长江,湖北,丰水,72.93,0.0,2026-07-09 15:40:25,0,
352,二龙山,2026-07-09,2026-07-09 08:00:00,长江,陕西,丹江,757.47,0.0,2026-07-09 15:40:25,0,
353,石河,2026-07-09,2026-07-09 08:00:00,长江,湖北,石河,385.75,-0.05,2026-07-09 15:40:25,0,
354,石门,2026-07-09,2026-07-09 08:00:00,长江,河南,大灌河,285.3,-0.17,2026-07-09 15:40:25,0,
355,鸭河口,2026-07-09,2026-07-09 08:00:00,长江,河南,白河,174.71,-0.02,2026-07-09 15:40:25,0,
356,吴庄,2026-07-09,2026-07-09 08:00:00,长江,河南,流鸭河,230.1,-0.02,2026-07-09 15:40:25,0,
357,黑岗庙,2026-07-09,2026-07-09 08:00:00,长江,河南,龙水河,157.02,-0.01,2026-07-09 15:40:25,0,
358,荆营,2026-07-09,2026-07-09 08:00:00,长江,河南,十二里河,143.59,-0.01,2026-07-09 15:40:25,0,
359,泸湾,2026-07-09,2026-07-09 08:00:00,长江,河南,泸河,217.64,-0.01,2026-07-09 15:40:25,0,
360,华山,2026-07-09,2026-07-09 08:00:00,长江,河南,袁河,177.85,-0.01,2026-07-09 15:40:25,0,
361,泼家场,2026-07-09,2026-07-09 08:00:00,长江,河南,十黑鹞河,185.39,-0.02,2026-07-09 15:40:25,0,
363,梅山,2026-07-09,2026-07-09 08:00:00,长江,河南,丰河,136.95,-0.03,2026-07-09 15:40:25,0,
365,石山,2026-07-09,2026-07-09 08:00:00,长江,湖北,沙河,193.85,-0.05,2026-07-09 15:40:25,0,
366,沙河,2026-07-09,2026-07-09 08:00:00,长江,湖北,沙河,166.56,0.02,2026-07-09 15:40:25,0,
368,罗河,2026-07-09,2026-07-09 08:00:00,长江,湖北,沙河,174.04,-0.02,2026-07-09 15:40:25,0,
369,马安山,2026-07-09,2026-07-09 08:00:00,长江,湖北,沙河,148.79,-0.01,2026-07-09 15:40:25,0,
371,丹峪岩,2026-07-09,2026-07-09 08:00:00,长江,陕西,青花河,130.85,-0.01,2026-07-09 15:40:25,0,
372,官沟,2026-07-09,2026-07-09 08:00:00,长江,湖北,官沟河,84.37,0.01,2026-07-09 15:40:25,0,
373,华阳河,2026-07-09,2026-07-09 08:00:00,长江,湖北,华阳河,140.32,-0.01,2026-07-09 15:40:25,0,
374,坪河,2026-07-09,2026-07-09 08:00:00,长江,湖北,坪河,120.09,-0.06,2026-07-09 15:40:25,0,
375,大洪山,2026-07-09,2026-07-09 08:00:00,长江,湖北,南水,171.76,-0.06,2026-07-09 15:40:25,0,
376,石山,2026-07-09,2026-07-09 08:00:00,长江,湖北,长水,187.64,-0.03,2026-07-09 15:40:25,0,
377,黑山湾,2026-07-09,2026-07-09 08:00:00,长江,湖北,长水,113.69,-0.01,2026-07-09 15:40:25,0,
378,罗河,2026-07-09,2026-07-09 08:00:00,长江,湖北,罗河,116.1,-0.03,2026-07-09 15:40:25,0,
379,天河口,2026-07-09,2026-07-09 08:00:00,长江,湖北,戴江口河,174.87,-0.09,2026-07-09 15:40:25,0,
381,观音岩,2026-07-09,2026-07-09 08:00:00,长江,湖北,水水流流张家家河,108.83,0.09,2026-07-09 15:40:25,0,
382,黄栗庙,2026-07-09,2026-07-09 08:00:00,长江,湖北,封溪河河,101.19,-0.01,2026-07-09 15:40:25,0,
383,马河山,2026-07-09,2026-07-09 08:00:00,长江,湖北,南水,89.15,0.0,2026-07-09 15:40:25,0,
384,黄河口,2026-07-09,2026-07-09 08:00:00,长江,湖北,黄河口河,119.04,-0.02,2026-07-09 15:40:25,0,
385,余家河,2026-07-09,2026-07-09 08:00:00,长江,湖北,余家河,68.83,0.0,2026-07-09 15:40:25,0,
387,惠家河,2026-07-09,2026-07-09 08:00:00,长江,湖北,南水流流张漳河,96.92,0.0,2026-07-09 15:40:25,0,
388,界园,2026-07-09,2026-07-09 08:00:00,长江,湖北,水水东流上仔,128.78,-0.01,2026-07-09 15:40:25,0,
389,芳畈,2026-07-09,2026-07-09 08:00:00,长江,湖北,澴水支流，晏家河,85.89,0.03,2026-07-09 15:40:25,0,
390,金盆,2026-07-09,2026-07-09 08:00:00,长江,湖北,水水流流张家家河,70.04,0.03,2026-07-09 15:40:25,0,
391,黑子洼,2026-07-09,2026-07-09 08:00:00,长江,湖北,水水流流张黄家岗河,47.87,0.05,2026-07-09 15:40:25,0,
392,滑石冲,2026-07-09,2026-07-09 08:00:00,长江,湖北,界河,100.88,0.09,2026-07-09 15:40:25,0,
393,石门,2026-07-09,2026-07-09 08:00:00,长江,湖北,寨子河,89.21,0.03,2026-07-09 15:40:25,0,
394,石龙,2026-07-09,2026-07-09 08:00:00,长江,湖北,云马河,61.3,-0.01,2026-07-09 15:40:25,0,
395,石岭,2026-07-09,2026-07-09 08:00:00,长江,湖北,天门河,57.54,-0.03,2026-07-09 15:40:25,0,
396,水亭山,2026-07-09,2026-07-09 08:00:00,长江,湖北,南水,81.7,0.01,2026-07-09 15:40:25,0,
397,高关,2026-07-09,2026-07-09 08:00:00,长江,湖北,大富水,116.73,-0.03,2026-07-09 15:40:25,0,
398,清家河,2026-07-09,2026-07-09 08:00:00,长江,湖北,广水河,112.92,-0.01,2026-07-09 15:40:25,0,
400,大营头水库,2026-07-09,2026-07-09 08:00:00,长江流域,江西,云亭水,148.12,-0.07,2026-07-09 15:40:25,0,
401,白云山水库,2026-07-09,2026-07-09 08:00:00,长江流域,江西,富田水,174.04,-0.16,2026-07-09 15:40:25,0,
402,南车水库,2026-07-09,2026-07-09 08:00:00,长江流域,江西,牛山江,156.74,0.09,2026-07-09 15:40:25,0,
403,皎上水库,2026-07-09,2026-07-09 08:00:00,长江流域,江西,樟水,168.64,-0.03,2026-07-09 15:40:25,0,
404,江口,2026-07-09,2026-07-09 08:00:00,长江流域,江西,县水,68.91,-0.24,2026-07-09 15:40:25,0,
405,飞剑潭一坝水库,2026-07-09,2026-07-09 08:00:00,长江流域,江西,尧市,172.08,0.04,2026-07-09 15:40:25,0,
406,牛云山水库,2026-07-09,2026-07-09 08:00:00,长江流域,江西,丰水,78.04,0.0,2026-07-09 15:40:25,0,
407,潘桥水库,2026-07-09,2026-07-09 08:00:00,长江流域,江西,长水,66.12,0.0,2026-07-09 15:40:25,0,
408,上仔水库,2026-07-09,2026-07-09 08:00:00,长江流域,江西,北溪,81.8,0.02,2026-07-09 15:40:25,0,
409,大库,2026-07-09,2026-07-09 08:00:00,长江,江西,沙安河,64.99,-0.17,2026-07-09 15:40:25,0,
410,大潭水库,2026-07-09,2026-07-09 08:00:00,长江流域,江西,修河,209.2,0.06,2026-07-09 15:40:25,0,
411,大河水库,2026-07-09,2026-07-09 08:00:00,长江,江西,姚塘水,76.53,-0.16,2026-07-09 15:40:25,0,
412,北山水库（镇江）,2026-07-09,2026-07-09 08:00:00,长江,江北,大竹河,49.71,-0.02,2026-07-09 15:40:25,0,
413,屏仙,2026-07-09,2026-07-09 08:00:00,长江,湖北,屏仙河,61.9,0.1,2026-07-09 15:40:25,0,
414,河坪,2026-07-09,2026-07-09 08:00:00,长江,湖北,河坪河,67.66,0.04,2026-07-09 15:40:25,0,
415,古河,2026-07-09,2026-07-09 08:00:00,长江,湖北,古河河,64.86,-0.07,2026-07-09 15:40:25,0,
416,花家亭,2026-07-09,2026-07-09 08:00:00,长江,安东,长河,80.09,0.2,2026-07-09 15:40:25,0,
417,梅河,2026-07-09,2026-07-09 08:00:00,长江,湖北,梅河河,68.69,0.02,2026-07-09 15:40:25,0,
418,仙人坝,2026-07-09,2026-07-09 08:00:00,长江,湖北,晋文东河,43.74,0.01,2026-07-09 15:40:25,0,
419,龙河口（内）,2026-07-09,2026-07-09 08:00:00,长江,安东,新家河,66.88,-0.05,2026-07-09 15:40:25,0,
420,罗河,2026-07-09,2026-07-09 08:00:00,长江,安东,南榕河,27.49,-0.02,2026-07-09 15:40:25,0,
422,黄浮树,2026-07-09,2026-07-09 08:00:00,长江,安东,南河,43.27,0.16,2026-07-09 15:40:25,0,
423,沙河湾,2026-07-09,2026-07-09 08:00:00,长江,安东,清流河,34.5,0.53,2026-07-09 15:40:25,0,
424,青山水库,2026-07-09,2026-07-09 08:00:00,长江流域太湖区,浙江,南坪溪,23.17,-0.12,2026-07-09 15:40:25,0,
425,铜河口水库,2026-07-09,2026-07-09 08:00:00,长江流域太湖区,浙江,船步溪,47.97,-0.38,2026-07-09 15:40:25,0,
426,横石水库,2026-07-09,2026-07-09 08:00:00,长江流域太湖区,浙江,西溪,77.82,-0.26,2026-07-09 15:40:25,0,
427,大石门水库,2026-07-09,2026-07-09 08:00:00,长江流域太湖区,浙江,南溪,113.21,-0.65,2026-07-09 15:40:25,0,
428,大溪水库,2026-07-09,2026-07-09 08:00:00,太湖,江北,大溪水库,13.25,0.33,2026-07-09 15:40:25,0,
429,沙河水库,2026-07-09,2026-07-09 08:00:00,太湖,江北,沙河水库,19.88,-0.19,2026-07-09 15:40:25,0,
430,横山水库,2026-07-09,2026-07-09 08:00:00,太湖,江北,南溪,32.07,0.01,2026-07-09 15:40:25,0,
431,富镇江水库,2026-07-09,2026-07-09 08:00:00,浙闽台河流,浙江,富镇江,22.66,-0.14,2026-07-09 15:40:25,0,
432,黄溪口水库,2026-07-09,2026-07-09 08:00:00,浙闽台河流,浙江,乌溪江,113.05,-0.14,2026-07-09 15:40:25,0,
433,铜山源水库,2026-07-09,2026-07-09 08:00:00,浙闽台河流,浙江,铜山源,135.11,0.05,2026-07-09 15:40:25,0,
434,横锦水库,2026-07-09,2026-07-09 08:00:00,浙闽台河流,浙江,东阳江,157.18,0.04,2026-07-09 15:40:25,0,
435,南江水库,2026-07-09,2026-07-09 08:00:00,浙闽台河流,浙江,南江,200.21,-0.37,2026-07-09 15:40:25,0,
436,新安江水库,2026-07-09,2026-07-09 08:00:00,浙闽台河流,浙江,新安江,104.08,0.0,2026-07-09 15:40:25,0,
437,石壁水库,2026-07-09,2026-07-09 08:00:00,浙闽台河流,浙江,古化江,85.97,0.03,2026-07-09 15:40:25,0,
438,新丰水库,2026-07-09,2026-07-09 08:00:00,浙闽台河流,浙江,新丰江,78.27,-0.01,2026-07-09 15:40:25,0,
439,长安水库,2026-07-09,2026-07-09 08:00:00,浙闽台河流,浙江,新昌江,120.61,-0.02,2026-07-09 15:40:25,0,
440,南山水库,2026-07-09,2026-07-09 08:00:00,浙闽台河流,浙江,南山江,113.38,0.13,2026-07-09 15:40:25,0,
442,南口水库,2026-07-09,2026-07-09 08:00:00,浙闽台河流,浙江,金溪,54.39,-0.01,2026-07-09 15:40:25,0,
443,横山水库,2026-07-09,2026-07-09 08:00:00,浙闽台河流,浙江,山江,88.66,-0.08,2026-07-09 15:40:25,0,
444,里石门水库,2026-07-09,2026-07-09 08:00:00,浙闽台河流,浙江,大丰溪,173.31,-0.27,2026-07-09 15:40:25,0,
445,牛头山水库,2026-07-09,2026-07-09 08:00:00,浙闽台河流,浙江,龙溪,34.21,-0.04,2026-07-09 15:40:25,0,
446,长潭水库,2026-07-09,2026-07-09 08:00:00,浙闽台河流,浙江,永宁江,30.21,-0.01,2026-07-09 15:40:25,0,
447,紧水滩水库,2026-07-09,2026-07-09 08:00:00,浙闽台河流,浙江,龙泉溪,173.24,0.09,2026-07-09 15:40:25,0,
448,安安水库,2026-07-09,2026-07-09 08:00:00,闽江,福东,九龙溪,260.16,-0.46,2026-07-09 15:40:25,0,
449,沙溪口水库,2026-07-09,2026-07-09 08:00:00,闽江,福东,沙溪,86.24,0.02,2026-07-09 15:40:25,0,
450,池潭水库,2026-07-09,2026-07-09 08:00:00,闽江,福东,金溪,270.55,-0.37,2026-07-09 15:40:25,0,
451,东溪水库,2026-07-09,2026-07-09 08:00:00,闽江,福东,东溪,258.9,-0.39,2026-07-09 15:40:25,0,
452,水东水库,2026-07-09,2026-07-09 08:00:00,闽江,福东,鳌溪,139.11,0.66,2026-07-09 15:40:25,0,
453,坑口水库,2026-07-09,2026-07-09 08:00:00,闽江,福东,南山溪,608.21,-0.15,2026-07-09 15:40:25,0,
454,古田一级水库,2026-07-09,2026-07-09 08:00:00,闽江,福东,古田溪,374.42,-0.19,2026-07-09 15:40:25,0,
455,山山水库,2026-07-09,2026-07-09 08:00:00,珠江,福东,珠江东溪,91.0,0.0,2026-07-09 15:40:25,0,
456,万安水库,2026-07-09,2026-07-09 08:00:00,闽东南诸河,福东,万安溪,355.54,-0.08,2026-07-09 15:40:25,0,
457,惠头水库,2026-07-09,2026-07-09 08:00:00,闽东南诸河,福东,新墙溪,58.06,-0.14,2026-07-09 15:40:25,0,
458,南一水库,2026-07-09,2026-07-09 08:00:00,闽东南诸河,福东,新场溪,283.6,-0.22,2026-07-09 15:40:25,0,
459,峰山水库,2026-07-09,2026-07-09 08:00:00,闽东诸河,福东,忙阳溪,741.84,-0.83,2026-07-09 15:40:25,0,
460,山仔水库,2026-07-09,2026-07-09 08:00:00,闽东诸河,福东,瀑江,79.99,-2.1,2026-07-09 15:40:25,0,
461,东黄水库,2026-07-09,2026-07-09 08:00:00,闽南诸河,福东,龙江,46.21,-0.07,2026-07-09 15:40:25,0,
462,东方红,2026-07-09,2026-07-09 08:00:00,萩汾溪,福东,三河河溪,68.04,-0.11,2026-07-02 15:40:33,0,
463,东圳,2026-07-09,2026-07-09 08:00:00,闽南沿海诸河,福东,马营溪,69.23,-0.02,2026-07-09 15:40:25,0,
464,古洋,2026-07-09,2026-07-09 08:00:00,闽南沿海诸河,福东,沙溪,103.32,-0.03,2026-07-09 15:40:25,0,
465,水石水库,2026-07-09,2026-07-09 08:00:00,闽南沿海诸河,福东,大罗溪,69.83,0.0,2026-07-09 15:40:25,0,
466,汀溪水库,2026-07-09,2026-07-09 08:00:00,闽东南诸河,福东,汀溪,64.23,0.17,2026-07-09 15:40:25,0,
467,峰头水库,2026-07-09,2026-07-09 08:00:00,闽东南诸河,福东,漳江,64.28,-0.1,2026-07-09 15:40:25,0,
468,亚湖水库,2026-07-09,2026-07-09 08:00:00,闽东南诸河,福东,湖内溪,35.17,0.05,2026-07-09 15:40:25,0,
469,天家桥一级,2026-07-09,2026-07-09 08:00:00,珠江,湖北,南头江,761.42,0.72,2026-07-09 15:40:25,0,
470,龙家河,2026-07-09,2026-07-09 08:00:00,珠江,云南,黄陂河,1110.92,-1.24,2026-07-09 15:40:25,0,
471,金青河,2026-07-09,2026-07-09 08:00:00,珠江,广东,罗定江,98.13,0.25,2026-07-09 15:40:25,0,
472,罗故,2026-07-09,2026-07-09 08:00:00,珠江,广东,新弋河,281.34,0.46,2026-07-09 15:40:25,0,
473,铁河,2026-07-09,2026-07-09 08:00:00,珠江,广东,新墙江,167.42,1.1,2026-07-09 15:40:25,0,
474,北峰山,2026-07-09,2026-07-09 08:00:00,珠江,广东,玉仙河,110.77,-0.51,2026-07-09 15:40:25,0,
475,朝阳,2026-07-09,2026-07-09 08:00:00,珠江,广东,罗坪水,127.35,0.01,2026-07-09 15:40:25,0,
476,山垌,2026-07-09,2026-07-09 08:00:00,珠江,广东,新家河,196.81,0.82,2026-07-09 15:40:25,0,
477,大山,2026-07-09,2026-07-09 08:00:00,珠江,广东,皎水水,79.64,0.22,2026-07-09 15:40:25,0,
478,九坑河,2026-07-09,2026-07-09 08:00:00,珠江,广东,长字水,36.55,0.81,2026-07-09 15:40:25,0,
479,锦江（仁化）,2026-07-09,2026-07-09 08:00:00,珠江,广东,锦江,134.75,0.12,2026-07-09 15:40:25,0,
480,东丹,2026-07-09,2026-07-09 08:00:00,珠江,广东,马田水,309.94,0.15,2026-07-09 15:40:25,0,
481,南水,2026-07-09,2026-07-09 08:00:00,北江,广东,南水,212.27,0.26,2026-07-09 15:40:25,0,
483,象子,2026-07-09,2026-07-09 08:00:00,珠江,广东,大镇水,144.99,0.3,2026-07-09 15:40:25,0,
484,潭岭,2026-07-09,2026-07-09 08:00:00,珠江,广东,潭源洞水,634.06,0.12,2026-07-09 15:40:25,0,
485,大袁,2026-07-09,2026-07-09 08:00:00,珠江,广东,袁公水,66.52,-0.09,2026-07-09 15:40:25,0,
486,小坑,2026-07-09,2026-07-09 08:00:00,珠江,广东,大湾河,222.49,0.16,2026-07-09 15:40:25,0,
488,龙塔带,2026-07-09,2026-07-09 08:00:00,珠江,广东,黄洞水,263.63,0.25,2026-07-09 15:40:25,0,
489,榆溪,2026-07-09,2026-07-09 08:00:00,珠江,广东,榆溪河,58.64,0.04,2026-07-09 15:40:25,0,
490,青山,2026-07-09,2026-07-09 08:00:00,珠江,广东,青山河,50.94,0.05,2026-07-09 15:40:25,0,
491,江谷,2026-07-09,2026-07-09 08:00:00,珠江,广东,江谷河,50.26,0.3,2026-07-09 15:40:25,0,
492,大树坝,2026-07-09,2026-07-09 08:00:00,珠江,广东,东江,157.61,0.1,2026-07-09 15:40:25,0,
493,新丰江,2026-07-09,2026-07-09 08:00:00,珠江,广东,新丰江,111.91,0.1,2026-07-09 15:40:25,0,
482,长湖,2026-07-09,2026-07-09 08:00:00,珠江,广东,汶江,58.48,0.16,2026-07-09 15:40:25,0,
175,峡山水库,2026-07-09,2026-07-09 08:00:00,淮河,山东,汶河,36.6,0.02,2026-07-09 15:40:25,0,
283,石门塘水库,2026-07-09,2026-07-09 08:00:00,长江,湖北,泼家河,258.31,0.06,2026-07-09 15:40:25,0,
315,青山,2026-07-09,2026-07-09 08:00:00,长江,湖北,青山河,121.5,-0.6,2026-07-09 15:40:25,0,
256,道河,2026-07-09,2026-07-09 08:00:00,长江,湖北,漳河,120.29,-0.01,2026-07-09 15:40:25,0,
213,茅子潭,2026-07-09,2026-07-09 08:00:00,淮河,安东,淠河东源,180.98,0.13,2026-07-09 15:40:25,0,
343,梁河,2026-07-09,2026-07-09 08:00:00,长江,湖北,马家河,147.34,-0.06,2026-07-09 15:40:25,0,
342,小南河,2026-07-09,2026-07-09 08:00:00,长江,湖北,小南河,166.88,-0.12,2026-07-09 15:40:25,0,
364,周桥,2026-07-09,2026-07-09 08:00:00,长江,湖北,马龙河,121.3,-0.01,2026-07-09 15:40:25,0,
367,吉河,2026-07-09,2026-07-09 08:00:00,长江,湖北,沙河,138.7,0.0,2026-07-09 15:40:25,0,
370,北河,2026-07-09,2026-07-09 08:00:00,长江,湖北,沙河,128.89,-0.35,2026-07-09 15:40:25,0,
113,新家院,2026-07-09,2026-07-09 08:00:00,海河,河南,旬河,771.87,0.3,2026-07-09 15:40:25,0,
331,茅塔河,2026-07-09,2026-07-09 08:00:00,长江,湖北,茅塔河,269.3,0.0,2026-07-09 15:40:25,0,
335,钟家湾,2026-07-09,2026-07-09 08:00:00,长江,湖北,小河,541.15,-0.15,2026-07-09 15:40:25,0,
85,尔王庄库,2026-07-09,2026-07-09 08:00:00,海河,天津,引滦明渠,5.67,0.0,2026-07-08 15:40:23,0,
151,巴家河水库,2026-07-09,2026-07-09 08:00:00,黄河,甘肃,千河,1087.0,0.0,2026-07-09 15:40:25,0,
386,清水河,2026-07-09,2026-07-09 08:00:00,长江,湖北,南水,71.29,0.02,2026-07-09 15:40:25,0,
421,新村,2026-07-09,2026-07-09 08:00:00,长江,安东,青营江,115.96,-0.24,2026-07-09 15:40:25,0,
281,铁山,2026-07-09,2026-07-09 08:00:00,长江,湖南,新村河,88.94,0.05,2026-07-09 15:40:25,0,
2,丰山,2026-07-09,2026-07-09 08:00:00,松花江流域,吉林,松花江吉林段,252.67,0.37,2026-07-09 15:40:25,0,
64,卧虎山水库,2026-07-09,2026-07-09 08:00:00,海河,河北,红牛河,563.89,-0.11,2026-07-09 15:40:25,0,
66,大北水库,2026-07-09,2026-07-09 08:00:00,海河,河北,汶河,610.64,-0.08,2026-07-09 15:40:25,0,
122,王湾水库,2026-07-09,2026-07-09 08:00:00,海河,山西,浊漳河西源,919.31,0.55,2026-07-09 15:40:25,0,
162,九龙河,2026-07-09,2026-07-09 08:00:00,黄河,河南,马河河,320.34,-0.02,2026-07-09 15:40:25,0,
165,大沟口,2026-07-09,2026-07-09 08:00:00,黄河,河南,马营河,589.21,-0.13,2026-07-09 15:40:25,0,
207,泼马,2026-07-09,2026-07-09 08:00:00,淮河,河南,马荆河,437.2,-0.03,2026-07-09 15:40:25,0,
324,观音河,2026-07-09,2026-07-09 08:00:00,长江,陕西,观音河,459.14,-0.04,2026-07-09 15:40:25,0,
288,西家寺,2026-07-09,2026-07-09 08:00:00,长江,湖北,西家河,48.76,0.02,2026-07-09 15:40:25,0,
286,陂河,2026-07-09,2026-07-09 08:00:00,长江,湖北,泊漠河,44.54,0.05,2026-07-09 15:40:25,0,
209,三岗,2026-07-09,2026-07-09 08:00:00,淮河,河南,小龙河,145.86,-0.01,2026-07-09 15:40:25,0,
145,石头河,2026-07-09,2026-07-09 08:00:00,黄河,陕西,石头河,784.79,-0.39,2026-07-09 15:40:25,0,
194,大河,2026-07-09,2026-07-09 08:00:00,淮河,河南,大陂河,80.82,-0.03,2026-07-09 15:40:25,0,
136,红石峡库,2026-07-09,2026-07-09 08:00:00,黄河,陕西,榆溪河,1087.61,-0.1,2026-07-09 15:40:25,0,
142,段家峡,2026-07-09,2026-07-09 08:00:00,黄河,陕西,沮河,1078.28,-0.21,2026-07-09 15:40:25,0,
144,王家山,2026-07-09,2026-07-09 08:00:00,黄河,陕西,沮河,600.91,-0.24,2026-07-09 15:40:25,0,
154,卧虎山水库,2026-07-09,2026-07-09 08:00:00,黄河,山东,玉符河,126.89,-0.08,2026-07-09 15:40:25,0,
173,墙齐水库（东库）,2026-07-09,2026-07-09 08:00:00,淮河,山东,潍河,97.86,-0.02,2026-07-09 15:40:25,0,
177,跋山水库,2026-07-09,2026-07-09 08:00:00,淮河,山东,明河,74.68,-0.01,2026-07-09 15:40:25,0,
181,王山水库,2026-07-09,2026-07-09 08:00:00,淮河,山东,黄水河,69.51,-0.02,2026-07-09 15:40:25,0,
187,王堂,2026-07-09,2026-07-09 08:00:00,淮河,河南,十公江,95.32,-0.01,2026-07-09 15:40:25,0,
193,长洲河,2026-07-09,2026-07-09 08:00:00,淮河,河南,大陂河,155.7,0.44,2026-07-09 15:40:25,0,
200,敖庄,2026-07-09,2026-07-09 08:00:00,淮河,河南,梁河,108.51,-0.01,2026-07-09 15:40:25,0,
204,铁大寺,2026-07-09,2026-07-09 08:00:00,淮河,河南,火家河,101.9,-0.47,2026-07-09 15:40:25,0,
217,王山水库,2026-07-09,2026-07-09 08:00:00,淮河,山东,庙河,174.0,0.05,2026-07-09 15:40:25,0,
220,昌里水库,2026-07-09,2026-07-09 08:00:00,淮河,山东,西字河,190.63,0.11,2026-07-09 15:40:25,0,
226,小仕阳水库,2026-07-09,2026-07-09 08:00:00,淮河,山东,县公河,152.23,0.1,2026-07-09 15:40:25,0,
233,西苇水库,2026-07-09,2026-07-09 08:00:00,淮河,山东,大沙河,103.15,0.03,2026-07-09 15:40:25,0,
362,三山,2026-07-09,2026-07-09 08:00:00,长江,河南,梁河,190.67,0.0,2026-07-09 15:40:25,0,
58,双树寺水库,2026-07-09,2026-07-09 08:00:00,内陆河,甘肃,洪水河,2452.38,-0.69,2026-07-09 15:40:25,0,
326,钟家坪,2026-07-09,2026-07-09 08:00:00,长江,陕西,旬河,246.2,0.0,2026-07-09 15:40:25,0,
399,短港,2026-07-09,2026-07-09 08:00:00,长江,湖北,大富水,52.82,0.01,2026-07-09 15:40:25,0,
380,戴江口,2026-07-09,2026-07-09 08:00:00,长江,湖北,戴江口河,118.27,-0.03,2026-07-09 15:40:25,0,
