reservoir_id,reservoir_name,date,report_time,basin,admin_unit,river,"库水位 (water level, m)","日变幅 (daily water-level change, m)",createTime,decode_unresolved_count,decode_unresolved_chars
494,白盆珠,2026-08-19,2026-08-19 08:00:00,珠江,广东,西枝江,72.77,-0.09,2026-08-19 15:40:17,0,
495,上板桥,2026-08-19,2026-08-19 08:00:00,珠江,广东,二渡河,270.89,-0.1,2026-08-19 15:40:17,0,
496,七礤水库,2026-08-19,2026-08-19 08:00:00,珠江,广东,东江,79.37,-0.12,2026-08-19 15:40:17,0,
497,红花湖,2026-08-19,2026-08-19 08:00:00,珠江,广东,东江,54.36,0.01,2026-08-19 15:40:17,0,
498,同沙,2026-08-19,2026-08-19 08:00:00,珠江,广东,黄沙水,15.47,0.01,2026-06-13 15:40:21,0,
499,鸡心石,2026-08-19,2026-08-19 08:00:00,珠江,广东,横岭水,47.3,0.25,2026-08-19 15:40:17,0,
500,稿树下,2026-08-19,2026-08-19 08:00:00,珠江,广东,稿树下水,61.8,-0.04,2026-08-19 15:40:17,0,
501,联和,2026-08-19,2026-08-19 08:00:00,珠江,广东,里波水,53.86,0.05,2026-08-19 15:40:17,0,
502,天堂山,2026-08-19,2026-08-19 08:00:00,珠江,广东,增江,147.18,-0.13,2026-08-19 15:40:17,0,
503,流溪河,2026-08-19,2026-08-19 08:00:00,流溪河,广东,流溪河,227.9,-0.18,2026-08-19 15:40:17,0,
504,天湖,2026-08-19,2026-08-19 08:00:00,流溪河,广东,天湖水库水,232.13,-0.01,2026-08-19 15:40:17,0,
505,和龙,2026-08-19,2026-08-19 08:00:00,流溪河,广东,沙坑,36.12,0.0,2026-08-19 15:40:17,0,
506,显岗,2026-08-19,2026-08-19 08:00:00,珠江,广东,沙河,21.96,-0.08,2026-08-19 15:40:17,0,
507,黄龙带,2026-08-19,2026-08-19 08:00:00,流溪河,广东,流溪河,169.83,0.03,2026-08-19 15:40:17,0,
508,罗田,2026-08-19,2026-08-19 08:00:00,珠江,广东,茅洲河,30.95,0.1,2026-05-21 15:40:28,0,
509,铁岗,2026-08-19,2026-08-19 08:00:00,珠江,广东,西乡水,23.05,0.23,2026-05-21 15:40:28,0,
510,西沥,2026-08-19,2026-08-19 08:00:00,珠江,广东,南头河,27.34,0.0,2025-01-21 15:41:15,0,
511,深圳,2026-08-19,2026-08-19 08:00:00,珠江,广东,深圳水,27.15,-0.09,2026-08-19 15:40:17,0,
512,梅林,2026-08-19,2026-08-19 08:00:00,珠江,广东,新洲河,51.06,-0.02,2026-08-19 15:40:17,0,
513,松子坑,2026-08-19,2026-08-19 08:00:00,珠江,广东,龙岗河,61.51,-0.03,2026-08-19 15:40:17,0,
514,宝鸭仔,2026-08-19,2026-08-19 08:00:00,珠江,广东,莲塘水,33.28,-0.14,2026-08-19 15:40:17,0,
515,四堡,2026-08-19,2026-08-19 08:00:00,珠江,广东,沙坪水,66.67,0.01,2026-08-19 15:40:17,0,
516,长江,2026-08-19,2026-08-19 08:00:00,珠江,广东,小隐涌,24.25,0.05,2026-08-19 15:40:17,0,
517,锦江,2026-08-19,2026-08-19 08:00:00,珠江,广东,潭江,92.54,-0.03,2026-08-19 15:40:17,0,
518,大沙河,2026-08-19,2026-08-19 08:00:00,珠江,广东,鹤洲水,34.17,-0.01,2026-08-19 15:40:17,0,
519,镇海,2026-08-19,2026-08-19 08:00:00,珠江,广东,镇海水,24.81,0.02,2026-08-19 15:40:17,0,
520,大镜山,2026-08-19,2026-08-19 08:00:00,珠江,广东,大镜山溪,17.67,-0.03,2026-08-19 15:40:17,0,
521,益塘,2026-08-19,2026-08-19 08:00:00,韩江,广东,五华河,150.62,-0.08,2026-08-19 15:40:17,0,
522,和山岩,2026-08-19,2026-08-19 08:00:00,韩江,广东,和山河,152.09,0.09,2026-08-19 15:40:17,0,
524,棉花滩水库,2026-08-19,2026-08-19 08:00:00,韩江,福东,汀江,168.64,0.13,2026-08-19 15:40:17,0,
525,青溪,2026-08-19,2026-08-19 08:00:00,韩江,广东,汀江,70.66,0.52,2026-08-19 15:40:17,0,
526,梅西,2026-08-19,2026-08-19 08:00:00,韩江,广东,程江,165.1,-0.06,2026-08-19 15:40:17,0,
527,凤溪,2026-08-19,2026-08-19 08:00:00,韩江,广东,凤凰溪,433.12,0.11,2026-08-19 15:40:17,0,
529,龙颈（上）,2026-08-19,2026-08-19 08:00:00,粤东沿海诸河,广东,五经富水,92.78,-0.3,2026-08-19 15:40:17,0,
530,龙颈（下）,2026-08-19,2026-08-19 08:00:00,粤东沿海诸河,广东,五经富水,53.03,0.1,2026-08-19 15:40:17,0,
531,小龙溪,2026-08-19,2026-08-19 08:00:00,粤东沿海诸河,广东,小龙溪,60.81,0.03,2026-08-19 15:40:17,0,
532,龙溪一级,2026-08-19,2026-08-19 08:00:00,粤东沿海诸河,广东,龙溪水,182.61,-0.11,2026-08-19 15:40:17,0,
533,龙溪二级,2026-08-19,2026-08-19 08:00:00,粤东沿海诸河,广东,龙溪水,71.48,0.06,2026-08-19 15:40:17,0,
534,红场,2026-08-19,2026-08-19 08:00:00,粤东沿海诸河,广东,锣鼓水,247.51,0.13,2026-08-19 15:40:17,0,
535,上金溪,2026-08-19,2026-08-19 08:00:00,粤东沿海诸河,广东,金溪河,94.24,-0.08,2026-08-19 15:40:17,0,
536,上三坑,2026-08-19,2026-08-19 08:00:00,粤东沿海诸河,广东,三坑溪,171.4,-0.3,2026-08-19 15:40:17,0,
537,白沙溪,2026-08-19,2026-08-19 08:00:00,粤东沿海诸河,广东,练江,376.92,-0.04,2026-08-19 15:40:17,0,
538,镇北,2026-08-19,2026-08-19 08:00:00,粤东沿海诸河,广东,雷岭河,45.3,0.0,2026-08-19 15:40:17,0,
539,蜈蚣岭,2026-08-19,2026-08-19 08:00:00,粤东沿海诸河,广东,雷岭河,50.7,-0.03,2026-08-19 15:40:17,0,
540,朝面山,2026-08-19,2026-08-19 08:00:00,粤东沿海诸河,广东,黄江,215.73,-0.09,2026-08-19 15:40:17,0,
541,横江,2026-08-19,2026-08-19 08:00:00,粤东沿海诸河,广东,横江水,69.45,-0.15,2026-08-19 15:40:17,0,
542,汤坑,2026-08-19,2026-08-19 08:00:00,粤东沿海诸河,广东,练江,52.45,-0.1,2026-08-19 15:40:17,0,
543,秋风岭,2026-08-19,2026-08-19 08:00:00,粤东沿海诸河,广东,练江,40.49,-0.12,2026-08-19 15:40:17,0,
544,龙潭,2026-08-19,2026-08-19 08:00:00,粤东沿海诸河,广东,龙江,70.32,-0.04,2026-08-19 15:40:17,0,
545,石榴潭,2026-08-19,2026-08-19 08:00:00,粤东沿海诸河,广东,罗溪,38.27,-0.04,2026-08-19 15:40:17,0,
547,公平,2026-08-19,2026-08-19 08:00:00,粤东沿海诸河,广东,黄江,14.87,-0.02,2026-08-19 15:40:17,0,
548,黄山洞,2026-08-19,2026-08-19 08:00:00,粤东沿海诸河,广东,大液河,52.35,-0.05,2026-08-19 15:40:17,0,
549,新西河,2026-08-19,2026-08-19 08:00:00,粤东沿海诸河,广东,新西河,38.05,-0.12,2026-08-19 15:40:17,0,
550,大隆洞,2026-08-19,2026-08-19 08:00:00,珠江,广东,大隆洞河,28.8,0.01,2026-08-19 15:40:17,0,
552,高城,2026-08-19,2026-08-19 08:00:00,鉴江,广东,小水河,130.21,0.04,2026-08-19 15:40:17,0,
553,尚文,2026-08-19,2026-08-19 08:00:00,鉴江,广东,六雅河,105.48,-0.01,2026-08-19 15:40:17,0,
554,良德水库（大坝）,2026-08-19,2026-08-19 08:00:00,鉴江,广东,大井河,85.55,0.05,2026-08-19 15:40:17,0,
555,罗坑,2026-08-19,2026-08-19 08:00:00,鉴江,广东,庙背水,110.57,0.03,2026-08-19 15:40:17,0,
556,黄沙,2026-08-19,2026-08-19 08:00:00,鉴江,广东,袂花江,112.76,0.0,2026-08-19 15:40:17,0,
557,西湖,2026-08-19,2026-08-19 08:00:00,粤西沿海诸河,广东,东运河,13.13,0.05,2026-08-19 15:40:17,0,
558,龙门,2026-08-19,2026-08-19 08:00:00,粤西沿海诸河,广东,龙门河,52.47,0.01,2026-08-19 15:40:17,0,
559,大水桥,2026-08-19,2026-08-19 08:00:00,粤西沿海诸河,广东,大水桥河,53.66,0.0,2026-08-19 15:40:17,0,
560,鹤地水库（大坝）,2026-08-19,2026-08-19 08:00:00,粤西沿海诸河,广东,九洲江,38.73,0.01,2026-08-19 15:40:17,0,
561,武陵,2026-08-19,2026-08-19 08:00:00,粤西沿海诸河,广东,武陵河,36.48,0.03,2026-08-19 15:40:17,0,
562,岭背下,2026-08-19,2026-08-19 08:00:00,粤西沿海诸河,广东,沙铲河,42.93,0.01,2026-08-19 15:40:17,0,
563,仙人域,2026-08-19,2026-08-19 08:00:00,粤西沿海诸河,广东,沙铲河,36.13,-0.1,2026-08-19 15:40:17,0,
564,北河,2026-08-19,2026-08-19 08:00:00,珠江,广东,漠阳江,86.73,0.01,2026-08-19 15:40:17,0,
565,东湖,2026-08-19,2026-08-19 08:00:00,珠江,广东,那龙河,29.49,0.08,2026-08-19 15:40:17,0,
566,茅垌,2026-08-19,2026-08-19 08:00:00,珠江,广东,洋边河,27.13,0.09,2026-08-19 15:40:17,0,
567,陂底,2026-08-19,2026-08-19 08:00:00,珠江,广东,儒洞河,36.77,0.05,2026-08-19 15:40:17,0,
568,松涛水库（南丰）,2026-08-19,2026-08-19 08:00:00,南渡江,海南,南渡江,180.65,-0.02,2026-08-19 15:40:17,0,
569,牛路岭水库,2026-08-19,2026-08-19 08:00:00,万泉河,海南,万泉河,86.85,-0.58,2026-08-19 15:40:17,0,
570,万宁水库（大坝）,2026-08-19,2026-08-19 08:00:00,太阳河,海南,太阳河,21.13,0.03,2026-08-19 15:40:17,0,
571,赤田水库,2026-08-19,2026-08-19 08:00:00,藤桥河,海南,藤桥西河,21.92,0.25,2026-08-19 15:40:17,0,
572,福万水库,2026-08-19,2026-08-19 08:00:00,三亚河,海南,三亚河,131.58,-0.12,2026-08-19 15:40:17,0,
573,半岭水库,2026-08-19,2026-08-19 08:00:00,三亚河,海南,三亚河,48.58,-0.04,2026-08-19 15:40:17,0,
574,水源池水库,2026-08-19,2026-08-19 08:00:00,三亚河,海南,三亚河,41.15,0.05,2026-08-19 15:40:17,0,
575,抱古水库,2026-08-19,2026-08-19 08:00:00,宁远河,海南,宁远河,49.69,-0.09,2026-08-19 15:40:17,0,
576,大隆水库,2026-08-19,2026-08-19 08:00:00,宁远河,海南,宁远河,57.14,-0.05,2026-08-19 15:40:17,0,
577,长茅水库,2026-08-19,2026-08-19 08:00:00,望楼河,海南,望楼河,155.62,-0.03,2026-08-19 15:40:17,0,
578,石门水库,2026-08-19,2026-08-19 08:00:00,望楼河,海南,望楼河,44.28,0.0,2026-08-19 15:40:17,0,
579,高坡岭水库,2026-08-19,2026-08-19 08:00:00,罗带河,海南,罗带河,27.32,-0.04,2026-08-19 15:40:17,0,
580,大广坝水库,2026-08-19,2026-08-19 08:00:00,昌化江,海南,昌化江,129.85,-0.06,2026-08-19 15:40:17,0,
581,石碌水库,2026-08-19,2026-08-19 08:00:00,昌化江,海南,石碌河,120.41,0.01,2026-08-19 15:40:17,0,
441,亭下水库,2026-08-19,2026-08-19 08:00:00,浙闽台河流,浙江,剡江,77.21,-0.03,2026-08-19 15:40:17,0,
234,马河水库,2026-08-19,2026-08-19 08:00:00,淮河,山东,北沙河,106.87,-0.01,2026-08-19 15:40:17,0,
236,周村水库,2026-08-19,2026-08-19 08:00:00,淮河,山东,西加河,123.55,-0.01,2026-08-19 15:40:17,0,
29,宿鸭湖,2026-08-19,2026-08-19 08:00:00,淮河,河南,汝河,52.81,0.01,2026-08-19 15:40:17,0,
60,瓦房城水库,2026-08-19,2026-08-19 08:00:00,内陆河,甘肃,大堵马河,2370.56,0.74,2026-08-19 15:40:17,0,
103,东武仕水库（坝上）,2026-08-19,2026-08-19 08:00:00,海河,河北,滏阳河,103.29,0.07,2026-08-19 15:40:17,0,
110,石门水库,2026-08-19,2026-08-19 08:00:00,海河,河南,石门河,301.37,0.02,2026-08-19 15:40:17,0,
112,塔岗,2026-08-19,2026-08-19 08:00:00,海河,河南,沧河,177.13,0.0,2026-08-19 15:40:17,0,
118,彰武,2026-08-19,2026-08-19 08:00:00,海河,河南,安阳河,125.75,0.07,2026-08-19 15:40:17,0,
132,大南河,2026-08-19,2026-08-19 08:00:00,黄河,青海,大南河河,2617.94,0.02,2026-08-19 15:40:17,0,
1,白山,2026-08-19,2026-08-19 08:00:00,松花江流域,吉林,松花江吉林段,408.76,0.17,2026-08-19 15:40:17,0,
3,尼尔基坝上,2026-08-19,2026-08-19 08:00:00,黑龙江流域,黑龙江,嫩江,213.8,-0.05,2026-08-19 15:40:17,0,
4,察尔森上,2026-08-19,2026-08-19 08:00:00,黑龙江流域,内蒙古,洮儿河,360.77,-0.02,2026-08-19 15:40:17,0,
5,月亮湖,2026-08-19,2026-08-19 08:00:00,嫩江,吉林,洮儿河,131.29,0.02,2026-08-19 15:40:17,0,
6,二龙山,2026-08-19,2026-08-19 08:00:00,辽河,吉林,东辽河,221.17,0.01,2026-08-19 15:40:17,0,
7,柴河水库,2026-08-19,2026-08-19 08:00:00,辽河,辽宁,柴河,103.14,0.05,2026-08-19 15:40:17,0,
8,清河水库,2026-08-19,2026-08-19 08:00:00,辽河,辽宁,清河,126.68,0.03,2026-08-19 15:40:17,0,
9,闹德海,2026-08-19,2026-08-19 08:00:00,辽河,辽宁,柳河,173.24,0.36,2026-08-19 15:40:17,0,
10,大伙房水库,2026-08-19,2026-08-19 08:00:00,辽河,辽宁,浑河,126.14,0.09,2026-08-19 15:40:17,0,
11,观音阁水库,2026-08-19,2026-08-19 08:00:00,辽河,辽宁,太子河,251.7,0.01,2026-08-19 15:40:17,0,
12,参窝水库,2026-08-19,2026-08-19 08:00:00,辽河,辽宁,太子河,84.15,0.01,2026-08-19 15:40:17,0,
13,潘家口,2026-08-19,2026-08-19 08:00:00,海河流域,海委,滦河,216.57,-0.01,2026-08-19 15:40:17,0,
14,大黑汀,2026-08-19,2026-08-19 08:00:00,海河流域,海委,滦河,130.66,0.27,2026-08-19 15:40:17,0,
15,桃林口水库,2026-08-19,2026-08-19 08:00:00,海河,河北,青龙河,134.52,0.09,2026-08-19 15:40:17,0,
16,新安,2026-08-19,2026-08-19 08:00:00,海河,河北,白洋淀,6.63,0.01,2026-08-19 15:40:17,0,
17,端村,2026-08-19,2026-08-19 08:00:00,海河,河北,白洋淀,6.59,0.0,2026-08-19 15:40:17,0,
18,王家寨,2026-08-19,2026-08-19 08:00:00,海河,河北,白洋淀,7.25,-0.01,2025-07-10 15:40:26,0,
19,密云白河坝上,2026-08-19,2026-08-19 08:00:00,海河,北京,白河,150.23,0.01,2026-08-19 15:40:17,0,
20,官厅水库,2026-08-19,2026-08-19 08:00:00,海河,北京,永定河,472.77,0.0,2026-08-19 15:40:17,0,
21,十方院（白）（堰上）,2026-08-19,2026-08-19 08:00:00,海河,河北,白洋淀,6.55,0.01,2026-08-19 15:40:17,0,
22,岗南水库（坝上）,2026-08-19,2026-08-19 08:00:00,海河,河北,滹沱河,191.17,0.2,2026-08-19 15:40:17,0,
23,黄壁庄水库（坝上）,2026-08-19,2026-08-19 08:00:00,海河,河北,滹沱河,113.42,0.12,2026-08-19 15:40:17,0,
24,山城水库（坝上）,2026-08-19,2026-08-19 08:00:00,海河流域,海委,漳河,132.19,0.11,2026-08-19 15:40:17,0,
25,小浪底水库,2026-08-19,2026-08-19 08:00:00,黄河,河南,黄河,237.47,0.24,2026-08-19 15:40:17,0,
26,安丰塘,2026-08-19,2026-08-19 08:00:00,淮河,安东,淠东干渠,29.27,0.0,2026-08-19 15:40:17,0,
27,南湾,2026-08-19,2026-08-19 08:00:00,淮河,河南,浉河,98.18,0.01,2026-08-19 15:40:17,0,
28,板桥,2026-08-19,2026-08-19 08:00:00,淮河,河南,汝河,110.9,0.01,2026-08-19 15:40:17,0,
30,鲇鱼山,2026-08-19,2026-08-19 08:00:00,淮河,河南,灌河,101.82,0.02,2026-08-19 15:40:17,0,
31,昭平台,2026-08-19,2026-08-19 08:00:00,淮河,河南,沙河,170.75,0.04,2026-08-19 15:40:17,0,
32,白强山,2026-08-19,2026-08-19 08:00:00,淮河,河南,沙河,103.66,0.04,2026-08-19 15:40:17,0,
33,洪泽湖,2026-08-19,2026-08-19 08:00:00,淮河,江北,洪泽湖,12.16,0.01,2026-08-19 15:40:17,0,
34,骆马湖水库,2026-08-19,2026-08-19 08:00:00,淮河,江北,骆马湖,22.31,-0.03,2026-08-19 15:40:17,0,
35,石梁河水库,2026-08-19,2026-08-19 08:00:00,淮河,江北,新沭河,23.22,0.03,2026-08-19 15:40:17,0,
36,三峡,2026-08-19,2026-08-19 08:00:00,长江,湖北,长江,156.42,-0.35,2026-08-19 15:40:17,0,
37,寺坪,2026-08-19,2026-08-19 08:00:00,长江,湖北,南河,313.06,0.28,2026-08-19 15:40:17,0,
38,马桥,2026-08-19,2026-08-19 08:00:00,长江,湖北,粉青河,484.12,-0.01,2026-08-19 15:40:17,0,
39,黑清河,2026-08-19,2026-08-19 08:00:00,长江,湖北,黑清河,80.88,0.0,2026-08-19 15:40:17,0,
40,柘溪,2026-08-19,2026-08-19 08:00:00,长江,湖南,资水,164.61,-0.07,2026-08-19 15:40:17,0,
41,五强溪,2026-08-19,2026-08-19 08:00:00,长江,湖南,沅水,101.6,0.01,2026-08-19 15:40:17,0,
42,凤滩,2026-08-19,2026-08-19 08:00:00,长江,湖南,酉水,199.3,-1.13,2026-08-19 15:40:17,0,
43,江亚,2026-08-19,2026-08-19 08:00:00,长江,湖南,溇水,220.02,-0.03,2026-08-19 15:40:17,0,
44,富水,2026-08-19,2026-08-19 08:00:00,长江,湖北,富水,53.41,-0.03,2026-08-19 15:40:17,0,
45,白莲河,2026-08-19,2026-08-19 08:00:00,长江,湖北,浠水,101.54,-0.01,2026-08-19 15:40:17,0,
46,陆水水库,2026-08-19,2026-08-19 08:00:00,长江,湖北,陆水,52.27,-0.03,2026-08-19 15:40:17,0,
47,石泉,2026-08-19,2026-08-19 08:00:00,长江,陕西,汉江,401.25,-0.17,2026-08-19 15:40:17,0,
48,安康库,2026-08-19,2026-08-19 08:00:00,长江,陕西,汉江,316.36,-0.28,2026-08-19 15:40:17,0,
49,丹江口水库,2026-08-19,2026-08-19 08:00:00,长江,湖北,汉江,164.42,-0.01,2026-08-19 15:40:17,0,
50,万安水库,2026-08-19,2026-08-19 08:00:00,长江流域,江西,赣江,95.84,0.13,2026-08-19 15:40:17,0,
51,廖坊,2026-08-19,2026-08-19 08:00:00,长江流域,江西,抚河,63.37,-0.03,2026-08-19 15:40:17,0,
52,柘林,2026-08-19,2026-08-19 08:00:00,长江,江西,修河,62.49,-0.02,2026-08-19 15:40:17,0,
53,黑石山,2026-08-19,2026-08-19 08:00:00,内陆,青海,巴音河,3013.36,-0.05,2026-08-19 15:40:17,0,
54,温泉,2026-08-19,2026-08-19 08:00:00,内陆河,青海,雪水河,3953.4,0.01,2026-08-19 15:40:17,0,
55,双塔堡水库（坝上）,2026-08-19,2026-08-19 08:00:00,内陆河,甘肃,洪玉河,1327.35,-0.02,2026-08-19 15:40:17,0,
56,党河水库（坝上）,2026-08-19,2026-08-19 08:00:00,内陆河,甘肃,党河,1423.24,-0.41,2026-08-18 15:40:21,0,
57,寺桥水库（坝上）,2026-08-19,2026-08-19 08:00:00,内陆河,甘肃,马营河,2171.44,0.15,2026-08-19 15:40:17,0,
59,双树寺水库,2026-08-19,2026-08-19 08:00:00,内陆河,甘肃,洪水河,2458.08,0.98,2026-08-19 15:40:17,0,
61,鸳鸯池水库（坝上）,2026-08-19,2026-08-19 08:00:00,内陆河,甘肃,伊逊河,1312.45,-0.15,2026-08-19 15:40:17,0,
62,红山山水库（坝上）,2026-08-19,2026-08-19 08:00:00,内陆河,甘肃,石羊河,1477.47,-0.03,2026-08-19 15:40:17,0,
63,水口水库,2026-08-19,2026-08-19 08:00:00,闽江,福东,闽江,62.42,1.86,2026-08-19 15:40:17,0,
65,庙宫水库,2026-08-19,2026-08-19 08:00:00,海河,河北,伊逊河,754.62,0.47,2026-08-19 15:40:17,0,
67,洋河水库,2026-08-19,2026-08-19 08:00:00,海河,河北,洋河,51.58,0.01,2026-08-19 15:40:17,0,
68,陡河水库（坝上）,2026-08-19,2026-08-19 08:00:00,海河,河北,陡河,31.22,-0.01,2026-08-19 15:40:17,0,
69,黄白桥上,2026-08-19,2026-08-19 08:00:00,海河,天京,潮白新河,4.85,0.06,2026-08-19 15:40:17,0,
70,宁车水上,2026-08-19,2026-08-19 08:00:00,海河,天京,潮白新河,1.7,0.2,2026-08-19 15:40:17,0,
71,云北水库（坝上）,2026-08-19,2026-08-19 08:00:00,海河,河北,白河,1028.36,-0.01,2026-08-19 15:40:17,0,
72,白河堡,2026-08-19,2026-08-19 08:00:00,海河,北京,白河,592.3,0.1,2026-08-19 15:40:17,0,
73,半城子水库,2026-08-19,2026-08-19 08:00:00,海河,北京,红牛河,246.11,0.55,2026-08-19 15:40:17,0,
75,遥桥峪水库,2026-08-19,2026-08-19 08:00:00,海河,北京,安达木河,457.5,0.11,2026-08-19 15:40:17,0,
76,沙厂水库,2026-08-19,2026-08-19 08:00:00,海河,北京,红门河,162.88,0.14,2026-08-19 15:40:17,0,
77,怀柔水库,2026-08-19,2026-08-19 08:00:00,海河,北京,怀河,57.36,0.01,2026-08-19 15:40:17,0,
78,北台上水库,2026-08-19,2026-08-19 08:00:00,海河,北京,雁栖河,83.6,0.06,2026-08-19 15:40:17,0,
79,大水峪水库,2026-08-19,2026-08-19 08:00:00,海河,北京,沙河,164.65,-0.09,2026-08-19 15:40:17,0,
80,海子水库,2026-08-19,2026-08-19 08:00:00,海河,北京,泃河,106.82,0.02,2026-08-19 15:40:17,0,
81,黄松峪水库,2026-08-19,2026-08-19 08:00:00,海河,北京,泃河,199.51,0.07,2026-08-19 15:40:17,0,
82,西峪水库,2026-08-19,2026-08-19 08:00:00,海河,北京,泃河,211.84,0.04,2026-08-19 15:40:17,0,
83,于桥坝上,2026-08-19,2026-08-19 08:00:00,海河,天京,北河,19.95,0.01,2026-08-19 15:40:17,0,
84,邱庄水库（坝上）,2026-08-19,2026-08-19 08:00:00,海河,河北,东乡河,63.01,0.07,2026-08-19 15:40:17,0,
86,十三陵水库,2026-08-19,2026-08-19 08:00:00,海河,北京,温榆河,89.47,-0.7,2026-08-19 15:40:17,0,
87,十三陵水库上池,2026-08-19,2026-08-19 08:00:00,海河,北京,东沙河,555.46,16.85,2026-08-19 15:40:17,0,
88,桃峪口水库,2026-08-19,2026-08-19 08:00:00,海河,北京,温榆河,63.23,-0.01,2026-08-19 15:40:17,0,
89,大宁水库,2026-08-19,2026-08-19 08:00:00,海河,北京,小清河,48.0,0.0,2026-08-19 15:40:17,0,
90,册田,2026-08-19,2026-08-19 08:00:00,海河,山西,中干河,952.1,0.04,2026-08-19 15:40:17,0,
91,斋堂水库,2026-08-19,2026-08-19 08:00:00,海河,北京,清水河,443.15,0.08,2026-08-19 15:40:17,0,
92,安格庄水库,2026-08-19,2026-08-19 08:00:00,海河,河北,马易水,148.76,0.11,2026-08-19 15:40:17,0,
93,旺隆,2026-08-19,2026-08-19 08:00:00,海河,河北,北易水,128.99,0.09,2026-08-19 15:40:17,0,
94,马头,2026-08-19,2026-08-19 08:00:00,海河,河北,马头沟,135.99,0.02,2026-08-19 15:40:17,0,
95,西累子,2026-08-19,2026-08-19 08:00:00,海河,河北,垒子河,59.52,0.06,2026-08-19 15:40:17,0,
96,王青水库,2026-08-19,2026-08-19 08:00:00,海河,北京,刺猬河,64.74,0.09,2026-08-19 15:40:17,0,
97,横山岭水库（坝上）,2026-08-19,2026-08-19 08:00:00,海河,河北,郜河,231.25,0.12,2026-08-19 15:40:17,0,
98,王快水库,2026-08-19,2026-08-19 08:00:00,海河,河北,沙河,192.51,0.2,2026-08-19 15:40:17,0,
99,口头水库,2026-08-19,2026-08-19 08:00:00,海河,河北,界河,195.96,0.01,2026-08-19 15:40:17,0,
100,西大洋水库,2026-08-19,2026-08-19 08:00:00,海河,河北,唐河,133.17,0.1,2026-08-19 15:40:17,0,
101,龙潭,2026-08-19,2026-08-19 08:00:00,海河,河北,界河,438.34,0.07,2026-08-19 15:40:17,0,
102,龙门水库,2026-08-19,2026-08-19 08:00:00,海河,河北,沙河,119.48,0.03,2026-08-19 15:40:17,0,
104,明沟门水库,2026-08-19,2026-08-19 08:00:00,海河,河北,沙河,375.53,0.12,2026-08-19 15:40:17,0,
105,朱庄水库,2026-08-19,2026-08-19 08:00:00,海河,河北,沙河,237.49,0.21,2026-08-19 15:40:17,0,
106,临城水库,2026-08-19,2026-08-19 08:00:00,海河,河北,黄河,119.2,0.02,2026-08-19 15:40:17,0,
107,宝庄,2026-08-19,2026-08-19 08:00:00,海河,山西,松溪河,930.11,0.03,2026-08-19 15:40:17,0,
108,团泊洼水库,2026-08-19,2026-08-19 08:00:00,海河,天京,团泊洼,1.64,0.0,2026-08-19 15:40:17,0,
109,宝泉,2026-08-19,2026-08-19 08:00:00,海河,河南,浙河,257.51,0.21,2026-08-19 15:40:17,0,
111,狮豹头,2026-08-19,2026-08-19 08:00:00,海河,河南,沧河,302.62,-0.02,2026-08-19 15:40:17,0,
114,弓上,2026-08-19,2026-08-19 08:00:00,海河,河南,通河,482.12,-0.73,2024-06-10 15:40:13,0,
115,汤河,2026-08-19,2026-08-19 08:00:00,海河,河南,汤河,110.69,0.06,2026-08-19 15:40:17,0,
116,琵琶寺,2026-08-19,2026-08-19 08:00:00,海河,河南,黄河,115.56,0.16,2026-08-19 15:40:17,0,
117,小南海,2026-08-19,2026-08-19 08:00:00,海河,河南,安阳河,159.07,0.18,2026-08-19 15:40:17,0,
119,双泉,2026-08-19,2026-08-19 08:00:00,海河,河南,粉红江,137.33,0.15,2026-08-19 15:40:17,0,
120,南谷洞,2026-08-19,2026-08-19 08:00:00,海河,河南,露水河,530.78,0.2,2026-08-19 15:40:17,0,
121,漳泽水库,2026-08-19,2026-08-19 08:00:00,海河,山西,浊漳河南源,901.29,0.01,2026-08-19 15:40:17,0,
123,关河水库,2026-08-19,2026-08-19 08:00:00,海河,山西,浊漳河北源,990.7,0.03,2026-08-19 15:40:17,0,
124,石匣,2026-08-19,2026-08-19 08:00:00,海河,山西,清漳西源,1138.34,0.02,2026-08-19 15:40:17,0,
125,龙羊峡,2026-08-19,2026-08-19 08:00:00,黄河,青海,黄河,2587.38,-0.02,2026-08-19 15:40:17,0,
126,青家峡水库,2026-08-19,2026-08-19 08:00:00,黄河,甘肃,黄河,1724.22,-0.18,2026-08-19 15:40:17,0,
127,青铜峡水库,2026-08-19,2026-08-19 08:00:00,黄河,宁西,黄河,1155.98,-0.02,2026-08-19 15:40:17,0,
128,万家寨上,2026-08-19,2026-08-19 08:00:00,黄河,山西,黄河,962.77,0.17,2026-08-19 15:40:17,0,
129,天桥上,2026-08-19,2026-08-19 08:00:00,黄河,山西,黄河,829.65,-0.08,2026-08-19 15:40:17,0,
130,史家滩,2026-08-19,2026-08-19 08:00:00,黄河,河南,黄河,303.99,-0.44,2026-08-19 15:40:17,0,
131,东大滩,2026-08-19,2026-08-19 08:00:00,黄河,青海,巴燕河,2978.44,0.16,2026-08-19 15:40:17,0,
133,王瑶,2026-08-19,2026-08-19 08:00:00,黄河,陕西,榆子河,1179.18,0.02,2026-08-19 15:40:17,0,
134,小头山,2026-08-19,2026-08-19 08:00:00,黄河,陕西,西汾河,1425.1,0.0,2026-08-19 15:40:17,0,
135,河口庙,2026-08-19,2026-08-19 08:00:00,黄河,陕西,汾河,1142.1,-0.2,2026-08-19 15:40:17,0,
137,尤家卵,2026-08-19,2026-08-19 08:00:00,黄河,陕西,榆溪河,1093.82,0.02,2026-08-19 15:40:17,0,
138,窄峰,2026-08-19,2026-08-19 08:00:00,黄河,陕西,家水,603.6,0.34,2026-08-19 15:40:17,0,
139,李口,2026-08-19,2026-08-19 08:00:00,黄河,河南,宏农涧河,641.61,-0.01,2026-08-19 15:40:17,0,
140,黑河水库,2026-08-19,2026-08-19 08:00:00,黄河,山西,黑河,1123.32,-0.04,2026-08-19 15:40:17,0,
141,文峪河水库,2026-08-19,2026-08-19 08:00:00,黄河,山西,文峪河,831.15,-0.07,2026-08-19 15:40:17,0,
143,石家山,2026-08-19,2026-08-19 08:00:00,黄河,陕西,沮河,703.91,-0.1,2026-08-19 15:40:17,0,
146,羊曲湾,2026-08-19,2026-08-19 08:00:00,黄河,陕西,光水河,640.29,0.02,2026-08-19 15:40:17,0,
147,金盆,2026-08-19,2026-08-19 08:00:00,黄河,陕西,黑河,587.72,-0.3,2026-08-19 15:40:17,0,
148,石曲峪,2026-08-19,2026-08-19 08:00:00,黄河,陕西,石曲峪,722.22,-1.73,2026-08-19 15:40:17,0,
149,桃花坡,2026-08-19,2026-08-19 08:00:00,黄河,陕西,漭河,786.63,-0.04,2026-08-19 15:40:17,0,
150,枯河,2026-08-19,2026-08-19 08:00:00,黄河,陕西,枯河,401.91,-0.01,2026-08-19 15:40:17,0,
152,唐岗,2026-08-19,2026-08-19 08:00:00,黄河,河南,漭河,116.96,-0.03,2026-08-19 15:40:17,0,
153,白村,2026-08-19,2026-08-19 08:00:00,黄河,河南,潍河,124.56,0.01,2026-08-19 15:40:17,0,
155,东平湖大湖,2026-08-19,2026-08-19 08:00:00,黄河,山东,东平湖,40.13,-0.01,2026-08-19 15:40:17,0,
156,雪明水库,2026-08-19,2026-08-19 08:00:00,黄河,山东,光明河,231.0,0.0,2026-08-19 15:40:17,0,
157,黄浑水库,2026-08-19,2026-08-19 08:00:00,黄河,山东,石明河,135.24,-0.03,2026-08-19 15:40:17,0,
158,东周水库,2026-08-19,2026-08-19 08:00:00,黄河,山东,大明河南流,225.67,-0.01,2026-08-19 15:40:17,0,
159,故县水库,2026-08-19,2026-08-19 08:00:00,黄河,山东,故县河,87.04,-0.02,2026-08-19 15:40:17,0,
160,陆浑坝上,2026-08-19,2026-08-19 08:00:00,黄河,河南,伊河,317.22,0.01,2026-08-19 15:40:17,0,
161,青沟,2026-08-19,2026-08-19 08:00:00,黄河,河南,南家河,608.29,0.01,2026-08-19 15:40:17,0,
163,火花河,2026-08-19,2026-08-19 08:00:00,黄河,河南,青河河,132.22,-0.03,2026-08-19 15:40:17,0,
164,崂山水库,2026-08-19,2026-08-19 08:00:00,黄河,河南,丹河,525.45,-0.26,2026-08-19 15:40:17,0,
166,李河,2026-08-19,2026-08-19 08:00:00,黄河,河南,甘水河,325.57,0.0,2026-08-19 15:40:17,0,
167,寺村,2026-08-19,2026-08-19 08:00:00,黄河,陕西,南丹河,1035.36,0.0,2026-08-19 15:40:17,0,
168,寺河,2026-08-19,2026-08-19 08:00:00,黄河,河南,新浪河,400.55,-0.29,2026-08-19 15:40:17,0,
169,青天河,2026-08-19,2026-08-19 08:00:00,黄河,河南,丹河,349.74,0.05,2026-08-19 15:40:17,0,
170,太河水库,2026-08-19,2026-08-19 08:00:00,淮河,山东,潍河,227.14,-0.03,2026-08-19 15:40:17,0,
171,高源水库,2026-08-19,2026-08-19 08:00:00,淮河,山东,汶河,135.82,-0.02,2026-08-19 15:40:17,0,
172,白浪河水库,2026-08-19,2026-08-19 08:00:00,淮河,山东,白浪河,55.87,-0.01,2026-08-19 15:40:17,0,
174,墙齐水库（西库）,2026-08-19,2026-08-19 08:00:00,淮河,山东,潍河,97.37,0.01,2026-08-19 15:40:17,0,
176,高山水库,2026-08-19,2026-08-19 08:00:00,淮河,山东,明河,151.35,0.0,2026-08-19 15:40:17,0,
178,尹府水库,2026-08-19,2026-08-19 08:00:00,淮河,山东,大水河,70.36,-0.01,2026-08-19 15:40:17,0,
179,崂山水库,2026-08-19,2026-08-19 08:00:00,淮河,山东,小洞河,77.65,-0.01,2026-08-19 15:40:17,0,
180,门山水库,2026-08-19,2026-08-19 08:00:00,淮河,山东,白沙河,46.65,-0.05,2026-08-19 15:40:17,0,
182,门楼水库,2026-08-19,2026-08-19 08:00:00,淮河,山东,清洋河,24.87,-0.05,2026-08-19 15:40:17,0,
183,宝格庄水库,2026-08-19,2026-08-19 08:00:00,淮河,山东,东乳小河,79.67,-0.02,2026-08-19 15:40:17,0,
184,唐山水库,2026-08-19,2026-08-19 08:00:00,淮河,山东,乳小河,25.2,-0.02,2026-08-19 15:40:17,0,
185,龙河山水库,2026-08-19,2026-08-19 08:00:00,淮河,山东,臻山河,36.53,-0.01,2026-08-19 15:40:17,0,
186,田庄水库,2026-08-19,2026-08-19 08:00:00,淮河,山东,史河,78.75,-0.02,2026-08-19 15:40:17,0,
188,红石河,2026-08-19,2026-08-19 08:00:00,淮河,河南,县河,126.29,0.04,2026-08-19 15:40:17,0,
189,石山口,2026-08-19,2026-08-19 08:00:00,淮河,河南,小潢河,75.95,0.01,2026-08-19 15:40:17,0,
191,五山,2026-08-19,2026-08-19 08:00:00,淮河,河南,青龙河,88.28,0.16,2026-08-19 15:40:17,0,
192,花山,2026-08-19,2026-08-19 08:00:00,淮河,河南,田河河,159.59,-0.06,2026-08-19 15:40:17,0,
195,花山,2026-08-19,2026-08-19 08:00:00,淮河,湖北,界河,229.36,0.02,2026-08-19 15:40:17,0,
196,牛沙河,2026-08-19,2026-08-19 08:00:00,淮河,湖北,界河,173.88,-0.03,2026-08-19 15:40:17,0,
197,小龙山,2026-08-19,2026-08-19 08:00:00,淮河,河南,小潢河,53.89,-0.02,2026-08-19 15:40:17,0,
198,石石滩,2026-08-19,2026-08-19 08:00:00,淮河,河南,澎河,107.25,-0.09,2026-08-19 15:40:17,0,
199,黄石山,2026-08-19,2026-08-19 08:00:00,淮河,河南,大沙河,150.07,-0.1,2026-08-19 15:40:17,0,
201,大河,2026-08-19,2026-08-19 08:00:00,淮河,河南,黄溪河,117.29,-0.01,2026-08-19 15:40:17,0,
202,梅山,2026-08-19,2026-08-19 08:00:00,淮河,河南,厚头河,112.74,-0.06,2026-08-19 15:40:17,0,
203,梅山,2026-08-19,2026-08-19 08:00:00,淮河,安东,史河,124.02,0.02,2026-08-19 15:40:17,0,
205,白沙,2026-08-19,2026-08-19 08:00:00,淮河,河南,澎河,224.74,-0.07,2026-08-19 15:40:17,0,
206,泗河,2026-08-19,2026-08-19 08:00:00,淮河,河南,泗河,147.36,-0.07,2026-08-19 15:40:17,0,
208,大石滩,2026-08-19,2026-08-19 08:00:00,淮河,河南,济河,152.84,-0.15,2026-08-19 15:40:17,0,
210,常庄,2026-08-19,2026-08-19 08:00:00,淮河,河南,小峪河,125.53,0.01,2026-08-19 15:40:17,0,
211,李河,2026-08-19,2026-08-19 08:00:00,淮河,河南,城河,170.2,-0.23,2026-08-19 15:40:17,0,
212,寺湾,2026-08-19,2026-08-19 08:00:00,淮河,河南,双加河,326.09,-0.08,2026-08-19 15:40:17,0,
214,大子岭,2026-08-19,2026-08-19 08:00:00,淮河,安东,淠河东源,118.94,-0.2,2026-08-19 15:40:17,0,
215,狮洪滩,2026-08-19,2026-08-19 08:00:00,淮河,安东,淠河西源,125.02,-0.07,2026-08-19 15:40:17,0,
216,田庄水库,2026-08-19,2026-08-19 08:00:00,淮河,山东,庙河,28.54,0.01,2026-08-19 15:40:17,0,
218,唐村水库,2026-08-19,2026-08-19 08:00:00,淮河,山东,东明河,173.89,0.0,2026-08-19 15:40:17,0,
219,唐村水库,2026-08-19,2026-08-19 08:00:00,淮河,山东,沭河,184.68,0.0,2026-08-19 15:40:17,0,
221,阿家山水库,2026-08-19,2026-08-19 08:00:00,淮河,山东,温家河,144.59,0.0,2026-08-19 15:40:17,0,
222,西湖水库库,2026-08-19,2026-08-19 08:00:00,淮河,江北,黄头河,24.72,-0.03,2026-08-19 15:40:17,0,
223,沙沟水库,2026-08-19,2026-08-19 08:00:00,淮河,山东,沭河,66.45,0.0,2026-08-19 15:40:17,0,
224,青峰岭水库,2026-08-19,2026-08-19 08:00:00,淮河,山东,沭河,158.01,-0.02,2026-08-19 15:40:17,0,
225,安峰山水库,2026-08-19,2026-08-19 08:00:00,淮河,江北,猫镇河,14.98,-0.08,2026-08-19 15:40:17,0,
227,陡山水库,2026-08-19,2026-08-19 08:00:00,淮河,山东,郁河,124.43,0.0,2026-08-19 15:40:17,0,
228,柳庄水库,2026-08-19,2026-08-19 08:00:00,淮河,山东,资邱河,163.72,-0.02,2026-08-19 15:40:17,0,
229,白庄水库,2026-08-19,2026-08-19 08:00:00,淮河,山东,龙河,143.12,0.0,2026-08-19 15:40:17,0,
230,华村水库,2026-08-19,2026-08-19 08:00:00,淮河,山东,黄沟河,147.45,-0.01,2026-08-19 15:40:17,0,
231,龙湾套水库,2026-08-19,2026-08-19 08:00:00,淮河,山东,漳河,145.24,-0.01,2026-08-19 15:40:17,0,
232,尼山水库,2026-08-19,2026-08-19 08:00:00,淮河,山东,小庙河,119.72,0.0,2026-08-19 15:40:17,0,
235,岩马水库,2026-08-19,2026-08-19 08:00:00,淮河,山东,城河,124.66,-0.01,2026-08-19 15:40:17,0,
237,会宝岭水库（南）,2026-08-19,2026-08-19 08:00:00,淮河,山东,西加河,74.15,0.0,2026-08-19 15:40:17,0,
238,巩河水库,2026-08-19,2026-08-19 08:00:00,淮河,山东,城河,121.44,0.0,2026-08-19 15:40:17,0,
239,东江,2026-08-19,2026-08-19 08:00:00,淮河,山东,青口河,38.19,-0.02,2026-08-19 15:40:17,0,
240,小塔山水库,2026-08-19,2026-08-19 08:00:00,淮河,江北,青口河,31.18,-0.03,2026-08-19 15:40:17,0,
241,大洪河,2026-08-19,2026-08-19 08:00:00,长江,湖北,大洪河,286.59,-0.43,2026-08-19 15:40:17,0,
242,狮子滩,2026-08-19,2026-08-19 08:00:00,长江,湖北,龙溪河,342.65,-0.15,2026-08-19 15:40:17,0,
243,石板水,2026-08-19,2026-08-19 08:00:00,长江,湖北,龙河,470.64,0.44,2026-08-19 15:40:17,0,
246,跑口水库,2026-08-19,2026-08-19 08:00:00,长江,甘肃,白龙江,693.02,0.91,2026-08-19 15:40:17,0,
248,乌江渡水电库,2026-08-19,2026-08-19 08:00:00,长江,湖北,乌江,749.76,-0.26,2026-08-19 15:40:17,0,
249,红大水库,2026-08-19,2026-08-19 08:00:00,长江,湖北,猫跳河,1235.24,0.04,2026-08-19 15:40:17,0,
250,浪花水库,2026-08-19,2026-08-19 08:00:00,长江,湖北,猫跳河,1189.91,0.14,2026-08-19 15:40:17,0,
251,福宝山水库,2026-08-19,2026-08-19 08:00:00,长江,湖北,清江,1469.12,-0.09,2026-08-19 15:40:17,0,
252,西北口水库,2026-08-19,2026-08-19 08:00:00,长江,湖北,黄瑙河,317.34,-0.01,2026-08-19 15:40:17,0,
253,白河水库,2026-08-19,2026-08-19 08:00:00,长江,湖北,沮漳河,167.53,-0.07,2026-08-19 15:40:17,0,
254,雨马水库,2026-08-19,2026-08-19 08:00:00,长江,湖北,涧河,141.14,0.0,2026-08-19 15:40:17,0,
255,寺家北,2026-08-19,2026-08-19 08:00:00,长江,湖北,漳河,120.93,-0.02,2026-08-19 15:40:17,0,
257,石子岭水库,2026-08-19,2026-08-19 08:00:00,长江,湖北,花庙河,85.96,0.01,2026-08-19 15:40:17,0,
258,龙家河水库,2026-08-19,2026-08-19 08:00:00,长江,湖北,长江,78.92,-0.04,2026-08-19 15:40:17,0,
259,沧河水库,2026-08-19,2026-08-19 08:00:00,长江,湖北,沧河,129.31,0.02,2026-08-19 15:40:17,0,
260,水家亚（坝上）,2026-08-19,2026-08-19 08:00:00,长江,湖北,清江,392.0,-0.21,2026-08-19 15:40:17,0,
261,高河岩（坝上）,2026-08-19,2026-08-19 08:00:00,长江,湖北,清江,190.93,-0.06,2026-08-19 15:40:17,0,
262,高坝洲（坝上）,2026-08-19,2026-08-19 08:00:00,长江,湖北,清江,78.17,0.09,2026-08-19 15:40:17,0,
263,车坝水库,2026-08-19,2026-08-19 08:00:00,长江,湖北,车坝河,729.95,-0.23,2026-08-19 15:40:17,0,
264,太湖河水库,2026-08-19,2026-08-19 08:00:00,长江,湖北,漭漳河,37.19,0.0,2026-08-19 15:40:17,0,
265,张天河,2026-08-19,2026-08-19 08:00:00,长江,湖南,江华水,308.84,-0.01,2026-08-19 15:40:17,0,
266,双园,2026-08-19,2026-08-19 08:00:00,长江,湖南,沙江,165.28,0.33,2026-08-19 15:40:17,0,
267,八阳海,2026-08-19,2026-08-19 08:00:00,长江,湖南,张陵水,127.8,-0.06,2026-08-19 15:40:17,0,
268,东江,2026-08-19,2026-08-19 08:00:00,长江,湖南,长水,279.37,0.07,2026-08-19 15:40:17,0,
269,王家江,2026-08-19,2026-08-19 08:00:00,长江,湖南,涔水,157.78,-0.12,2026-08-19 15:40:17,0,
270,青山河,2026-08-19,2026-08-19 08:00:00,长江,湖南,永沙江,235.74,-0.01,2026-08-19 15:40:17,0,
271,水山庙,2026-08-19,2026-08-19 08:00:00,长江,湖南,湄水,92.76,-0.02,2026-08-19 15:40:17,0,
272,黄英,2026-08-19,2026-08-19 08:00:00,长江,湖南,长水,158.98,-0.08,2026-08-19 15:40:17,0,
273,官庄,2026-08-19,2026-08-19 08:00:00,长江,湖南,河江,121.48,-0.04,2026-08-19 15:40:17,0,
274,牛车峡,2026-08-19,2026-08-19 08:00:00,珠江,广东,北江,23.72,-0.05,2026-08-19 15:40:17,0,
275,新峡水库,2026-08-19,2026-08-19 08:00:00,长江,湖北,新峡河,533.61,-0.3,2026-08-19 15:40:17,0,
276,黄石,2026-08-19,2026-08-19 08:00:00,长江,湖南,白洋河,86.48,-0.03,2026-08-19 15:40:17,0,
277,沙水水库,2026-08-19,2026-08-19 08:00:00,长江,湖北,沙水,92.78,-0.08,2026-08-19 15:40:17,0,
278,天桥水库,2026-08-19,2026-08-19 08:00:00,长江,湖北,界溪河,50.44,-0.01,2026-08-19 15:40:17,0,
279,王家厂,2026-08-19,2026-08-19 08:00:00,长江,湖南,张水,80.69,-0.03,2026-08-19 15:40:17,0,
280,北河水库,2026-08-19,2026-08-19 08:00:00,长江,湖北,新河,124.37,0.0,2026-08-19 15:40:17,0,
282,石山水库,2026-08-19,2026-08-19 08:00:00,长江,湖北,蕲河,121.1,0.0,2026-08-19 15:40:17,0,
284,王步,2026-08-19,2026-08-19 08:00:00,长江,湖北,三溪河,66.69,-0.01,2026-08-19 15:40:17,0,
285,院基寺,2026-08-19,2026-08-19 08:00:00,长江,湖北,泊漠河,51.5,0.0,2026-08-19 15:40:17,0,
287,梅河,2026-08-19,2026-08-19 08:00:00,长江,湖北,浮树河,61.92,-0.08,2026-08-19 15:40:17,0,
289,尾树岗,2026-08-19,2026-08-19 08:00:00,长江,湖北,尾树岗河,107.62,0.01,2026-08-19 15:40:17,0,
290,黑河庙,2026-08-19,2026-08-19 08:00:00,长江,湖北,黄家河,114.94,0.0,2026-08-19 15:40:17,0,
291,道宝地,2026-08-19,2026-08-19 08:00:00,长江,湖北,四马河,114.99,-0.01,2026-08-19 15:40:17,0,
292,黄莲河,2026-08-19,2026-08-19 08:00:00,长江,湖北,黄莲河,79.56,-0.02,2026-08-19 15:40:17,0,
293,金沙河,2026-08-19,2026-08-19 08:00:00,长江,湖北,金沙河,67.63,-0.01,2026-08-19 15:40:17,0,
294,大河河,2026-08-19,2026-08-19 08:00:00,长江,湖北,跳石河,153.54,-0.02,2026-08-19 15:40:17,0,
295,三茅河,2026-08-19,2026-08-19 08:00:00,长江,湖北,三茅河,116.62,-0.02,2026-08-19 15:40:17,0,
296,三河口,2026-08-19,2026-08-19 08:00:00,长江,湖北,新家河,147.59,0.01,2026-08-19 15:40:17,0,
297,县山,2026-08-19,2026-08-19 08:00:00,长江,湖北,白水河,91.53,-0.04,2026-08-19 15:40:17,0,
298,红桥河,2026-08-19,2026-08-19 08:00:00,长江,湖北,红桥河,62.12,-0.02,2026-08-19 15:40:17,0,
299,凤凰山,2026-08-19,2026-08-19 08:00:00,长江,湖北,柳家河,64.38,0.0,2026-08-19 15:40:17,0,
300,黑石河,2026-08-19,2026-08-19 08:00:00,长江,湖北,沙河,94.1,0.0,2026-08-19 15:40:17,0,
301,鹞观河,2026-08-19,2026-08-19 08:00:00,长江,湖北,沙河,78.33,0.01,2026-08-19 15:40:17,0,
302,天堂,2026-08-19,2026-08-19 08:00:00,长江,湖北,新昌河,286.24,-0.52,2026-08-19 15:40:17,0,
303,天堂二级,2026-08-19,2026-08-19 08:00:00,长江,湖北,新昌河,246.61,1.94,2026-08-19 15:40:17,0,
304,黄家河,2026-08-19,2026-08-19 08:00:00,长江,湖北,西河,244.63,-0.04,2026-08-19 15:40:17,0,
305,大同,2026-08-19,2026-08-19 08:00:00,长江,湖北,霍水,117.95,-0.05,2026-08-19 15:40:17,0,
306,花河,2026-08-19,2026-08-19 08:00:00,长江,湖北,霍水,88.96,-0.1,2026-08-19 15:40:17,0,
307,石门水库,2026-08-19,2026-08-19 08:00:00,长江,湖北,石门河,160.28,-0.05,2026-08-19 15:40:17,0,
308,百马河,2026-08-19,2026-08-19 08:00:00,长江,湖北,长河,174.23,-0.06,2026-08-19 15:40:17,0,
309,凤凰关,2026-08-19,2026-08-19 08:00:00,长江,湖北,长河,175.31,-0.02,2026-08-19 15:40:17,0,
310,牛车河,2026-08-19,2026-08-19 08:00:00,长江,湖北,巴水,73.2,-0.07,2026-08-19 15:40:17,0,
311,柳堰岩,2026-08-19,2026-08-19 08:00:00,长江,湖北,新桥河,46.48,-0.02,2026-08-19 15:40:17,0,
312,黄河厂,2026-08-19,2026-08-19 08:00:00,长江,湖北,雷溪河,83.87,0.01,2026-08-19 15:40:17,0,
313,阁壁,2026-08-19,2026-08-19 08:00:00,长江,湖北,汉河,159.19,-0.01,2026-08-19 15:40:17,0,
314,龙潭,2026-08-19,2026-08-19 08:00:00,长江,湖北,天家河,195.75,-0.05,2026-08-19 15:40:17,0,
316,三湖水江,2026-08-19,2026-08-19 08:00:00,长江,湖北,陆马河,27.02,-0.01,2026-08-19 15:40:17,0,
317,双石水库,2026-08-19,2026-08-19 08:00:00,长江,湖北,汀龙河,102.71,-0.05,2026-08-19 15:40:17,0,
318,南河,2026-08-19,2026-08-19 08:00:00,长江,湖北,霍河,101.76,0.01,2026-08-19 15:40:17,0,
319,浪河潭,2026-08-19,2026-08-19 08:00:00,长江,湖北,易家段河,433.95,-0.11,2026-08-19 15:40:17,0,
320,四门楼水库,2026-08-19,2026-08-19 08:00:00,长江,湖北,黄水河,86.92,-0.13,2026-08-19 15:40:17,0,
321,南河,2026-08-19,2026-08-19 08:00:00,长江,陕西,汉江,359.79,-0.41,2026-08-19 15:40:17,0,
322,石门,2026-08-19,2026-08-19 08:00:00,长江,陕西,赵河,613.25,0.15,2026-08-19 15:40:17,0,
323,党河,2026-08-19,2026-08-19 08:00:00,长江,陕西,党水河,524.97,-0.09,2026-08-19 15:40:17,0,
325,马河口,2026-08-19,2026-08-19 08:00:00,长江,陕西,沙河,498.91,-1.92,2026-08-19 15:40:17,0,
327,姚门,2026-08-19,2026-08-19 08:00:00,长江,湖北,天水河,319.63,0.0,2026-08-19 15:40:17,0,
328,黄龙滩,2026-08-19,2026-08-19 08:00:00,长江,湖北,堵河,242.51,0.16,2026-08-19 15:40:17,0,
329,仙溪河,2026-08-19,2026-08-19 08:00:00,长江,湖北,仙溪河,496.8,0.0,2026-08-19 15:40:17,0,
330,敖河,2026-08-19,2026-08-19 08:00:00,长江,湖北,敖河,326.81,-1.17,2026-08-19 15:40:17,0,
332,浪河河,2026-08-19,2026-08-19 08:00:00,长江,湖北,浪河,202.92,-0.3,2026-08-19 15:40:17,0,
333,潭口,2026-08-19,2026-08-19 08:00:00,长江,湖北,北河,138.42,-0.01,2026-08-19 15:40:17,0,
334,南河,2026-08-19,2026-08-19 08:00:00,长江,湖北,南河,150.37,-0.01,2026-08-19 15:40:17,0,
336,红水河,2026-08-19,2026-08-19 08:00:00,长江,湖北,红水河,117.58,-0.05,2026-08-19 15:40:17,0,
337,柳堰湾,2026-08-19,2026-08-19 08:00:00,长江,湖北,柳堰河,122.43,-0.02,2026-08-19 15:40:17,0,
338,罗河一库,2026-08-19,2026-08-19 08:00:00,长江,湖北,罗河,127.65,-0.02,2026-08-19 15:40:17,0,
339,三鹞河,2026-08-19,2026-08-19 08:00:00,长江,湖北,敖河,151.86,-0.1,2026-08-19 15:40:17,0,
340,云台山,2026-08-19,2026-08-19 08:00:00,长江,湖北,黑河,158.17,0.0,2026-08-19 15:40:17,0,
341,仙家河,2026-08-19,2026-08-19 08:00:00,长江,湖北,仙家河,144.15,-0.02,2026-08-19 15:40:17,0,
344,温峡口,2026-08-19,2026-08-19 08:00:00,长江,湖北,丰水,95.91,0.0,2026-08-19 15:40:17,0,
345,铜河山,2026-08-19,2026-08-19 08:00:00,长江,湖北,云马河,82.46,-0.03,2026-08-19 15:40:17,0,
346,马家河,2026-08-19,2026-08-19 08:00:00,长江,湖北,马家河,293.1,-0.1,2026-08-19 15:40:17,0,
347,冢桥河,2026-08-19,2026-08-19 08:00:00,长江,湖北,汉江,139.44,-0.01,2026-08-19 15:40:17,0,
348,八龙河,2026-08-19,2026-08-19 08:00:00,长江,湖北,牛龙河,109.77,0.01,2026-08-19 15:40:17,0,
349,西八子河,2026-08-19,2026-08-19 08:00:00,长江,湖北,西八子河,111.99,-0.04,2026-08-19 15:40:17,0,
350,马黄河,2026-08-19,2026-08-19 08:00:00,长江,湖北,马黄河,106.49,-0.02,2026-08-19 15:40:17,0,
351,黄坡,2026-08-19,2026-08-19 08:00:00,长江,湖北,丰水,73.22,-0.01,2026-08-19 15:40:17,0,
352,二龙山,2026-08-19,2026-08-19 08:00:00,长江,陕西,丹江,761.61,-0.08,2026-08-19 15:40:17,0,
353,石河,2026-08-19,2026-08-19 08:00:00,长江,湖北,石河,387.85,0.06,2026-08-19 15:40:17,0,
354,石门,2026-08-19,2026-08-19 08:00:00,长江,河南,大灌河,288.33,0.18,2026-08-19 15:40:17,0,
355,鸭河口,2026-08-19,2026-08-19 08:00:00,长江,河南,白河,176.68,-0.03,2026-08-19 15:40:17,0,
356,吴庄,2026-08-19,2026-08-19 08:00:00,长江,河南,流鸭河,230.29,0.08,2026-08-19 15:40:17,0,
357,黑岗庙,2026-08-19,2026-08-19 08:00:00,长江,河南,龙水河,157.04,-0.14,2026-08-19 15:40:17,0,
358,荆营,2026-08-19,2026-08-19 08:00:00,长江,河南,十二里河,143.84,0.02,2026-08-19 15:40:17,0,
359,泸湾,2026-08-19,2026-08-19 08:00:00,长江,河南,泸河,218.87,0.02,2026-08-19 15:40:17,0,
360,华山,2026-08-19,2026-08-19 08:00:00,长江,河南,袁河,178.88,-0.06,2026-08-19 15:40:17,0,
361,泼家场,2026-08-19,2026-08-19 08:00:00,长江,河南,十黑鹞河,185.65,0.0,2026-08-19 15:40:17,0,
363,梅山,2026-08-19,2026-08-19 08:00:00,长江,河南,丰河,138.01,0.02,2026-08-19 15:40:17,0,
365,石山,2026-08-19,2026-08-19 08:00:00,长江,湖北,沙河,192.56,-0.03,2026-08-19 15:40:17,0,
366,沙河,2026-08-19,2026-08-19 08:00:00,长江,湖北,沙河,167.17,0.04,2026-08-19 15:40:17,0,
368,罗河,2026-08-19,2026-08-19 08:00:00,长江,湖北,沙河,173.72,0.01,2026-08-19 15:40:17,0,
369,马安山,2026-08-19,2026-08-19 08:00:00,长江,湖北,沙河,148.2,-0.32,2026-08-19 15:40:17,0,
371,丹峪岩,2026-08-19,2026-08-19 08:00:00,长江,陕西,青花河,130.02,-0.01,2026-08-19 15:40:17,0,
372,官沟,2026-08-19,2026-08-19 08:00:00,长江,湖北,官沟河,84.71,0.01,2026-08-19 15:40:17,0,
373,华阳河,2026-08-19,2026-08-19 08:00:00,长江,湖北,华阳河,139.59,-0.02,2026-08-19 15:40:17,0,
374,坪河,2026-08-19,2026-08-19 08:00:00,长江,湖北,坪河,119.24,0.01,2026-08-19 15:40:17,0,
375,大洪山,2026-08-19,2026-08-19 08:00:00,长江,湖北,南水,171.39,0.0,2026-08-19 15:40:17,0,
376,石山,2026-08-19,2026-08-19 08:00:00,长江,湖北,长水,186.89,0.05,2026-08-19 15:40:17,0,
377,黑山湾,2026-08-19,2026-08-19 08:00:00,长江,湖北,长水,112.37,0.01,2026-08-19 15:40:17,0,
378,罗河,2026-08-19,2026-08-19 08:00:00,长江,湖北,罗河,114.24,0.04,2026-08-19 15:40:17,0,
379,天河口,2026-08-19,2026-08-19 08:00:00,长江,湖北,戴江口河,174.99,0.0,2026-08-19 15:40:17,0,
381,观音岩,2026-08-19,2026-08-19 08:00:00,长江,湖北,水水流流张家家河,108.59,0.0,2026-08-19 15:40:17,0,
382,黄栗庙,2026-08-19,2026-08-19 08:00:00,长江,湖北,封溪河河,100.13,-0.01,2026-08-19 15:40:17,0,
383,马河山,2026-08-19,2026-08-19 08:00:00,长江,湖北,南水,88.1,0.01,2026-08-19 15:40:17,0,
384,黄河口,2026-08-19,2026-08-19 08:00:00,长江,湖北,黄河口河,117.02,-0.01,2026-08-19 15:40:17,0,
385,余家河,2026-08-19,2026-08-19 08:00:00,长江,湖北,余家河,69.6,0.0,2026-08-19 15:40:17,0,
387,惠家河,2026-08-19,2026-08-19 08:00:00,长江,湖北,南水流流张漳河,97.47,0.0,2026-08-19 15:40:17,0,
388,界园,2026-08-19,2026-08-19 08:00:00,长江,湖北,水水东流上仔,129.37,0.0,2026-08-19 15:40:17,0,
389,芳畈,2026-08-19,2026-08-19 08:00:00,长江,湖北,澴水支流，晏家河,85.65,0.0,2026-08-19 15:40:17,0,
390,金盆,2026-08-19,2026-08-19 08:00:00,长江,湖北,水水流流张家家河,67.58,-0.01,2026-08-19 15:40:17,0,
391,黑子洼,2026-08-19,2026-08-19 08:00:00,长江,湖北,水水流流张黄家岗河,47.81,0.0,2026-08-19 15:40:17,0,
392,滑石冲,2026-08-19,2026-08-19 08:00:00,长江,湖北,界河,99.16,-0.07,2026-08-19 15:40:17,0,
393,石门,2026-08-19,2026-08-19 08:00:00,长江,湖北,寨子河,89.01,0.01,2026-08-19 15:40:17,0,
394,石龙,2026-08-19,2026-08-19 08:00:00,长江,湖北,云马河,62.54,0.0,2026-08-19 15:40:17,0,
395,石岭,2026-08-19,2026-08-19 08:00:00,长江,湖北,天门河,58.56,0.01,2026-08-19 15:40:17,0,
396,水亭山,2026-08-19,2026-08-19 08:00:00,长江,湖北,南水,82.55,-0.03,2026-08-19 15:40:17,0,
397,高关,2026-08-19,2026-08-19 08:00:00,长江,湖北,大富水,117.2,0.01,2026-08-19 15:40:17,0,
398,清家河,2026-08-19,2026-08-19 08:00:00,长江,湖北,广水河,114.53,-0.01,2026-08-19 15:40:17,0,
400,大营头水库,2026-08-19,2026-08-19 08:00:00,长江流域,江西,云亭水,146.37,0.06,2026-08-19 15:40:17,0,
401,白云山水库,2026-08-19,2026-08-19 08:00:00,长江流域,江西,富田水,170.26,-0.06,2026-08-19 15:40:17,0,
402,南车水库,2026-08-19,2026-08-19 08:00:00,长江流域,江西,牛山江,155.86,0.0,2026-08-19 15:40:17,0,
403,皎上水库,2026-08-19,2026-08-19 08:00:00,长江流域,江西,樟水,166.32,-0.19,2026-08-19 15:40:17,0,
404,江口,2026-08-19,2026-08-19 08:00:00,长江流域,江西,县水,68.83,0.0,2026-08-19 15:40:17,0,
405,飞剑潭一坝水库,2026-08-19,2026-08-19 08:00:00,长江流域,江西,尧市,170.66,-0.03,2026-08-19 15:40:17,0,
406,牛云山水库,2026-08-19,2026-08-19 08:00:00,长江流域,江西,丰水,75.6,-0.05,2026-08-19 15:40:17,0,
407,潘桥水库,2026-08-19,2026-08-19 08:00:00,长江流域,江西,长水,64.2,0.01,2026-08-19 15:40:17,0,
408,上仔水库,2026-08-19,2026-08-19 08:00:00,长江流域,江西,北溪,81.49,0.0,2026-08-19 15:40:17,0,
409,大库,2026-08-19,2026-08-19 08:00:00,长江,江西,沙安河,64.06,-0.04,2026-08-19 15:40:17,0,
410,大潭水库,2026-08-19,2026-08-19 08:00:00,长江流域,江西,修河,209.81,0.11,2026-08-19 15:40:17,0,
411,大河水库,2026-08-19,2026-08-19 08:00:00,长江,江西,姚塘水,75.4,-0.03,2026-08-19 15:40:17,0,
412,北山水库（镇江）,2026-08-19,2026-08-19 08:00:00,长江,江北,大竹河,51.67,0.0,2026-08-19 15:40:17,0,
413,屏仙,2026-08-19,2026-08-19 08:00:00,长江,湖北,屏仙河,63.44,0.01,2026-08-19 15:40:17,0,
414,河坪,2026-08-19,2026-08-19 08:00:00,长江,湖北,河坪河,69.22,0.04,2026-08-19 15:40:17,0,
415,古河,2026-08-19,2026-08-19 08:00:00,长江,湖北,古河河,64.87,0.03,2026-08-19 15:40:17,0,
416,花家亭,2026-08-19,2026-08-19 08:00:00,长江,安东,长河,81.27,-0.07,2026-08-19 15:40:17,0,
417,梅河,2026-08-19,2026-08-19 08:00:00,长江,湖北,梅河河,68.47,0.0,2026-08-19 15:40:17,0,
418,仙人坝,2026-08-19,2026-08-19 08:00:00,长江,湖北,晋文东河,43.17,0.0,2026-08-19 15:40:17,0,
419,龙河口（内）,2026-08-19,2026-08-19 08:00:00,长江,安东,新家河,66.91,-0.1,2026-08-19 15:40:17,0,
420,罗河,2026-08-19,2026-08-19 08:00:00,长江,安东,南榕河,27.32,0.04,2026-08-19 15:40:17,0,
422,黄浮树,2026-08-19,2026-08-19 08:00:00,长江,安东,南河,47.68,0.0,2026-08-19 15:40:17,0,
423,沙河湾,2026-08-19,2026-08-19 08:00:00,长江,安东,清流河,38.4,-0.15,2026-08-19 15:40:17,0,
424,青山水库,2026-08-19,2026-08-19 08:00:00,长江流域太湖区,浙江,南坪溪,25.4,-1.65,2026-08-19 15:40:17,0,
425,铜河口水库,2026-08-19,2026-08-19 08:00:00,长江流域太湖区,浙江,船步溪,49.01,-1.27,2026-08-19 15:40:17,0,
426,横石水库,2026-08-19,2026-08-19 08:00:00,长江流域太湖区,浙江,西溪,78.67,-0.18,2026-08-19 15:40:17,0,
427,大石门水库,2026-08-19,2026-08-19 08:00:00,长江流域太湖区,浙江,南溪,113.61,-0.14,2026-08-19 15:40:17,0,
428,大溪水库,2026-08-19,2026-08-19 08:00:00,太湖,江北,大溪水库,14.8,0.0,2026-08-19 15:40:17,0,
429,沙河水库,2026-08-19,2026-08-19 08:00:00,太湖,江北,沙河水库,20.65,0.01,2026-08-19 15:40:17,0,
430,横山水库,2026-08-19,2026-08-19 08:00:00,太湖,江北,南溪,32.63,-0.19,2026-08-19 15:40:17,0,
431,富镇江水库,2026-08-19,2026-08-19 08:00:00,浙闽台河流,浙江,富镇江,23.12,0.35,2026-08-19 15:40:17,0,
432,黄溪口水库,2026-08-19,2026-08-19 08:00:00,浙闽台河流,浙江,乌溪江,113.71,-0.03,2026-08-19 15:40:17,0,
433,铜山源水库,2026-08-19,2026-08-19 08:00:00,浙闽台河流,浙江,铜山源,134.59,0.13,2026-08-19 15:40:17,0,
434,横锦水库,2026-08-19,2026-08-19 08:00:00,浙闽台河流,浙江,东阳江,163.33,-0.02,2026-08-19 15:40:17,0,
435,南江水库,2026-08-19,2026-08-19 08:00:00,浙闽台河流,浙江,南江,202.71,-0.19,2026-08-19 15:40:17,0,
436,新安江水库,2026-08-19,2026-08-19 08:00:00,浙闽台河流,浙江,新安江,103.57,-0.03,2026-08-19 15:40:17,0,
437,石壁水库,2026-08-19,2026-08-19 08:00:00,浙闽台河流,浙江,古化江,90.96,-0.08,2026-08-19 15:40:17,0,
438,新丰水库,2026-08-19,2026-08-19 08:00:00,浙闽台河流,浙江,新丰江,80.83,-0.07,2026-08-19 15:40:17,0,
439,长安水库,2026-08-19,2026-08-19 08:00:00,浙闽台河流,浙江,新昌江,123.66,-0.12,2026-08-19 15:40:17,0,
440,南山水库,2026-08-19,2026-08-19 08:00:00,浙闽台河流,浙江,南山江,120.56,-0.38,2026-08-19 15:40:17,0,
442,南口水库,2026-08-19,2026-08-19 08:00:00,浙闽台河流,浙江,金溪,63.72,-0.12,2026-08-19 15:40:17,0,
443,横山水库,2026-08-19,2026-08-19 08:00:00,浙闽台河流,浙江,山江,104.54,-2.07,2026-08-19 15:40:17,0,
444,里石门水库,2026-08-19,2026-08-19 08:00:00,浙闽台河流,浙江,大丰溪,174.9,-0.15,2026-08-19 15:40:17,0,
445,牛头山水库,2026-08-19,2026-08-19 08:00:00,浙闽台河流,浙江,龙溪,45.25,-0.22,2026-08-19 15:40:17,0,
446,长潭水库,2026-08-19,2026-08-19 08:00:00,浙闽台河流,浙江,永宁江,33.8,-0.04,2026-08-19 15:40:17,0,
447,紧水滩水库,2026-08-19,2026-08-19 08:00:00,浙闽台河流,浙江,龙泉溪,177.75,-0.3,2026-08-19 15:40:17,0,
448,安安水库,2026-08-19,2026-08-19 08:00:00,闽江,福东,九龙溪,260.87,0.26,2026-08-19 15:40:17,0,
449,沙溪口水库,2026-08-19,2026-08-19 08:00:00,闽江,福东,沙溪,87.79,0.51,2026-08-19 15:40:17,0,
450,池潭水库,2026-08-19,2026-08-19 08:00:00,闽江,福东,金溪,271.96,-0.13,2026-08-19 15:40:17,0,
451,东溪水库,2026-08-19,2026-08-19 08:00:00,闽江,福东,东溪,264.57,-0.06,2026-08-19 15:40:17,0,
452,水东水库,2026-08-19,2026-08-19 08:00:00,闽江,福东,鳌溪,141.6,0.08,2026-08-19 15:40:17,0,
453,坑口水库,2026-08-19,2026-08-19 08:00:00,闽江,福东,南山溪,609.94,-0.05,2026-08-19 15:40:17,0,
454,古田一级水库,2026-08-19,2026-08-19 08:00:00,闽江,福东,古田溪,371.43,-0.14,2026-08-19 15:40:17,0,
455,山山水库,2026-08-19,2026-08-19 08:00:00,珠江,福东,珠江东溪,89.87,-0.11,2026-08-19 15:40:17,0,
456,万安水库,2026-08-19,2026-08-19 08:00:00,闽东南诸河,福东,万安溪,351.26,-0.02,2026-08-19 15:40:17,0,
457,惠头水库,2026-08-19,2026-08-19 08:00:00,闽东南诸河,福东,新墙溪,58.63,0.0,2026-08-19 15:40:17,0,
458,南一水库,2026-08-19,2026-08-19 08:00:00,闽东南诸河,福东,新场溪,283.76,-0.19,2026-08-19 15:40:17,0,
459,峰山水库,2026-08-19,2026-08-19 08:00:00,闽东诸河,福东,忙阳溪,737.56,0.07,2026-08-19 15:40:17,0,
460,山仔水库,2026-08-19,2026-08-19 08:00:00,闽东诸河,福东,瀑江,80.05,-0.03,2026-08-19 15:40:17,0,
461,东黄水库,2026-08-19,2026-08-19 08:00:00,闽南诸河,福东,龙江,45.08,-0.04,2026-08-19 15:40:17,0,
462,东方红,2026-08-19,2026-08-19 08:00:00,萩汾溪,福东,三河河溪,63.63,0.08,2026-08-19 15:40:17,0,
463,东圳,2026-08-19,2026-08-19 08:00:00,闽南沿海诸河,福东,马营溪,69.81,-0.01,2026-08-19 15:40:17,0,
464,古洋,2026-08-19,2026-08-19 08:00:00,闽南沿海诸河,福东,沙溪,102.62,-0.02,2026-08-19 15:40:17,0,
465,水石水库,2026-08-19,2026-08-19 08:00:00,闽南沿海诸河,福东,大罗溪,72.76,0.13,2026-08-19 15:40:17,0,
466,汀溪水库,2026-08-19,2026-08-19 08:00:00,闽东南诸河,福东,汀溪,68.09,-0.01,2026-08-19 15:40:17,0,
467,峰头水库,2026-08-19,2026-08-19 08:00:00,闽东南诸河,福东,漳江,63.1,-0.02,2026-08-19 15:40:17,0,
468,亚湖水库,2026-08-19,2026-08-19 08:00:00,闽东南诸河,福东,湖内溪,38.02,-0.01,2026-08-19 15:40:17,0,
469,天家桥一级,2026-08-19,2026-08-19 08:00:00,珠江,湖北,南头江,772.79,0.07,2026-08-19 15:40:17,0,
470,龙家河,2026-08-19,2026-08-19 08:00:00,珠江,云南,黄陂河,1112.77,-0.01,2026-08-19 15:40:17,0,
471,金青河,2026-08-19,2026-08-19 08:00:00,珠江,广东,罗定江,98.71,0.35,2026-08-19 15:40:17,0,
472,罗故,2026-08-19,2026-08-19 08:00:00,珠江,广东,新弋河,290.25,0.24,2026-08-19 15:40:17,0,
473,铁河,2026-08-19,2026-08-19 08:00:00,珠江,广东,新墙江,167.23,0.11,2026-08-19 15:40:17,0,
474,北峰山,2026-08-19,2026-08-19 08:00:00,珠江,广东,玉仙河,110.0,0.49,2026-08-19 15:40:17,0,
475,朝阳,2026-08-19,2026-08-19 08:00:00,珠江,广东,罗坪水,121.42,-0.15,2026-08-19 15:40:17,0,
476,山垌,2026-08-19,2026-08-19 08:00:00,珠江,广东,新家河,196.38,-0.01,2026-08-19 15:40:17,0,
477,大山,2026-08-19,2026-08-19 08:00:00,珠江,广东,皎水水,77.34,-0.02,2026-08-19 15:40:17,0,
478,九坑河,2026-08-19,2026-08-19 08:00:00,珠江,广东,长字水,36.53,0.22,2026-08-19 15:40:17,0,
479,锦江（仁化）,2026-08-19,2026-08-19 08:00:00,珠江,广东,锦江,134.77,0.03,2026-08-19 15:40:17,0,
480,东丹,2026-08-19,2026-08-19 08:00:00,珠江,广东,马田水,310.43,-0.03,2026-08-19 15:40:17,0,
481,南水,2026-08-19,2026-08-19 08:00:00,北江,广东,南水,212.61,-0.08,2026-08-19 15:40:17,0,
483,象子,2026-08-19,2026-08-19 08:00:00,珠江,广东,大镇水,149.98,0.04,2026-08-19 15:40:17,0,
484,潭岭,2026-08-19,2026-08-19 08:00:00,珠江,广东,潭源洞水,635.31,-0.02,2026-08-19 15:40:17,0,
485,大袁,2026-08-19,2026-08-19 08:00:00,珠江,广东,袁公水,66.16,-0.07,2026-08-19 15:40:17,0,
486,小坑,2026-08-19,2026-08-19 08:00:00,珠江,广东,大湾河,223.94,0.05,2026-08-19 15:40:17,0,
488,龙塔带,2026-08-19,2026-08-19 08:00:00,珠江,广东,黄洞水,263.86,-0.23,2026-08-19 15:40:17,0,
489,榆溪,2026-08-19,2026-08-19 08:00:00,珠江,广东,榆溪河,59.42,-0.07,2026-08-19 15:40:17,0,
490,青山,2026-08-19,2026-08-19 08:00:00,珠江,广东,青山河,51.26,-0.12,2026-08-19 15:40:17,0,
491,江谷,2026-08-19,2026-08-19 08:00:00,珠江,广东,江谷河,50.63,-0.02,2026-08-19 15:40:17,0,
492,大树坝,2026-08-19,2026-08-19 08:00:00,珠江,广东,东江,159.69,0.09,2026-08-19 15:40:17,0,
493,新丰江,2026-08-19,2026-08-19 08:00:00,珠江,广东,新丰江,113.68,-0.04,2026-08-19 15:40:17,0,
482,长湖,2026-08-19,2026-08-19 08:00:00,珠江,广东,汶江,60.33,-1.35,2026-08-19 15:40:17,0,
175,峡山水库,2026-08-19,2026-08-19 08:00:00,淮河,山东,汶河,36.8,-0.01,2026-08-19 15:40:17,0,
283,石门塘水库,2026-08-19,2026-08-19 08:00:00,长江,湖北,泼家河,260.48,0.03,2026-08-19 15:40:17,0,
315,青山,2026-08-19,2026-08-19 08:00:00,长江,湖北,青山河,117.9,-0.11,2026-08-19 15:40:17,0,
256,道河,2026-08-19,2026-08-19 08:00:00,长江,湖北,漳河,120.91,-0.01,2026-08-19 15:40:17,0,
213,茅子潭,2026-08-19,2026-08-19 08:00:00,淮河,安东,淠河东源,181.6,-0.05,2026-08-19 15:40:17,0,
343,梁河,2026-08-19,2026-08-19 08:00:00,长江,湖北,马家河,147.71,0.05,2026-08-19 15:40:17,0,
342,小南河,2026-08-19,2026-08-19 08:00:00,长江,湖北,小南河,166.25,0.05,2026-08-19 15:40:17,0,
364,周桥,2026-08-19,2026-08-19 08:00:00,长江,湖北,马龙河,120.89,-0.01,2026-08-19 15:40:17,0,
367,吉河,2026-08-19,2026-08-19 08:00:00,长江,湖北,沙河,138.98,0.03,2026-08-19 15:40:17,0,
370,北河,2026-08-19,2026-08-19 08:00:00,长江,湖北,沙河,128.74,-0.04,2026-08-19 15:40:17,0,
113,新家院,2026-08-19,2026-08-19 08:00:00,海河,河南,旬河,778.4,-0.01,2026-08-19 15:40:17,0,
331,茅塔河,2026-08-19,2026-08-19 08:00:00,长江,湖北,茅塔河,268.3,-0.2,2026-08-19 15:40:17,0,
335,钟家湾,2026-08-19,2026-08-19 08:00:00,长江,湖北,小河,541.65,0.0,2026-08-19 15:40:17,0,
85,尔王庄库,2026-08-19,2026-08-19 08:00:00,海河,天津,引滦明渠,4.81,-0.01,2026-08-19 15:40:17,0,
151,巴家河水库,2026-08-19,2026-08-19 08:00:00,黄河,甘肃,千河,1087.0,0.0,2026-08-19 15:40:17,0,
386,清水河,2026-08-19,2026-08-19 08:00:00,长江,湖北,南水,70.85,-0.1,2026-08-19 15:40:17,0,
421,新村,2026-08-19,2026-08-19 08:00:00,长江,安东,青营江,113.95,0.02,2026-08-19 15:40:17,0,
281,铁山,2026-08-19,2026-08-19 08:00:00,长江,湖南,新村河,88.62,-0.03,2026-08-19 15:40:17,0,
2,丰山,2026-08-19,2026-08-19 08:00:00,松花江流域,吉林,松花江吉林段,257.0,0.1,2026-08-19 15:40:17,0,
64,卧虎山水库,2026-08-19,2026-08-19 08:00:00,海河,河北,红牛河,564.0,0.03,2026-08-19 15:40:17,0,
66,大北水库,2026-08-19,2026-08-19 08:00:00,海河,河北,汶河,610.54,0.02,2026-08-19 15:40:17,0,
122,王湾水库,2026-08-19,2026-08-19 08:00:00,海河,山西,浊漳河西源,918.64,0.04,2026-08-19 15:40:17,0,
162,九龙河,2026-08-19,2026-08-19 08:00:00,黄河,河南,马河河,323.23,-0.02,2026-08-19 15:40:17,0,
165,大沟口,2026-08-19,2026-08-19 08:00:00,黄河,河南,马营河,596.59,-0.18,2026-08-19 15:40:17,0,
207,泼马,2026-08-19,2026-08-19 08:00:00,淮河,河南,马荆河,442.45,-0.61,2026-08-19 15:40:17,0,
324,观音河,2026-08-19,2026-08-19 08:00:00,长江,陕西,观音河,460.51,-0.02,2026-08-19 15:40:17,0,
288,西家寺,2026-08-19,2026-08-19 08:00:00,长江,湖北,西家河,48.24,-0.03,2026-08-19 15:40:17,0,
286,陂河,2026-08-19,2026-08-19 08:00:00,长江,湖北,泊漠河,47.95,0.02,2026-08-19 15:40:17,0,
209,三岗,2026-08-19,2026-08-19 08:00:00,淮河,河南,小龙河,146.02,0.07,2026-08-19 15:40:17,0,
145,石头河,2026-08-19,2026-08-19 08:00:00,黄河,陕西,石头河,788.1,-0.16,2026-08-19 15:40:17,0,
194,大河,2026-08-19,2026-08-19 08:00:00,淮河,河南,大陂河,80.92,0.0,2026-08-19 15:40:17,0,
136,红石峡库,2026-08-19,2026-08-19 08:00:00,黄河,陕西,榆溪河,1088.01,0.0,2026-08-19 15:40:17,0,
142,段家峡,2026-08-19,2026-08-19 08:00:00,黄河,陕西,沮河,1079.48,-0.46,2026-08-19 15:40:17,0,
144,王家山,2026-08-19,2026-08-19 08:00:00,黄河,陕西,沮河,601.73,0.01,2026-08-19 15:40:17,0,
154,卧虎山水库,2026-08-19,2026-08-19 08:00:00,黄河,山东,玉符河,125.21,0.02,2026-08-19 15:40:17,0,
173,墙齐水库（东库）,2026-08-19,2026-08-19 08:00:00,淮河,山东,潍河,97.37,0.01,2026-08-19 15:40:17,0,
177,跋山水库,2026-08-19,2026-08-19 08:00:00,淮河,山东,明河,74.25,-0.01,2026-08-19 15:40:17,0,
181,王山水库,2026-08-19,2026-08-19 08:00:00,淮河,山东,黄水河,68.88,-0.02,2026-08-19 15:40:17,0,
187,王堂,2026-08-19,2026-08-19 08:00:00,淮河,河南,十公江,95.1,0.0,2026-08-19 15:40:17,0,
193,长洲河,2026-08-19,2026-08-19 08:00:00,淮河,河南,大陂河,154.66,0.09,2026-08-19 15:40:17,0,
200,敖庄,2026-08-19,2026-08-19 08:00:00,淮河,河南,梁河,108.91,-0.19,2026-08-19 15:40:17,0,
204,铁大寺,2026-08-19,2026-08-19 08:00:00,淮河,河南,火家河,102.51,0.02,2026-08-19 15:40:17,0,
217,王山水库,2026-08-19,2026-08-19 08:00:00,淮河,山东,庙河,175.21,0.01,2026-08-19 15:40:17,0,
220,昌里水库,2026-08-19,2026-08-19 08:00:00,淮河,山东,西字河,190.32,0.0,2026-08-19 15:40:17,0,
226,小仕阳水库,2026-08-19,2026-08-19 08:00:00,淮河,山东,县公河,151.97,0.0,2026-08-19 15:40:17,0,
233,西苇水库,2026-08-19,2026-08-19 08:00:00,淮河,山东,大沙河,103.39,-0.02,2026-08-19 15:40:17,0,
362,三山,2026-08-19,2026-08-19 08:00:00,长江,河南,梁河,190.59,0.0,2026-08-19 15:40:17,0,
58,双树寺水库,2026-08-19,2026-08-19 08:00:00,内陆河,甘肃,洪水河,2458.08,0.98,2026-08-19 15:40:17,0,
326,钟家坪,2026-08-19,2026-08-19 08:00:00,长江,陕西,旬河,246.39,-0.05,2026-08-19 15:40:17,0,
399,短港,2026-08-19,2026-08-19 08:00:00,长江,湖北,大富水,52.94,0.0,2026-08-19 15:40:17,0,
380,戴江口,2026-08-19,2026-08-19 08:00:00,长江,湖北,戴江口河,117.61,-0.02,2026-08-19 15:40:17,0,
