raw_file,captured_utc,origin,data_sha256,chart_year,first_day,last_real_day
2026/20261001T020000Z__8db054789073.html.gz,2026-10-01T02:00:00+00:00,imported,8db054789073084c7cf2677b0d7dff44ca0219c7da74d659a199f2e317e70048,2026,2026-01-01,2026-09-30
2026/20261001T085042Z__7d9fd4e49d2e.html.gz,2026-10-01T08:50:42+00:00,live,7d9fd4e49d2e8914f16c0cfb70b68ef3198c4953420aac24000d8d21f59b021a,2026,2026-01-01,2026-10-01
2026/20261001T185701Z__9b2cc94eb9c0.html.gz,2026-10-01T18:57:01+00:00,live,9b2cc94eb9c0426a3a45d7e5f523a8b5c354ba2f2e75e6227f98e47d20f84fbc,2026,2026-01-01,2026-10-01
2026/20261002T005531Z__1f7f491ad3e5.html.gz,2026-10-02T00:55:31+00:00,live,1f7f491ad3e5a6ea9ddfa12243cf0ccb3353096fc5be333f3a955e7f5415284c,2026,2026-01-01,2026-10-02
2026/20261002T110803Z__2a14efe23358.html.gz,2026-10-02T11:08:03+00:00,live,2a14efe233588b1293dfb330d759bd189adf47096a65ab326372a734896fb09d,2026,2026-01-01,2026-10-02
2026/20261002T183235Z__90605cf8606f.html.gz,2026-10-02T18:32:35+00:00,live,90605cf8606f22f00665bc3b9b0ecfef43230c2544eac0b0a1cc40b63bcc4e1e,2026,2026-01-01,2026-10-02
2026/20261003T102617Z__09beff57d439.html.gz,2026-10-03T10:26:17+00:00,live,09beff57d4394c5c243e5ce598cafb30a3b9bd00d4184f56b12a9021311807d9,2026,2026-01-01,2026-10-03
2026/20261004T110807Z__02c16cfa963c.html.gz,2026-10-04T11:08:07+00:00,live,02c16cfa963cbd0ba298ada381cfd7cf1cf05dfb812993ec71ec164a38caf7ed,2026,2026-01-01,2026-10-04
2026/20261004T174012Z__310367bc324e.html.gz,2026-10-04T17:40:12+00:00,live,310367bc324e817ea5041ab6e1403ccb4af02254cf16b46ed020bb3e4bbd5b0f,2026,2026-01-01,2026-10-04
2026/20261005T121845Z__d7b1fed23c8e.html.gz,2026-10-05T12:18:45+00:00,live,d7b1fed23c8e7dab7bd13f106013975a9a4c374a34553ea4357290eefaceafc2,2026,2026-01-01,2026-10-05
2026/20261005T211447Z__11062a1512c8.html.gz,2026-10-05T21:14:47+00:00,live,11062a1512c8fb66393587981f8fd6fd13b8049021bb43dc45646a3f248158a9,2026,2026-01-01,2026-10-05
2026/20261006T120329Z__704950e43e39.html.gz,2026-10-06T12:03:29+00:00,live,704950e43e39281ab2fb2c5a36f07ee4d396f5dc1a182b944202988c6cfcc57e,2026,2026-01-01,2026-10-06
2026/20261006T185719Z__82589fee8e78.html.gz,2026-10-06T18:57:19+00:00,live,82589fee8e7832e4fb9007ff4b2dfb44e68043a578b8644b847965327fca9c00,2026,2026-01-01,2026-10-06
2026/20261007T114851Z__0e16365ddc82.html.gz,2026-10-07T11:48:51+00:00,live,0e16365ddc82a44d4248cc6910de57e6c93cf074613423f1c2032bbffbbc81a0,2026,2026-01-01,2026-10-07
2026/20261007T192450Z__9dd5f72dfc65.html.gz,2026-10-07T19:24:50+00:00,live,9dd5f72dfc65d75fb0603022e96bafc4c40eaa32a2da9a3bcbeee145f70c4251,2026,2026-01-01,2026-10-07
2026/20261008T120356Z__2c60edae9298.html.gz,2026-10-08T12:03:56+00:00,live,2c60edae9298448a1b40dd2a13aa3fef35567888ca221a5ab4f44b95ee4ee7f2,2026,2026-01-01,2026-10-08
