bulletin_file,url,obs_date,local_path,status
BH001_05.12.2022.pdf,https://aracentroip.gov.mz/wp-content/uploads/2023/09/BH001_05.12.2022.pdf,2022-12-05,/home/runner/work/global-reservoir-scrapers/global-reservoir-scrapers/data/mozambique/aracentro/raw/2023/BH001_05.12.2022.pdf,no_reservoir_data
BH002_06.12.2022.pdf,https://aracentroip.gov.mz/wp-content/uploads/2023/09/BH002_06.12.2022.pdf,2022-12-06,/home/runner/work/global-reservoir-scrapers/global-reservoir-scrapers/data/mozambique/aracentro/raw/2023/BH002_06.12.2022.pdf,no_reservoir_data
BH003_07.12.2022.pdf,https://aracentroip.gov.mz/wp-content/uploads/2023/09/BH003_07.12.2022.pdf,2022-12-07,/home/runner/work/global-reservoir-scrapers/global-reservoir-scrapers/data/mozambique/aracentro/raw/2023/BH003_07.12.2022.pdf,no_reservoir_data
BH004_08.12.2022.pdf,https://aracentroip.gov.mz/wp-content/uploads/2023/09/BH004_08.12.2022.pdf,2022-12-08,/home/runner/work/global-reservoir-scrapers/global-reservoir-scrapers/data/mozambique/aracentro/raw/2023/BH004_08.12.2022.pdf,no_reservoir_data
BH005_09.12.2022.pdf,https://aracentroip.gov.mz/wp-content/uploads/2023/09/BH005_09.12.2022.pdf,2022-12-09,/home/runner/work/global-reservoir-scrapers/global-reservoir-scrapers/data/mozambique/aracentro/raw/2023/BH005_09.12.2022.pdf,no_reservoir_data
BH007_13.12.2022.pdf,https://aracentroip.gov.mz/wp-content/uploads/2023/09/BH007_13.12.2022.pdf,2022-12-13,/home/runner/work/global-reservoir-scrapers/global-reservoir-scrapers/data/mozambique/aracentro/raw/2023/BH007_13.12.2022.pdf,no_reservoir_data
BH008_14.12.2022.pdf,https://aracentroip.gov.mz/wp-content/uploads/2023/09/BH008_14.12.2022.pdf,2022-12-14,/home/runner/work/global-reservoir-scrapers/global-reservoir-scrapers/data/mozambique/aracentro/raw/2023/BH008_14.12.2022.pdf,no_reservoir_data
BH009_15.12.2022.pdf,https://aracentroip.gov.mz/wp-content/uploads/2023/09/BH009_15.12.2022.pdf,2022-12-15,/home/runner/work/global-reservoir-scrapers/global-reservoir-scrapers/data/mozambique/aracentro/raw/2023/BH009_15.12.2022.pdf,no_reservoir_data
BH010_16.12.2022.pdf,https://aracentroip.gov.mz/wp-content/uploads/2023/09/BH010_16.12.2022.pdf,2022-12-16,/home/runner/work/global-reservoir-scrapers/global-reservoir-scrapers/data/mozambique/aracentro/raw/2023/BH010_16.12.2022.pdf,no_reservoir_data
BH011_19.12.2022.pdf,https://aracentroip.gov.mz/wp-content/uploads/2023/09/BH011_19.12.2022.pdf,2022-12-19,/home/runner/work/global-reservoir-scrapers/global-reservoir-scrapers/data/mozambique/aracentro/raw/2023/BH011_19.12.2022.pdf,no_reservoir_data
BH012_20.12.2022.pdf,https://aracentroip.gov.mz/wp-content/uploads/2023/09/BH012_20.12.2022.pdf,2022-12-20,/home/runner/work/global-reservoir-scrapers/global-reservoir-scrapers/data/mozambique/aracentro/raw/2023/BH012_20.12.2022.pdf,no_reservoir_data
BH013_21.12.2022.pdf,https://aracentroip.gov.mz/wp-content/uploads/2023/09/BH013_21.12.2022.pdf,2022-12-21,/home/runner/work/global-reservoir-scrapers/global-reservoir-scrapers/data/mozambique/aracentro/raw/2023/BH013_21.12.2022.pdf,ok
BH014_22.12.2022.pdf,https://aracentroip.gov.mz/wp-content/uploads/2023/09/BH014_22.12.2022.pdf,2022-12-22,/home/runner/work/global-reservoir-scrapers/global-reservoir-scrapers/data/mozambique/aracentro/raw/2023/BH014_22.12.2022.pdf,ok
BH015_23.12.2022.pdf,https://aracentroip.gov.mz/wp-content/uploads/2023/09/BH015_23.12.2022.pdf,2022-12-23,/home/runner/work/global-reservoir-scrapers/global-reservoir-scrapers/data/mozambique/aracentro/raw/2023/BH015_23.12.2022.pdf,no_reservoir_data
BH016_27.12.2022.pdf,https://aracentroip.gov.mz/wp-content/uploads/2023/09/BH016_27.12.2022.pdf,2022-12-27,/home/runner/work/global-reservoir-scrapers/global-reservoir-scrapers/data/mozambique/aracentro/raw/2023/BH016_27.12.2022.pdf,ok
BH017_28.12.2022.pdf,https://aracentroip.gov.mz/wp-content/uploads/2023/09/BH017_28.12.2022.pdf,2022-12-28,/home/runner/work/global-reservoir-scrapers/global-reservoir-scrapers/data/mozambique/aracentro/raw/2023/BH017_28.12.2022.pdf,ok
BH018_29.12.2022.pdf,https://aracentroip.gov.mz/wp-content/uploads/2023/09/BH018_29.12.2022.pdf,2022-12-29,/home/runner/work/global-reservoir-scrapers/global-reservoir-scrapers/data/mozambique/aracentro/raw/2023/BH018_29.12.2022.pdf,ok
BH019_30.12.2022.pdf,https://aracentroip.gov.mz/wp-content/uploads/2023/09/BH019_30.12.2022.pdf,2022-12-30,/home/runner/work/global-reservoir-scrapers/global-reservoir-scrapers/data/mozambique/aracentro/raw/2023/BH019_30.12.2022.pdf,ok
BH020_03.01.2023.pdf,https://aracentroip.gov.mz/wp-content/uploads/2023/09/BH020_03.01.2023.pdf,2023-01-03,/home/runner/work/global-reservoir-scrapers/global-reservoir-scrapers/data/mozambique/aracentro/raw/2023/BH020_03.01.2023.pdf,ok
BH021_04.01.2023.pdf,https://aracentroip.gov.mz/wp-content/uploads/2023/09/BH021_04.01.2023.pdf,2023-01-04,/home/runner/work/global-reservoir-scrapers/global-reservoir-scrapers/data/mozambique/aracentro/raw/2023/BH021_04.01.2023.pdf,ok
BH022_05.01.2023.pdf,https://aracentroip.gov.mz/wp-content/uploads/2023/09/BH022_05.01.2023.pdf,2023-01-05,/home/runner/work/global-reservoir-scrapers/global-reservoir-scrapers/data/mozambique/aracentro/raw/2023/BH022_05.01.2023.pdf,ok
BH023_06.01.2023.pdf,https://aracentroip.gov.mz/wp-content/uploads/2023/09/BH023_06.01.2023.pdf,2023-01-06,/home/runner/work/global-reservoir-scrapers/global-reservoir-scrapers/data/mozambique/aracentro/raw/2023/BH023_06.01.2023.pdf,ok
BH024_07.01.2023.pdf,https://aracentroip.gov.mz/wp-content/uploads/2023/09/BH024_07.01.2023.pdf,2023-01-07,/home/runner/work/global-reservoir-scrapers/global-reservoir-scrapers/data/mozambique/aracentro/raw/2023/BH024_07.01.2023.pdf,ok
BH025_09.01.2023.pdf,https://aracentroip.gov.mz/wp-content/uploads/2023/09/BH025_09.01.2023.pdf,2023-01-09,/home/runner/work/global-reservoir-scrapers/global-reservoir-scrapers/data/mozambique/aracentro/raw/2023/BH025_09.01.2023.pdf,ok
BH026_09.01.2023.pdf,https://aracentroip.gov.mz/wp-content/uploads/2023/09/BH026_09.01.2023.pdf,2023-01-10,/home/runner/work/global-reservoir-scrapers/global-reservoir-scrapers/data/mozambique/aracentro/raw/2023/BH026_09.01.2023.pdf,ok
BH027_11.01.2023.pdf,https://aracentroip.gov.mz/wp-content/uploads/2023/09/BH027_11.01.2023.pdf,2023-01-11,/home/runner/work/global-reservoir-scrapers/global-reservoir-scrapers/data/mozambique/aracentro/raw/2023/BH027_11.01.2023.pdf,ok
BH028_12.01.2023.pdf,https://aracentroip.gov.mz/wp-content/uploads/2023/09/BH028_12.01.2023.pdf,2023-01-12,/home/runner/work/global-reservoir-scrapers/global-reservoir-scrapers/data/mozambique/aracentro/raw/2023/BH028_12.01.2023.pdf,ok
BH029_13.01.2023.pdf,https://aracentroip.gov.mz/wp-content/uploads/2023/09/BH029_13.01.2023.pdf,2023-01-13,/home/runner/work/global-reservoir-scrapers/global-reservoir-scrapers/data/mozambique/aracentro/raw/2023/BH029_13.01.2023.pdf,no_reservoir_data
BH030_14.01.2023.pdf,https://aracentroip.gov.mz/wp-content/uploads/2023/09/BH030_14.01.2023.pdf,2023-01-14,/home/runner/work/global-reservoir-scrapers/global-reservoir-scrapers/data/mozambique/aracentro/raw/2023/BH030_14.01.2023.pdf,ok
BH031_15.01.2023.pdf,https://aracentroip.gov.mz/wp-content/uploads/2023/09/BH031_15.01.2023.pdf,2023-01-15,/home/runner/work/global-reservoir-scrapers/global-reservoir-scrapers/data/mozambique/aracentro/raw/2023/BH031_15.01.2023.pdf,ok
BH032_16.01.2023.pdf,https://aracentroip.gov.mz/wp-content/uploads/2023/09/BH032_16.01.2023.pdf,2023-01-16,/home/runner/work/global-reservoir-scrapers/global-reservoir-scrapers/data/mozambique/aracentro/raw/2023/BH032_16.01.2023.pdf,ok
BH033_17.01.2023.pdf,https://aracentroip.gov.mz/wp-content/uploads/2023/09/BH033_17.01.2023.pdf,2023-01-17,/home/runner/work/global-reservoir-scrapers/global-reservoir-scrapers/data/mozambique/aracentro/raw/2023/BH033_17.01.2023.pdf,ok
BH034_18.01.2023.pdf,https://aracentroip.gov.mz/wp-content/uploads/2023/09/BH034_18.01.2023.pdf,2023-01-18,/home/runner/work/global-reservoir-scrapers/global-reservoir-scrapers/data/mozambique/aracentro/raw/2023/BH034_18.01.2023.pdf,ok
BH035_19.01.2023.pdf,https://aracentroip.gov.mz/wp-content/uploads/2023/09/BH035_19.01.2023.pdf,2023-01-19,/home/runner/work/global-reservoir-scrapers/global-reservoir-scrapers/data/mozambique/aracentro/raw/2023/BH035_19.01.2023.pdf,ok
BH036_20.01.2023.pdf,https://aracentroip.gov.mz/wp-content/uploads/2023/09/BH036_20.01.2023.pdf,2023-01-20,/home/runner/work/global-reservoir-scrapers/global-reservoir-scrapers/data/mozambique/aracentro/raw/2023/BH036_20.01.2023.pdf,ok
BH037_23.01.2023.pdf,https://aracentroip.gov.mz/wp-content/uploads/2023/09/BH037_23.01.2023.pdf,2023-01-23,/home/runner/work/global-reservoir-scrapers/global-reservoir-scrapers/data/mozambique/aracentro/raw/2023/BH037_23.01.2023.pdf,ok
BH038_24.01.2023.pdf,https://aracentroip.gov.mz/wp-content/uploads/2023/09/BH038_24.01.2023.pdf,2023-01-24,/home/runner/work/global-reservoir-scrapers/global-reservoir-scrapers/data/mozambique/aracentro/raw/2023/BH038_24.01.2023.pdf,ok
BH039_25.01.2023.pdf,https://aracentroip.gov.mz/wp-content/uploads/2023/09/BH039_25.01.2023.pdf,2023-01-25,/home/runner/work/global-reservoir-scrapers/global-reservoir-scrapers/data/mozambique/aracentro/raw/2023/BH039_25.01.2023.pdf,no_reservoir_data
BH040_26.01.2023.pdf,https://aracentroip.gov.mz/wp-content/uploads/2023/09/BH040_26.01.2023.pdf,2023-01-26,/home/runner/work/global-reservoir-scrapers/global-reservoir-scrapers/data/mozambique/aracentro/raw/2023/BH040_26.01.2023.pdf,ok
BH041_27.01.2023.pdf,https://aracentroip.gov.mz/wp-content/uploads/2023/09/BH041_27.01.2023.pdf,2023-01-27,/home/runner/work/global-reservoir-scrapers/global-reservoir-scrapers/data/mozambique/aracentro/raw/2023/BH041_27.01.2023.pdf,no_reservoir_data
BH042_30.01.2023.pdf,https://aracentroip.gov.mz/wp-content/uploads/2023/09/BH042_30.01.2023.pdf,2023-01-30,/home/runner/work/global-reservoir-scrapers/global-reservoir-scrapers/data/mozambique/aracentro/raw/2023/BH042_30.01.2023.pdf,no_reservoir_data
BH043_31.01.2023.pdf,https://aracentroip.gov.mz/wp-content/uploads/2023/09/BH043_31.01.2023.pdf,2023-01-31,/home/runner/work/global-reservoir-scrapers/global-reservoir-scrapers/data/mozambique/aracentro/raw/2023/BH043_31.01.2023.pdf,no_reservoir_data
BH044_01.02.2023.pdf,https://aracentroip.gov.mz/wp-content/uploads/2023/09/BH044_01.02.2023.pdf,2023-02-01,/home/runner/work/global-reservoir-scrapers/global-reservoir-scrapers/data/mozambique/aracentro/raw/2023/BH044_01.02.2023.pdf,ok
BH045_02.02.2023.pdf,https://aracentroip.gov.mz/wp-content/uploads/2023/09/BH045_02.02.2023.pdf,2023-02-02,/home/runner/work/global-reservoir-scrapers/global-reservoir-scrapers/data/mozambique/aracentro/raw/2023/BH045_02.02.2023.pdf,no_reservoir_data
BH046_03.02.2023.pdf,https://aracentroip.gov.mz/wp-content/uploads/2023/09/BH046_03.02.2023.pdf,2023-02-03,/home/runner/work/global-reservoir-scrapers/global-reservoir-scrapers/data/mozambique/aracentro/raw/2023/BH046_03.02.2023.pdf,ok
BH047_06.02.2023.pdf,https://aracentroip.gov.mz/wp-content/uploads/2023/09/BH047_06.02.2023.pdf,2023-02-06,/home/runner/work/global-reservoir-scrapers/global-reservoir-scrapers/data/mozambique/aracentro/raw/2023/BH047_06.02.2023.pdf,no_reservoir_data
BH048_07.02.2023.pdf,https://aracentroip.gov.mz/wp-content/uploads/2023/09/BH048_07.02.2023.pdf,2023-02-07,/home/runner/work/global-reservoir-scrapers/global-reservoir-scrapers/data/mozambique/aracentro/raw/2023/BH048_07.02.2023.pdf,no_reservoir_data
BH049_08.02.2023.pdf,https://aracentroip.gov.mz/wp-content/uploads/2023/09/BH049_08.02.2023.pdf,2023-02-08,/home/runner/work/global-reservoir-scrapers/global-reservoir-scrapers/data/mozambique/aracentro/raw/2023/BH049_08.02.2023.pdf,no_reservoir_data
BH050_09.02.2023.pdf,https://aracentroip.gov.mz/wp-content/uploads/2023/09/BH050_09.02.2023.pdf,2023-02-09,/home/runner/work/global-reservoir-scrapers/global-reservoir-scrapers/data/mozambique/aracentro/raw/2023/BH050_09.02.2023.pdf,ok
BH051_10.02.2023.pdf,https://aracentroip.gov.mz/wp-content/uploads/2023/09/BH051_10.02.2023.pdf,2023-02-10,/home/runner/work/global-reservoir-scrapers/global-reservoir-scrapers/data/mozambique/aracentro/raw/2023/BH051_10.02.2023.pdf,ok
BH052_11.02.2023.pdf,https://aracentroip.gov.mz/wp-content/uploads/2023/09/BH052_11.02.2023.pdf,2023-02-11,/home/runner/work/global-reservoir-scrapers/global-reservoir-scrapers/data/mozambique/aracentro/raw/2023/BH052_11.02.2023.pdf,ok
BH053_13.02.2023.pdf,https://aracentroip.gov.mz/wp-content/uploads/2023/09/BH053_13.02.2023.pdf,2023-02-13,/home/runner/work/global-reservoir-scrapers/global-reservoir-scrapers/data/mozambique/aracentro/raw/2023/BH053_13.02.2023.pdf,ok
BH054_14.02.2023.pdf,https://aracentroip.gov.mz/wp-content/uploads/2023/09/BH054_14.02.2023.pdf,2023-02-14,/home/runner/work/global-reservoir-scrapers/global-reservoir-scrapers/data/mozambique/aracentro/raw/2023/BH054_14.02.2023.pdf,ok
BH055_15.02.2023.pdf,https://aracentroip.gov.mz/wp-content/uploads/2023/09/BH055_15.02.2023.pdf,2023-02-15,/home/runner/work/global-reservoir-scrapers/global-reservoir-scrapers/data/mozambique/aracentro/raw/2023/BH055_15.02.2023.pdf,ok
BH056_16.02.2023.pdf,https://aracentroip.gov.mz/wp-content/uploads/2023/09/BH056_16.02.2023.pdf,2023-02-16,/home/runner/work/global-reservoir-scrapers/global-reservoir-scrapers/data/mozambique/aracentro/raw/2023/BH056_16.02.2023.pdf,no_reservoir_data
BH057_17.02.2023.pdf,https://aracentroip.gov.mz/wp-content/uploads/2023/09/BH057_17.02.2023.pdf,2023-02-17,/home/runner/work/global-reservoir-scrapers/global-reservoir-scrapers/data/mozambique/aracentro/raw/2023/BH057_17.02.2023.pdf,ok
BH058_18.02.2023.pdf,https://aracentroip.gov.mz/wp-content/uploads/2023/09/BH058_18.02.2023.pdf,2023-02-18,/home/runner/work/global-reservoir-scrapers/global-reservoir-scrapers/data/mozambique/aracentro/raw/2023/BH058_18.02.2023.pdf,ok
BH059_19.02.2023.pdf,https://aracentroip.gov.mz/wp-content/uploads/2023/09/BH059_19.02.2023.pdf,2023-02-19,/home/runner/work/global-reservoir-scrapers/global-reservoir-scrapers/data/mozambique/aracentro/raw/2023/BH059_19.02.2023.pdf,ok
BH060_20.02.2023.pdf,https://aracentroip.gov.mz/wp-content/uploads/2023/09/BH060_20.02.2023.pdf,2023-02-20,/home/runner/work/global-reservoir-scrapers/global-reservoir-scrapers/data/mozambique/aracentro/raw/2023/BH060_20.02.2023.pdf,ok
BH061_21.02.2023.pdf,https://aracentroip.gov.mz/wp-content/uploads/2023/09/BH061_21.02.2023.pdf,2023-02-21,/home/runner/work/global-reservoir-scrapers/global-reservoir-scrapers/data/mozambique/aracentro/raw/2023/BH061_21.02.2023.pdf,ok
BH062_22.02.2023.pdf,https://aracentroip.gov.mz/wp-content/uploads/2023/09/BH062_22.02.2023.pdf,2023-02-22,/home/runner/work/global-reservoir-scrapers/global-reservoir-scrapers/data/mozambique/aracentro/raw/2023/BH062_22.02.2023.pdf,ok
BH063_23.02.2023.pdf,https://aracentroip.gov.mz/wp-content/uploads/2023/09/BH063_23.02.2023.pdf,2023-02-23,/home/runner/work/global-reservoir-scrapers/global-reservoir-scrapers/data/mozambique/aracentro/raw/2023/BH063_23.02.2023.pdf,ok
BH064_24.02.2023.pdf,https://aracentroip.gov.mz/wp-content/uploads/2023/09/BH064_24.02.2023.pdf,2023-02-24,/home/runner/work/global-reservoir-scrapers/global-reservoir-scrapers/data/mozambique/aracentro/raw/2023/BH064_24.02.2023.pdf,ok
BH065_27.02.2023.pdf,https://aracentroip.gov.mz/wp-content/uploads/2023/09/BH065_27.02.2023.pdf,2023-02-27,/home/runner/work/global-reservoir-scrapers/global-reservoir-scrapers/data/mozambique/aracentro/raw/2023/BH065_27.02.2023.pdf,ok
BH066_28.02.2023.pdf,https://aracentroip.gov.mz/wp-content/uploads/2023/09/BH066_28.02.2023.pdf,2023-02-28,/home/runner/work/global-reservoir-scrapers/global-reservoir-scrapers/data/mozambique/aracentro/raw/2023/BH066_28.02.2023.pdf,no_reservoir_data
BH067_01.03.2023.pdf,https://aracentroip.gov.mz/wp-content/uploads/2023/09/BH067_01.03.2023.pdf,2023-03-01,/home/runner/work/global-reservoir-scrapers/global-reservoir-scrapers/data/mozambique/aracentro/raw/2023/BH067_01.03.2023.pdf,ok
BH068_02.03.2023.pdf,https://aracentroip.gov.mz/wp-content/uploads/2023/09/BH068_02.03.2023.pdf,2023-03-02,/home/runner/work/global-reservoir-scrapers/global-reservoir-scrapers/data/mozambique/aracentro/raw/2023/BH068_02.03.2023.pdf,ok
BH069_03.03.2023.pdf,https://aracentroip.gov.mz/wp-content/uploads/2023/09/BH069_03.03.2023.pdf,2023-03-03,/home/runner/work/global-reservoir-scrapers/global-reservoir-scrapers/data/mozambique/aracentro/raw/2023/BH069_03.03.2023.pdf,ok
BH070_04.03.2023.pdf,https://aracentroip.gov.mz/wp-content/uploads/2023/09/BH070_04.03.2023.pdf,2023-03-04,/home/runner/work/global-reservoir-scrapers/global-reservoir-scrapers/data/mozambique/aracentro/raw/2023/BH070_04.03.2023.pdf,ok
BH071_05.03.2023.pdf,https://aracentroip.gov.mz/wp-content/uploads/2023/09/BH071_05.03.2023.pdf,2023-03-05,/home/runner/work/global-reservoir-scrapers/global-reservoir-scrapers/data/mozambique/aracentro/raw/2023/BH071_05.03.2023.pdf,ok
BH072_06.03.2023.pdf,https://aracentroip.gov.mz/wp-content/uploads/2023/09/BH072_06.03.2023.pdf,2023-03-06,/home/runner/work/global-reservoir-scrapers/global-reservoir-scrapers/data/mozambique/aracentro/raw/2023/BH072_06.03.2023.pdf,ok
BH073_07.03.2023.pdf,https://aracentroip.gov.mz/wp-content/uploads/2023/09/BH073_07.03.2023.pdf,2023-03-07,/home/runner/work/global-reservoir-scrapers/global-reservoir-scrapers/data/mozambique/aracentro/raw/2023/BH073_07.03.2023.pdf,ok
BH074_08.03.2023.pdf,https://aracentroip.gov.mz/wp-content/uploads/2023/09/BH074_08.03.2023.pdf,2023-03-08,/home/runner/work/global-reservoir-scrapers/global-reservoir-scrapers/data/mozambique/aracentro/raw/2023/BH074_08.03.2023.pdf,ok
BH075_09.03.2023.pdf,https://aracentroip.gov.mz/wp-content/uploads/2023/09/BH075_09.03.2023.pdf,2023-03-09,/home/runner/work/global-reservoir-scrapers/global-reservoir-scrapers/data/mozambique/aracentro/raw/2023/BH075_09.03.2023.pdf,ok
BH076_10.03.2023.pdf,https://aracentroip.gov.mz/wp-content/uploads/2023/09/BH076_10.03.2023.pdf,2023-03-10,/home/runner/work/global-reservoir-scrapers/global-reservoir-scrapers/data/mozambique/aracentro/raw/2023/BH076_10.03.2023.pdf,ok
BH077_11.03.2023.pdf,https://aracentroip.gov.mz/wp-content/uploads/2023/09/BH077_11.03.2023.pdf,2023-03-11,/home/runner/work/global-reservoir-scrapers/global-reservoir-scrapers/data/mozambique/aracentro/raw/2023/BH077_11.03.2023.pdf,ok
BH078_13.03.2023.pdf,https://aracentroip.gov.mz/wp-content/uploads/2023/09/BH078_13.03.2023.pdf,2023-03-13,/home/runner/work/global-reservoir-scrapers/global-reservoir-scrapers/data/mozambique/aracentro/raw/2023/BH078_13.03.2023.pdf,ok
BH079_14.03.2023.pdf,https://aracentroip.gov.mz/wp-content/uploads/2023/09/BH079_14.03.2023.pdf,2023-03-14,/home/runner/work/global-reservoir-scrapers/global-reservoir-scrapers/data/mozambique/aracentro/raw/2023/BH079_14.03.2023.pdf,ok
BH080_15.03.2023.pdf,https://aracentroip.gov.mz/wp-content/uploads/2023/09/BH080_15.03.2023.pdf,2023-03-15,/home/runner/work/global-reservoir-scrapers/global-reservoir-scrapers/data/mozambique/aracentro/raw/2023/BH080_15.03.2023.pdf,ok
BH081_16.03.2023.pdf,https://aracentroip.gov.mz/wp-content/uploads/2023/09/BH081_16.03.2023.pdf,2023-03-16,/home/runner/work/global-reservoir-scrapers/global-reservoir-scrapers/data/mozambique/aracentro/raw/2023/BH081_16.03.2023.pdf,ok
BH082_17.03.2023.pdf,https://aracentroip.gov.mz/wp-content/uploads/2023/09/BH082_17.03.2023.pdf,2023-03-17,/home/runner/work/global-reservoir-scrapers/global-reservoir-scrapers/data/mozambique/aracentro/raw/2023/BH082_17.03.2023.pdf,ok
BH083_18.03.2023.pdf,https://aracentroip.gov.mz/wp-content/uploads/2023/09/BH083_18.03.2023.pdf,2023-03-18,/home/runner/work/global-reservoir-scrapers/global-reservoir-scrapers/data/mozambique/aracentro/raw/2023/BH083_18.03.2023.pdf,ok
BH084_19.03.2023.pdf,https://aracentroip.gov.mz/wp-content/uploads/2023/09/BH084_19.03.2023.pdf,2023-03-19,/home/runner/work/global-reservoir-scrapers/global-reservoir-scrapers/data/mozambique/aracentro/raw/2023/BH084_19.03.2023.pdf,no_reservoir_data
BH085_20.03.2023.pdf,https://aracentroip.gov.mz/wp-content/uploads/2023/09/BH085_20.03.2023.pdf,2023-03-20,/home/runner/work/global-reservoir-scrapers/global-reservoir-scrapers/data/mozambique/aracentro/raw/2023/BH085_20.03.2023.pdf,ok
BH086_21.03.2023.pdf,https://aracentroip.gov.mz/wp-content/uploads/2023/09/BH086_21.03.2023.pdf,2023-03-21,/home/runner/work/global-reservoir-scrapers/global-reservoir-scrapers/data/mozambique/aracentro/raw/2023/BH086_21.03.2023.pdf,ok
BH087_22.03.2023.pdf,https://aracentroip.gov.mz/wp-content/uploads/2023/09/BH087_22.03.2023.pdf,2023-03-22,/home/runner/work/global-reservoir-scrapers/global-reservoir-scrapers/data/mozambique/aracentro/raw/2023/BH087_22.03.2023.pdf,ok
BH088_23.03.2023.pdf,https://aracentroip.gov.mz/wp-content/uploads/2023/09/BH088_23.03.2023.pdf,2023-03-23,/home/runner/work/global-reservoir-scrapers/global-reservoir-scrapers/data/mozambique/aracentro/raw/2023/BH088_23.03.2023.pdf,ok
BH089_24.03.2023.pdf,https://aracentroip.gov.mz/wp-content/uploads/2023/09/BH089_24.03.2023.pdf,2023-03-24,/home/runner/work/global-reservoir-scrapers/global-reservoir-scrapers/data/mozambique/aracentro/raw/2023/BH089_24.03.2023.pdf,no_reservoir_data
BH090_25.03.2023.pdf,https://aracentroip.gov.mz/wp-content/uploads/2023/09/BH090_25.03.2023.pdf,2023-03-25,/home/runner/work/global-reservoir-scrapers/global-reservoir-scrapers/data/mozambique/aracentro/raw/2023/BH090_25.03.2023.pdf,ok
BH091_26.03.2023.pdf,https://aracentroip.gov.mz/wp-content/uploads/2023/09/BH091_26.03.2023.pdf,2023-03-26,/home/runner/work/global-reservoir-scrapers/global-reservoir-scrapers/data/mozambique/aracentro/raw/2023/BH091_26.03.2023.pdf,ok
BH092_27.03.2023.pdf,https://aracentroip.gov.mz/wp-content/uploads/2023/09/BH092_27.03.2023.pdf,2023-03-27,/home/runner/work/global-reservoir-scrapers/global-reservoir-scrapers/data/mozambique/aracentro/raw/2023/BH092_27.03.2023.pdf,ok
BH093_28.03.2023.pdf,https://aracentroip.gov.mz/wp-content/uploads/2023/09/BH093_28.03.2023.pdf,2023-03-28,/home/runner/work/global-reservoir-scrapers/global-reservoir-scrapers/data/mozambique/aracentro/raw/2023/BH093_28.03.2023.pdf,ok
BH094_29.03.2023.pdf,https://aracentroip.gov.mz/wp-content/uploads/2023/09/BH094_29.03.2023.pdf,2023-03-29,/home/runner/work/global-reservoir-scrapers/global-reservoir-scrapers/data/mozambique/aracentro/raw/2023/BH094_29.03.2023.pdf,ok
BH095_30.03.2023.pdf,https://aracentroip.gov.mz/wp-content/uploads/2023/09/BH095_30.03.2023.pdf,2023-03-30,/home/runner/work/global-reservoir-scrapers/global-reservoir-scrapers/data/mozambique/aracentro/raw/2023/BH095_30.03.2023.pdf,ok
BH096_31.03.2023.pdf,https://aracentroip.gov.mz/wp-content/uploads/2023/09/BH096_31.03.2023.pdf,2023-03-31,/home/runner/work/global-reservoir-scrapers/global-reservoir-scrapers/data/mozambique/aracentro/raw/2023/BH096_31.03.2023.pdf,ok
BH097_01.04.2023.pdf,https://aracentroip.gov.mz/wp-content/uploads/2023/09/BH097_01.04.2023.pdf,2023-04-01,/home/runner/work/global-reservoir-scrapers/global-reservoir-scrapers/data/mozambique/aracentro/raw/2023/BH097_01.04.2023.pdf,ok
BH098_02.04.2023.pdf,https://aracentroip.gov.mz/wp-content/uploads/2023/09/BH098_02.04.2023.pdf,2023-04-02,/home/runner/work/global-reservoir-scrapers/global-reservoir-scrapers/data/mozambique/aracentro/raw/2023/BH098_02.04.2023.pdf,ok
BH099_03.04.2023.pdf,https://aracentroip.gov.mz/wp-content/uploads/2023/09/BH099_03.04.2023.pdf,2023-04-03,/home/runner/work/global-reservoir-scrapers/global-reservoir-scrapers/data/mozambique/aracentro/raw/2023/BH099_03.04.2023.pdf,ok
BH100_04.04.2023.pdf,https://aracentroip.gov.mz/wp-content/uploads/2023/09/BH100_04.04.2023.pdf,2023-04-04,/home/runner/work/global-reservoir-scrapers/global-reservoir-scrapers/data/mozambique/aracentro/raw/2023/BH100_04.04.2023.pdf,ok
BH101_05.04.2023.pdf,https://aracentroip.gov.mz/wp-content/uploads/2023/09/BH101_05.04.2023.pdf,2023-04-05,/home/runner/work/global-reservoir-scrapers/global-reservoir-scrapers/data/mozambique/aracentro/raw/2023/BH101_05.04.2023.pdf,ok
BH102_06.04.2023.pdf,https://aracentroip.gov.mz/wp-content/uploads/2023/09/BH102_06.04.2023.pdf,2023-04-06,/home/runner/work/global-reservoir-scrapers/global-reservoir-scrapers/data/mozambique/aracentro/raw/2023/BH102_06.04.2023.pdf,ok
BH103_07.04.2023.pdf,https://aracentroip.gov.mz/wp-content/uploads/2023/09/BH103_07.04.2023.pdf,2023-04-07,/home/runner/work/global-reservoir-scrapers/global-reservoir-scrapers/data/mozambique/aracentro/raw/2023/BH103_07.04.2023.pdf,ok
BH104_08.04.2023.pdf,https://aracentroip.gov.mz/wp-content/uploads/2023/09/BH104_08.04.2023.pdf,2023-04-08,/home/runner/work/global-reservoir-scrapers/global-reservoir-scrapers/data/mozambique/aracentro/raw/2023/BH104_08.04.2023.pdf,ok
BH105_09.04.2023-1.pdf,https://aracentroip.gov.mz/wp-content/uploads/2023/09/BH105_09.04.2023-1.pdf,2023-04-09,/home/runner/work/global-reservoir-scrapers/global-reservoir-scrapers/data/mozambique/aracentro/raw/2023/BH105_09.04.2023-1.pdf,ok
BH106_10.04.2023.pdf,https://aracentroip.gov.mz/wp-content/uploads/2023/09/BH106_10.04.2023.pdf,2023-04-10,/home/runner/work/global-reservoir-scrapers/global-reservoir-scrapers/data/mozambique/aracentro/raw/2023/BH106_10.04.2023.pdf,ok
BH107_11.04.2023.pdf,https://aracentroip.gov.mz/wp-content/uploads/2023/09/BH107_11.04.2023.pdf,2023-04-11,/home/runner/work/global-reservoir-scrapers/global-reservoir-scrapers/data/mozambique/aracentro/raw/2023/BH107_11.04.2023.pdf,ok
BH108_12.04.2023.pdf,https://aracentroip.gov.mz/wp-content/uploads/2023/09/BH108_12.04.2023.pdf,2023-04-12,/home/runner/work/global-reservoir-scrapers/global-reservoir-scrapers/data/mozambique/aracentro/raw/2023/BH108_12.04.2023.pdf,ok
BH109_13.04.2023.pdf,https://aracentroip.gov.mz/wp-content/uploads/2023/09/BH109_13.04.2023.pdf,2023-04-13,/home/runner/work/global-reservoir-scrapers/global-reservoir-scrapers/data/mozambique/aracentro/raw/2023/BH109_13.04.2023.pdf,ok
BH110_14.04.2023.pdf,https://aracentroip.gov.mz/wp-content/uploads/2023/09/BH110_14.04.2023.pdf,2023-04-14,/home/runner/work/global-reservoir-scrapers/global-reservoir-scrapers/data/mozambique/aracentro/raw/2023/BH110_14.04.2023.pdf,ok
BH111_15.04.2023.pdf,https://aracentroip.gov.mz/wp-content/uploads/2023/09/BH111_15.04.2023.pdf,2023-04-15,/home/runner/work/global-reservoir-scrapers/global-reservoir-scrapers/data/mozambique/aracentro/raw/2023/BH111_15.04.2023.pdf,ok
BH112_17.04.2023-1.pdf,https://aracentroip.gov.mz/wp-content/uploads/2023/09/BH112_17.04.2023-1.pdf,2023-04-17,/home/runner/work/global-reservoir-scrapers/global-reservoir-scrapers/data/mozambique/aracentro/raw/2023/BH112_17.04.2023-1.pdf,ok
BH113_18.04.2023.pdf,https://aracentroip.gov.mz/wp-content/uploads/2023/09/BH113_18.04.2023.pdf,2023-04-18,/home/runner/work/global-reservoir-scrapers/global-reservoir-scrapers/data/mozambique/aracentro/raw/2023/BH113_18.04.2023.pdf,ok
BH114_19.04.2023.pdf,https://aracentroip.gov.mz/wp-content/uploads/2023/09/BH114_19.04.2023.pdf,2023-04-19,/home/runner/work/global-reservoir-scrapers/global-reservoir-scrapers/data/mozambique/aracentro/raw/2023/BH114_19.04.2023.pdf,ok
BH115_20.04.2023.pdf,https://aracentroip.gov.mz/wp-content/uploads/2023/09/BH115_20.04.2023.pdf,2023-04-20,/home/runner/work/global-reservoir-scrapers/global-reservoir-scrapers/data/mozambique/aracentro/raw/2023/BH115_20.04.2023.pdf,ok
BH116_21.04.2023.pdf,https://aracentroip.gov.mz/wp-content/uploads/2023/09/BH116_21.04.2023.pdf,2023-04-21,/home/runner/work/global-reservoir-scrapers/global-reservoir-scrapers/data/mozambique/aracentro/raw/2023/BH116_21.04.2023.pdf,ok
BH117_22.04.2023.pdf,https://aracentroip.gov.mz/wp-content/uploads/2023/09/BH117_22.04.2023.pdf,2023-04-22,/home/runner/work/global-reservoir-scrapers/global-reservoir-scrapers/data/mozambique/aracentro/raw/2023/BH117_22.04.2023.pdf,ok
BH118_24.04.2023.pdf,https://aracentroip.gov.mz/wp-content/uploads/2023/09/BH118_24.04.2023.pdf,2023-04-24,/home/runner/work/global-reservoir-scrapers/global-reservoir-scrapers/data/mozambique/aracentro/raw/2023/BH118_24.04.2023.pdf,no_reservoir_data
BH119_25.04.2023.pdf,https://aracentroip.gov.mz/wp-content/uploads/2023/09/BH119_25.04.2023.pdf,2023-04-25,/home/runner/work/global-reservoir-scrapers/global-reservoir-scrapers/data/mozambique/aracentro/raw/2023/BH119_25.04.2023.pdf,ok
BH120_26.04.2023.pdf,https://aracentroip.gov.mz/wp-content/uploads/2023/09/BH120_26.04.2023.pdf,2023-04-26,/home/runner/work/global-reservoir-scrapers/global-reservoir-scrapers/data/mozambique/aracentro/raw/2023/BH120_26.04.2023.pdf,ok
BH121_27.04.2023.pdf,https://aracentroip.gov.mz/wp-content/uploads/2023/09/BH121_27.04.2023.pdf,2023-04-27,/home/runner/work/global-reservoir-scrapers/global-reservoir-scrapers/data/mozambique/aracentro/raw/2023/BH121_27.04.2023.pdf,ok
