reservoir_id,reservoir_name,date,ObservationTime,WaterLevel (m),EffectiveWaterStorageCapacity (10^4 m^3),AccumulateRainfallInCatchment (mm),InflowDischarge (10^4 m^3),TotalOutflow (10^4 m^3),WaterDraw (10^4 m^3),PredeterminedCrossFlow (10^4 m^3),DesiltingTunnelOutflow (10^4 m^3),DrainageTunnelOutflow (10^4 m^3),PowerOutletOutflow (10^4 m^3),SpillwayOutflow (10^4 m^3),OthersOutflow (10^4 m^3),StatusType
10201,石門水庫,2026-04-30,2026-04-30T00:00:00,236.55,13840.87,14.3,9.16,0.0,,,,,,,,
10201,石門水庫,2026-04-30,2026-04-30T01:00:00,236.55,13840.85,,9.16,0.0,9.16,,0.0,0.0,0.0,,,
10201,石門水庫,2026-04-30,2026-04-30T02:00:00,236.56,13847.93,,28.84,0.0,9.16,,0.0,0.0,0.0,,,
10201,石門水庫,2026-04-30,2026-04-30T03:00:00,236.56,13847.93,,9.16,0.0,9.16,,0.0,0.0,0.0,,,
10201,石門水庫,2026-04-30,2026-04-30T04:00:00,236.57,13855.1,,29.08,0.0,9.16,,0.0,0.0,0.0,,,
10201,石門水庫,2026-04-30,2026-04-30T05:00:00,236.57,13855.1,,9.16,0.0,9.16,,0.0,0.0,0.0,,,
10201,石門水庫,2026-04-30,2026-04-30T06:00:00,236.58,13862.19,,28.84,0.0,9.16,,0.0,0.0,0.0,,,
10201,石門水庫,2026-04-30,2026-04-30T07:00:00,236.59,13869.27,,28.84,0.0,9.16,,0.0,0.0,0.0,,,
10201,石門水庫,2026-04-30,2026-04-30T08:00:00,236.58,13862.19,,9.16,0.0,9.16,,0.0,0.0,0.0,,,
10201,石門水庫,2026-04-30,2026-04-30T09:00:00,236.59,13869.27,,9.16,0.0,9.16,,0.0,0.0,0.0,,,
10201,石門水庫,2026-04-30,2026-04-30T10:00:00,236.6,13876.36,,28.84,0.0,9.16,,0.0,0.0,0.0,,,
10201,石門水庫,2026-04-30,2026-04-30T11:00:00,236.61,13883.44,,28.84,0.0,9.16,,0.0,0.0,0.0,,,
10201,石門水庫,2026-04-30,2026-04-30T12:00:00,236.61,13883.44,,9.16,0.0,9.16,,0.0,0.0,0.0,,,
10201,石門水庫,2026-04-30,2026-04-30T13:00:00,236.62,13890.53,,28.84,0.0,9.16,,0.0,0.0,0.0,,,
10201,石門水庫,2026-04-30,2026-04-30T14:00:00,236.62,13890.53,,9.16,0.0,9.16,,0.0,0.0,0.0,,,
10201,石門水庫,2026-04-30,2026-04-30T15:00:00,236.62,13890.53,,9.16,0.0,9.16,,0.0,0.0,0.0,,,
10201,石門水庫,2026-04-30,2026-04-30T16:00:00,236.62,13890.53,,9.16,0.0,9.16,,0.0,0.0,0.0,,,
10201,石門水庫,2026-04-30,2026-04-30T17:00:00,236.62,13890.53,,9.16,0.0,9.16,,0.0,0.0,0.0,,,
10201,石門水庫,2026-04-30,2026-04-30T18:00:00,236.6,13876.36,,19.8,50.0,9.16,,0.0,0.0,50.0,,,
10201,石門水庫,2026-04-30,2026-04-30T19:00:00,236.59,13869.27,,39.48,50.0,9.16,,0.0,0.0,50.0,,,
10201,石門水庫,2026-04-30,2026-04-30T20:00:00,236.58,13862.19,,33.92,44.44,9.16,,0.0,0.0,44.44,,,
10201,石門水庫,2026-04-30,2026-04-30T21:00:00,236.58,13862.19,,9.16,0.0,9.16,,0.0,0.0,0.0,,,
10201,石門水庫,2026-04-30,2026-04-30T22:00:00,236.58,13862.19,,9.16,0.0,9.16,,0.0,0.0,0.0,,,
10201,石門水庫,2026-04-30,2026-04-30T23:00:00,236.59,13869.27,,28.84,0.0,9.16,,0.0,0.0,0.0,,,
10203,西勢水庫,2026-04-30,2026-04-30T07:00:00,72.02,37.25,,,0.0,,,,,,,,
10204,新山水庫,2026-04-30,2026-04-30T07:00:00,85.65,977.8,,,0.0,,,,,,,,
10205,翡翠水庫,2026-04-30,2026-04-30T00:00:00,165.4,32859.99,0.0,70.42,82.16,,,,0.0,82.16,0.0,0.0,
10205,翡翠水庫,2026-04-30,2026-04-30T01:00:00,165.4,32859.99,0.1,68.39,0.0,,,,0.0,0.0,0.0,0.0,
10205,翡翠水庫,2026-04-30,2026-04-30T02:00:00,165.4,32859.99,0.3,62.04,0.0,,,,0.0,0.0,0.0,0.0,
10205,翡翠水庫,2026-04-30,2026-04-30T03:00:00,165.4,32859.99,0.4,51.98,0.0,,,,0.0,0.0,0.0,0.0,
10205,翡翠水庫,2026-04-30,2026-04-30T04:00:00,165.4,32859.99,0.4,41.92,0.0,,,,0.0,0.0,0.0,0.0,
10205,翡翠水庫,2026-04-30,2026-04-30T05:00:00,165.4,32859.99,0.5,31.86,0.0,,,,0.0,0.0,0.0,0.0,
10205,翡翠水庫,2026-04-30,2026-04-30T06:00:00,165.4,32859.99,0.6,21.8,0.0,,,,0.0,0.0,0.0,0.0,
10205,翡翠水庫,2026-04-30,2026-04-30T07:00:00,165.4,32859.99,0.7,11.74,0.0,,,,0.0,0.0,0.0,0.0,
10205,翡翠水庫,2026-04-30,2026-04-30T08:00:00,165.4,32859.99,0.8,1.68,0.0,,,,0.0,0.0,0.0,0.0,
10205,翡翠水庫,2026-04-30,2026-04-30T09:00:00,165.4,32859.99,1.1,0.0,0.0,,,,0.0,0.0,0.0,0.0,
10205,翡翠水庫,2026-04-30,2026-04-30T10:00:00,165.4,32859.99,1.3,0.0,0.0,,,,0.0,0.0,0.0,0.0,
10205,翡翠水庫,2026-04-30,2026-04-30T11:00:00,165.25,32728.28,1.8,0.0,0.0,,,,0.0,0.0,0.0,0.0,
10205,翡翠水庫,2026-04-30,2026-04-30T12:00:00,165.26,32737.05,2.5,3.04,0.0,,,,0.0,0.0,0.0,0.0,
10205,翡翠水庫,2026-04-30,2026-04-30T13:00:00,165.26,32737.05,2.9,3.04,0.0,,,,0.0,0.0,0.0,0.0,
10205,翡翠水庫,2026-04-30,2026-04-30T14:00:00,165.26,32737.05,3.1,3.04,0.0,,,,0.0,0.0,0.0,0.0,
10205,翡翠水庫,2026-04-30,2026-04-30T15:00:00,165.26,32737.05,3.3,3.04,0.0,,,,0.0,0.0,0.0,0.0,
10205,翡翠水庫,2026-04-30,2026-04-30T16:00:00,165.26,32737.05,3.8,3.04,0.0,,,,0.0,0.0,0.0,0.0,
10205,翡翠水庫,2026-04-30,2026-04-30T17:00:00,165.27,32745.83,4.6,30.57,21.6,,,,0.0,21.6,0.0,0.0,
10205,翡翠水庫,2026-04-30,2026-04-30T18:00:00,165.26,32737.05,4.9,31.81,82.16,,,,0.0,82.16,0.0,0.0,
10205,翡翠水庫,2026-04-30,2026-04-30T19:00:00,165.23,32710.73,5.4,12.44,82.16,,,,0.0,82.16,0.0,0.0,
10205,翡翠水庫,2026-04-30,2026-04-30T20:00:00,165.21,32693.2,6.2,33.47,82.16,,,,0.0,82.16,0.0,0.0,
10205,翡翠水庫,2026-04-30,2026-04-30T21:00:00,165.18,32666.89,6.4,14.29,82.16,,,,0.0,82.16,0.0,0.0,
10205,翡翠水庫,2026-04-30,2026-04-30T22:00:00,165.15,32640.6,6.5,15.22,82.16,,,,0.0,82.16,0.0,0.0,
10205,翡翠水庫,2026-04-30,2026-04-30T23:00:00,165.13,32623.09,6.5,33.51,82.16,,,,0.0,82.16,0.0,0.0,
10211,青潭堰,2026-04-30,2026-04-30T07:00:00,22.25,58.9,,,0.0,,,,,,,,
10212,直潭壩,2026-04-30,2026-04-30T07:00:00,44.26,144.2,0.0,,0.0,,,,,,,,
10401,寶山水庫,2026-04-30,2026-04-30T06:00:00,137.66,294.27,,,0.0,,,,,,,,
10405,寶山第二水庫,2026-04-30,2026-04-30T00:00:00,144.57,2395.3,36.4,,0.0,,,,,,,,
10405,寶山第二水庫,2026-04-30,2026-04-30T04:00:00,144.66,2407.64,0.1,,0.0,,,,,,,,
10405,寶山第二水庫,2026-04-30,2026-04-30T05:00:00,144.68,2410.16,0.1,,0.0,,,,,,,,
10405,寶山第二水庫,2026-04-30,2026-04-30T06:00:00,144.7,2412.55,0.1,,0.0,,,,,,,,
10405,寶山第二水庫,2026-04-30,2026-04-30T07:00:00,144.72,2414.82,0.3,,0.0,,,,,,,,
10405,寶山第二水庫,2026-04-30,2026-04-30T08:00:00,144.73,2416.95,0.3,,0.0,,,,,,,,
10405,寶山第二水庫,2026-04-30,2026-04-30T09:00:00,144.75,2418.95,0.3,,0.0,,,,,,,,
10405,寶山第二水庫,2026-04-30,2026-04-30T10:00:00,144.77,2422.14,0.4,,0.0,,,,,,,,
10405,寶山第二水庫,2026-04-30,2026-04-30T11:00:00,144.79,2424.81,0.5,,0.0,,,,,,,,
10405,寶山第二水庫,2026-04-30,2026-04-30T12:00:00,144.81,2427.48,1.3,,0.0,,,,,,,,
10405,寶山第二水庫,2026-04-30,2026-04-30T13:00:00,144.83,2430.28,1.8,,0.0,,,,,,,,
10405,寶山第二水庫,2026-04-30,2026-04-30T14:00:00,144.85,2432.95,2.4,,0.0,,,,,,,,
10405,寶山第二水庫,2026-04-30,2026-04-30T15:00:00,144.88,2436.03,5.3,,0.0,,,,,,,,
10405,寶山第二水庫,2026-04-30,2026-04-30T16:00:00,144.89,2438.3,10.4,,0.0,,,,,,,,
10405,寶山第二水庫,2026-04-30,2026-04-30T17:00:00,144.89,2440.71,13.0,,0.0,,,,,,,,
10405,寶山第二水庫,2026-04-30,2026-04-30T18:00:00,144.93,2443.12,13.3,,0.0,,,,,,,,
10405,寶山第二水庫,2026-04-30,2026-04-30T19:00:00,144.95,2445.8,13.8,,0.0,,,,,,,,
10405,寶山第二水庫,2026-04-30,2026-04-30T20:00:00,144.95,2449.02,13.9,,0.0,,,,,,,,
10405,寶山第二水庫,2026-04-30,2026-04-30T21:00:00,145.0,2451.97,14.1,,0.0,,,,,,,,
10405,寶山第二水庫,2026-04-30,2026-04-30T22:00:00,144.02,2454.93,14.1,,0.0,,,,,,,,
10405,寶山第二水庫,2026-04-30,2026-04-30T23:00:00,145.04,2458.02,14.1,,0.0,,,,,,,,
10501,永和山水庫,2026-04-30,2026-04-30T00:00:00,77.33,1819.83,0.0,2.28,1.83,,,,,,,1.83,
10501,永和山水庫,2026-04-30,2026-04-30T01:00:00,77.33,1819.83,0.0,1.83,1.83,,,,,,,1.83,
10501,永和山水庫,2026-04-30,2026-04-30T02:00:00,77.33,1819.83,0.0,1.83,1.83,,,,,,,1.83,
10501,永和山水庫,2026-04-30,2026-04-30T03:00:00,77.33,1819.83,0.0,1.87,1.87,,,,,,,1.87,
10501,永和山水庫,2026-04-30,2026-04-30T04:00:00,77.33,1819.83,0.0,1.87,1.87,,,,,,,1.87,
10501,永和山水庫,2026-04-30,2026-04-30T05:00:00,77.33,1819.83,0.0,1.87,1.87,,,,,,,1.87,
10501,永和山水庫,2026-04-30,2026-04-30T06:00:00,77.33,1819.83,0.0,1.86,1.86,,,,,,,1.86,
10501,永和山水庫,2026-04-30,2026-04-30T07:00:00,77.51,1843.07,0.0,11.08,1.86,,,,,,,1.86,
10501,永和山水庫,2026-04-30,2026-04-30T08:00:00,77.52,1844.37,0.0,0.0,0.0,,,,,,,0.0,
10501,永和山水庫,2026-04-30,2026-04-30T09:00:00,77.53,1845.66,0.0,9.83,1.86,,,,,,,1.86,
10501,永和山水庫,2026-04-30,2026-04-30T10:00:00,77.54,1846.96,0.0,9.38,1.84,,,,,,,1.84,
10501,永和山水庫,2026-04-30,2026-04-30T11:00:00,77.55,1848.25,0.0,9.02,1.84,,,,,,,1.84,
10501,永和山水庫,2026-04-30,2026-04-30T12:00:00,77.57,1850.85,0.0,9.02,1.84,,,,,,,1.84,
10501,永和山水庫,2026-04-30,2026-04-30T13:00:00,77.59,1853.45,0.0,9.02,1.84,,,,,,,1.84,
10501,永和山水庫,2026-04-30,2026-04-30T14:00:00,77.6,1854.75,0.0,8.77,1.84,,,,,,,1.84,
10501,永和山水庫,2026-04-30,2026-04-30T15:00:00,77.62,1857.35,0.0,8.79,1.84,,,,,,,1.84,
10501,永和山水庫,2026-04-30,2026-04-30T16:00:00,77.63,1858.65,0.0,6.74,0.0,,,,,,,0.0,
10501,永和山水庫,2026-04-30,2026-04-30T17:00:00,77.65,1861.25,0.0,8.64,1.87,,,,,,,1.87,
10501,永和山水庫,2026-04-30,2026-04-30T18:00:00,77.66,1862.56,0.0,8.46,1.87,,,,,,,1.87,
10501,永和山水庫,2026-04-30,2026-04-30T19:00:00,77.67,1863.86,0.0,8.31,1.87,,,,,,,1.87,
10501,永和山水庫,2026-04-30,2026-04-30T20:00:00,77.69,1866.47,0.0,8.35,1.87,,,,,,,1.87,
10501,永和山水庫,2026-04-30,2026-04-30T21:00:00,77.7,1867.77,0.0,8.21,1.87,,,,,,,1.87,
10501,永和山水庫,2026-04-30,2026-04-30T22:00:00,77.71,1869.08,0.0,8.09,1.87,,,,,,,1.87,
10501,永和山水庫,2026-04-30,2026-04-30T23:00:00,77.73,1871.69,0.0,8.14,1.88,,,,,,,1.88,
10503,大埔水庫,2026-04-30,2026-04-30T07:00:00,69.29,473.1,0.2,0.47,2.45,,2.45,,,,2.45,,4
10503,大埔水庫,2026-04-30,2026-04-30T11:00:00,69.31,475.31,2.0,0.47,2.45,,2.45,,,,2.45,,4
10503,大埔水庫,2026-04-30,2026-04-30T16:00:00,68.86,428.18,8.7,3.46,4.0,,4.0,,,,4.0,,4
10503,大埔水庫,2026-04-30,2026-04-30T19:00:00,68.94,434.82,12.0,3.49,4.0,,4.0,,,,4.0,,4
10601,明德水庫,2026-04-30,2026-04-30T00:00:00,59.86,1089.58,,2.22,0.55,,,,,,0.0,0.55,
10601,明德水庫,2026-04-30,2026-04-30T01:00:00,59.88,1092.47,,8.36,0.42,,,,,,0.0,0.42,
10601,明德水庫,2026-04-30,2026-04-30T02:00:00,59.9,1095.37,,8.37,0.43,,,,,,0.0,0.43,
10601,明德水庫,2026-04-30,2026-04-30T03:00:00,59.91,1096.82,,6.98,0.28,,,,,,0.0,0.28,
10601,明德水庫,2026-04-30,2026-04-30T05:00:00,59.94,1101.17,,6.68,0.27,,,,,,0.0,0.27,
10601,明德水庫,2026-04-30,2026-04-30T06:00:00,59.95,1102.63,,6.27,0.27,,,,,,0.0,0.27,
10601,明德水庫,2026-04-30,2026-04-30T07:00:00,59.94,1101.17,,4.82,0.3,,0.03,0.03,,,0.0,0.27,4
10601,明德水庫,2026-04-30,2026-04-30T08:00:00,59.99,1108.44,,6.77,0.3,,0.03,0.03,,,0.0,0.27,4
10601,明德水庫,2026-04-30,2026-04-30T09:00:00,59.96,1104.08,,4.7,0.39,,,,,,0.0,0.39,
10601,明德水庫,2026-04-30,2026-04-30T10:00:00,60.02,1112.81,,6.67,0.23,,,,,,0.0,0.23,
10601,明德水庫,2026-04-30,2026-04-30T11:00:00,59.99,1108.44,,4.99,0.4,,,,,,0.0,0.4,
10601,明德水庫,2026-04-30,2026-04-30T12:00:00,60.0,1109.9,,4.94,0.43,,,,,,0.0,0.43,
10601,明德水庫,2026-04-30,2026-04-30T13:00:00,60.05,1117.19,,6.14,0.46,,,,,,0.0,0.46,
10601,明德水庫,2026-04-30,2026-04-30T14:00:00,60.03,1114.27,,5.15,0.42,,,,,,0.0,0.42,
10601,明德水庫,2026-04-30,2026-04-30T15:00:00,60.03,1114.27,,4.83,0.46,,,,,,0.0,0.46,
10601,明德水庫,2026-04-30,2026-04-30T16:00:00,60.08,1121.57,,5.81,0.43,,,,,,0.0,0.43,
10601,明德水庫,2026-04-30,2026-04-30T17:00:00,60.05,1117.19,,4.78,0.55,,,,,,0.0,0.55,
10601,明德水庫,2026-04-30,2026-04-30T18:00:00,60.06,1118.65,,4.77,0.59,,,,,,0.0,0.59,
10601,明德水庫,2026-04-30,2026-04-30T19:00:00,60.09,1123.04,,5.19,0.6,,,,,,0.0,0.6,
10601,明德水庫,2026-04-30,2026-04-30T20:00:00,60.09,1123.04,,4.95,0.59,,,,,,0.0,0.59,
10601,明德水庫,2026-04-30,2026-04-30T21:00:00,60.08,1121.57,,4.55,0.59,,,,,,0.0,0.59,
10601,明德水庫,2026-04-30,2026-04-30T22:00:00,60.13,1128.89,,5.28,0.58,,,,,,0.0,0.58,
10601,明德水庫,2026-04-30,2026-04-30T23:00:00,60.11,1125.96,,4.72,0.56,,,,,,0.0,0.56,
10802,羅東攔河堰,2026-04-30,2026-04-30T07:00:00,5.54,,0.0,,0.0,,,,,,,,
20101,鯉魚潭水庫,2026-04-30,2026-04-30T00:00:00,282.81,5474.25,0.0,7.23,0.27,6.87,,,,0.0,0.0,0.27,-1
20101,鯉魚潭水庫,2026-04-30,2026-04-30T01:00:00,282.83,5479.71,0.02,22.31,0.27,6.85,,,,0.0,0.0,0.27,-1
20101,鯉魚潭水庫,2026-04-30,2026-04-30T02:00:00,282.83,5479.71,0.49,7.12,0.27,6.94,,,,0.0,0.0,0.27,-1
20101,鯉魚潭水庫,2026-04-30,2026-04-30T03:00:00,282.84,5482.44,0.49,14.79,0.27,6.94,,,,0.0,0.0,0.27,-1
20101,鯉魚潭水庫,2026-04-30,2026-04-30T04:00:00,282.84,5482.44,0.49,7.21,0.27,6.97,,,,0.0,0.0,0.27,-1
20101,鯉魚潭水庫,2026-04-30,2026-04-30T05:00:00,282.86,5487.91,0.49,22.43,0.27,6.9,,,,0.0,0.0,0.27,-1
20101,鯉魚潭水庫,2026-04-30,2026-04-30T06:00:00,282.86,5487.91,0.49,7.17,0.27,6.81,,,,0.0,0.0,0.27,-1
20101,鯉魚潭水庫,2026-04-30,2026-04-30T07:00:00,282.86,5487.91,0.49,7.08,0.27,6.78,,,,0.0,0.0,0.27,-1
20101,鯉魚潭水庫,2026-04-30,2026-04-30T08:00:00,282.86,5487.91,0.49,7.05,0.27,6.74,,,,0.0,0.0,0.27,-1
20101,鯉魚潭水庫,2026-04-30,2026-04-30T09:00:00,282.87,5490.64,0.49,14.59,0.27,6.75,,,,0.0,0.0,0.27,-1
20101,鯉魚潭水庫,2026-04-30,2026-04-30T10:00:00,282.87,5490.64,0.49,7.02,0.27,6.78,,,,0.0,0.0,0.27,-1
20101,鯉魚潭水庫,2026-04-30,2026-04-30T11:00:00,282.87,5490.64,0.49,7.05,0.27,6.8,,,,0.0,0.0,0.27,-1
20101,鯉魚潭水庫,2026-04-30,2026-04-30T12:00:00,282.87,5490.64,0.97,7.07,1.27,6.81,,,,0.0,0.0,1.27,-1
20101,鯉魚潭水庫,2026-04-30,2026-04-30T13:00:00,282.87,5490.64,0.97,8.08,1.33,6.81,,,,0.0,0.0,1.33,-1
20101,鯉魚潭水庫,2026-04-30,2026-04-30T14:00:00,282.86,5487.91,0.97,0.56,1.32,6.81,,,,0.0,0.0,1.32,-1
20101,鯉魚潭水庫,2026-04-30,2026-04-30T15:00:00,282.85,5485.18,1.99,0.0,0.27,6.92,,,,0.0,0.0,0.27,-1
20101,鯉魚潭水庫,2026-04-30,2026-04-30T16:00:00,282.84,5482.44,1.99,0.0,0.27,6.87,,,,0.0,0.0,0.27,-1
20101,鯉魚潭水庫,2026-04-30,2026-04-30T17:00:00,282.84,5482.44,1.99,7.14,0.27,6.79,,,,0.0,0.0,0.27,-1
20101,鯉魚潭水庫,2026-04-30,2026-04-30T18:00:00,282.88,5493.38,1.99,37.45,0.27,6.87,,,,0.0,0.0,0.27,-1
20101,鯉魚潭水庫,2026-04-30,2026-04-30T19:00:00,282.91,5501.57,1.99,29.89,0.27,6.8,,,,0.0,0.0,0.27,-1
20101,鯉魚潭水庫,2026-04-30,2026-04-30T20:00:00,282.93,5507.04,1.99,22.26,0.27,6.89,,,,0.0,0.0,0.27,-1
20101,鯉魚潭水庫,2026-04-30,2026-04-30T21:00:00,282.94,5509.77,1.99,14.74,0.27,6.75,,,,0.0,0.0,0.27,-1
20101,鯉魚潭水庫,2026-04-30,2026-04-30T22:00:00,282.94,5509.77,2.47,7.02,0.27,6.87,,,,0.0,0.0,0.27,-1
20101,鯉魚潭水庫,2026-04-30,2026-04-30T23:00:00,282.94,5509.77,2.47,7.14,0.27,6.85,,,,0.0,0.0,0.27,-1
20201,德基水庫,2026-04-30,2026-04-30T00:00:00,1395.49,13533.14,,14.58,0.84,,,,,0.0,,0.84,
20201,德基水庫,2026-04-30,2026-04-30T01:00:00,1395.51,13539.6,,18.93,0.98,,,,,0.0,,0.98,
20201,德基水庫,2026-04-30,2026-04-30T02:00:00,1395.53,13546.06,,18.86,0.84,,,,,0.0,,0.84,
20201,德基水庫,2026-04-30,2026-04-30T03:00:00,1395.54,13549.29,,15.85,0.84,,,,,0.0,,0.84,
20201,德基水庫,2026-04-30,2026-04-30T04:00:00,1395.57,13558.99,,18.83,0.84,,,,,0.0,,0.84,
20201,德基水庫,2026-04-30,2026-04-30T05:00:00,1395.58,13562.22,,17.03,0.84,,,,,0.0,,0.84,
20201,德基水庫,2026-04-30,2026-04-30T06:00:00,1395.6,13568.69,,17.32,0.84,,,,,0.0,,0.84,
20201,德基水庫,2026-04-30,2026-04-30T07:00:00,1395.64,13581.64,,18.0,0.0,,,,,0.0,,0.0,
20201,德基水庫,2026-04-30,2026-04-30T08:00:00,1395.65,13584.87,,18.91,1.55,,,,,0.0,,1.55,
20201,德基水庫,2026-04-30,2026-04-30T09:00:00,1395.65,13584.87,,20.25,30.98,,,,,30.0,,0.99,
20201,德基水庫,2026-04-30,2026-04-30T10:00:00,1395.64,13581.64,,19.93,25.98,,,,,24.29,,1.69,
20201,德基水庫,2026-04-30,2026-04-30T11:00:00,1395.64,13581.64,,18.27,1.69,,,,,0.0,,1.69,
20201,德基水庫,2026-04-30,2026-04-30T12:00:00,1395.65,13584.87,,17.64,1.69,,,,,0.0,,1.69,
20201,德基水庫,2026-04-30,2026-04-30T13:00:00,1395.67,13591.35,,17.79,1.69,,,,,0.0,,1.69,
20201,德基水庫,2026-04-30,2026-04-30T14:00:00,1395.7,13601.06,,18.57,1.69,,,,,0.0,,1.69,
20201,德基水庫,2026-04-30,2026-04-30T15:00:00,1395.72,13607.54,,18.64,1.69,,,,,0.0,,1.69,
20201,德基水庫,2026-04-30,2026-04-30T16:00:00,1395.74,13614.02,,18.71,1.69,,,,,0.0,,1.69,
20201,德基水庫,2026-04-30,2026-04-30T17:00:00,1395.76,13620.51,,18.79,2.11,,,,,0.0,,2.11,
20201,德基水庫,2026-04-30,2026-04-30T18:00:00,1395.76,13620.51,,19.31,28.16,,,,,27.31,,0.85,
20201,德基水庫,2026-04-30,2026-04-30T19:00:00,1395.74,13614.02,,19.89,48.37,,,,,48.22,,0.14,
20201,德基水庫,2026-04-30,2026-04-30T20:00:00,1395.68,13594.58,,19.2,60.05,,,,,59.91,,0.14,
20201,德基水庫,2026-04-30,2026-04-30T21:00:00,1395.65,13584.87,,19.84,59.67,,,,,59.67,,0.0,
20201,德基水庫,2026-04-30,2026-04-30T22:00:00,1395.61,13571.93,,19.99,58.93,,,,,58.93,,0.0,
20201,德基水庫,2026-04-30,2026-04-30T23:00:00,1395.59,13565.46,,19.8,33.72,,,,,33.3,,0.42,
20202,石岡壩,2026-04-30,2026-04-30T00:00:00,272.43,30.75,,19.41,,,,,,,,,
20202,石岡壩,2026-04-30,2026-04-30T01:00:00,272.44,31.07,,19.63,,,,,,,,,
20202,石岡壩,2026-04-30,2026-04-30T02:00:00,272.44,31.07,,19.6,,,,,,,,,
20202,石岡壩,2026-04-30,2026-04-30T03:00:00,272.44,31.07,,19.4,,,,,,,,,
20202,石岡壩,2026-04-30,2026-04-30T04:00:00,272.45,31.39,,19.86,,,,,,,,,
20202,石岡壩,2026-04-30,2026-04-30T05:00:00,272.44,31.07,,18.31,,,,,,,,,
20202,石岡壩,2026-04-30,2026-04-30T06:00:00,272.43,30.75,,18.21,,,,,,,,,
20202,石岡壩,2026-04-30,2026-04-30T07:00:00,272.42,30.42,,18.54,,,,,,,,,
20202,石岡壩,2026-04-30,2026-04-30T08:00:00,272.42,30.42,,18.13,,,,,,,,,
20202,石岡壩,2026-04-30,2026-04-30T09:00:00,272.41,30.1,,17.7,,,,,,,,,
20202,石岡壩,2026-04-30,2026-04-30T10:00:00,272.4,29.78,,18.27,,,,,,,,,
20202,石岡壩,2026-04-30,2026-04-30T11:00:00,272.38,29.16,,17.75,,,,,,,,,
20202,石岡壩,2026-04-30,2026-04-30T12:00:00,272.38,29.16,,19.43,,,,,,,,,
20202,石岡壩,2026-04-30,2026-04-30T13:00:00,272.37,28.85,,18.03,,,,,,,,,
20202,石岡壩,2026-04-30,2026-04-30T14:00:00,272.36,28.54,,17.52,,,,,,,,,
20202,石岡壩,2026-04-30,2026-04-30T15:00:00,272.35,28.23,,19.37,,,,,,,,,
20202,石岡壩,2026-04-30,2026-04-30T16:00:00,272.34,27.92,,19.04,,,,,,,,,
20202,石岡壩,2026-04-30,2026-04-30T17:00:00,272.34,27.92,,19.96,,,,,,,,,
20202,石岡壩,2026-04-30,2026-04-30T18:00:00,272.33,27.61,,18.6,,,,,,,,,
20202,石岡壩,2026-04-30,2026-04-30T19:00:00,272.32,27.3,,18.94,,,,,,,,,
20202,石岡壩,2026-04-30,2026-04-30T20:00:00,272.31,26.99,,18.79,,,,,,,,,
20202,石岡壩,2026-04-30,2026-04-30T21:00:00,272.31,26.99,,21.94,,,,,,,,,
20202,石岡壩,2026-04-30,2026-04-30T22:00:00,272.31,26.99,,20.47,,,,,,,,,
20202,石岡壩,2026-04-30,2026-04-30T23:00:00,272.31,26.99,,21.12,,,,,,,,,
20501,霧社水庫,2026-04-30,2026-04-30T00:00:00,1003.16,2151.42,,,5.77,,,,,,,,
20501,霧社水庫,2026-04-30,2026-04-30T01:00:00,1003.18,2155.58,,,5.79,,,,,,,,
20501,霧社水庫,2026-04-30,2026-04-30T02:00:00,1003.18,2155.58,,,5.77,,,,,,,,
20501,霧社水庫,2026-04-30,2026-04-30T03:00:00,1003.18,2155.58,,,5.77,,,,,,,,
20501,霧社水庫,2026-04-30,2026-04-30T04:00:00,1003.19,2157.66,,,5.79,,,,,,,,
20501,霧社水庫,2026-04-30,2026-04-30T05:00:00,1003.19,2157.66,,,5.79,,,,,,,,
20501,霧社水庫,2026-04-30,2026-04-30T06:00:00,1003.19,2157.66,,,5.79,,,,,,,,
20501,霧社水庫,2026-04-30,2026-04-30T07:00:00,1003.19,2157.66,,,5.79,,,,,,,,
20501,霧社水庫,2026-04-30,2026-04-30T08:00:00,1003.2,2159.74,,,5.79,,,,,,,,
20501,霧社水庫,2026-04-30,2026-04-30T09:00:00,1003.2,2159.74,,,5.79,,,,,,,,
20501,霧社水庫,2026-04-30,2026-04-30T10:00:00,1003.18,2155.58,,,5.77,,,,,,,,
20501,霧社水庫,2026-04-30,2026-04-30T11:00:00,1003.19,2157.66,,,5.79,,,,,,,,
20501,霧社水庫,2026-04-30,2026-04-30T12:00:00,1003.2,2159.74,,,5.79,,,,,,,,
20501,霧社水庫,2026-04-30,2026-04-30T13:00:00,1003.21,2161.82,,,5.79,,,,,,,,
20501,霧社水庫,2026-04-30,2026-04-30T14:00:00,1003.21,2161.82,,,5.79,,,,,,,,
20501,霧社水庫,2026-04-30,2026-04-30T15:00:00,1003.2,2159.74,,,5.77,,,,,,,,
20501,霧社水庫,2026-04-30,2026-04-30T16:00:00,1003.2,2159.74,,,5.77,,,,,,,,
20501,霧社水庫,2026-04-30,2026-04-30T17:00:00,1003.2,2159.74,,,5.79,,,,,,,,
20501,霧社水庫,2026-04-30,2026-04-30T18:00:00,1003.2,2159.74,,,5.79,,,,,,,,
20501,霧社水庫,2026-04-30,2026-04-30T19:00:00,1003.22,2163.9,,,5.79,,,,,,,,
20501,霧社水庫,2026-04-30,2026-04-30T20:00:00,1003.22,2163.9,,,5.79,,,,,,,,
20501,霧社水庫,2026-04-30,2026-04-30T21:00:00,1003.23,2165.99,,,5.79,,,,,,,,
20501,霧社水庫,2026-04-30,2026-04-30T22:00:00,1003.24,2168.07,,,5.77,,,,,,,,
20501,霧社水庫,2026-04-30,2026-04-30T23:00:00,1003.24,2168.07,,,5.79,,,,,,,,
20502,日月潭水庫,2026-04-30,2026-04-30T00:00:00,741.9,7908.74,,,,,,,,,,,
20502,日月潭水庫,2026-04-30,2026-04-30T01:00:00,741.9,7908.74,,,,,,,,,,,
20502,日月潭水庫,2026-04-30,2026-04-30T02:00:00,742.0,7980.39,,,,,,,,,,,
20502,日月潭水庫,2026-04-30,2026-04-30T03:00:00,742.1,8052.21,,,,,,,,,,,
20502,日月潭水庫,2026-04-30,2026-04-30T04:00:00,742.2,8124.22,,,,,,,,,,,
20502,日月潭水庫,2026-04-30,2026-04-30T05:00:00,742.35,8232.59,,,,,,,,,,,
20502,日月潭水庫,2026-04-30,2026-04-30T06:00:00,742.5,8341.37,,,,,,,,,,,
20502,日月潭水庫,2026-04-30,2026-04-30T07:00:00,742.6,8414.12,,,,,,,,,,,
20502,日月潭水庫,2026-04-30,2026-04-30T08:00:00,742.7,8487.07,,,,,,,,,,,
20502,日月潭水庫,2026-04-30,2026-04-30T09:00:00,742.7,8487.07,,,,,,,,,,,
20502,日月潭水庫,2026-04-30,2026-04-30T10:00:00,742.65,8450.57,,,,,,,,,,,
20502,日月潭水庫,2026-04-30,2026-04-30T11:00:00,742.68,8472.46,,,,,,,,,,,
20502,日月潭水庫,2026-04-30,2026-04-30T12:00:00,742.57,8392.28,,,,,,,,,,,
20502,日月潭水庫,2026-04-30,2026-04-30T13:00:00,742.67,8465.16,,,,,,,,,,,
20502,日月潭水庫,2026-04-30,2026-04-30T14:00:00,742.75,8523.61,,,,,,,,,,,
20502,日月潭水庫,2026-04-30,2026-04-30T15:00:00,742.85,8596.85,,,,,,,,,,,
20502,日月潭水庫,2026-04-30,2026-04-30T16:00:00,742.9,8633.53,,,,,,,,,,,
20502,日月潭水庫,2026-04-30,2026-04-30T17:00:00,742.9,8633.53,,,,,,,,,,,
20502,日月潭水庫,2026-04-30,2026-04-30T18:00:00,742.9,8633.53,,,,,,,,,,,
20502,日月潭水庫,2026-04-30,2026-04-30T19:00:00,742.82,8574.86,,,,,,,,,,,
20502,日月潭水庫,2026-04-30,2026-04-30T20:00:00,742.68,8472.46,,,,,,,,,,,
20502,日月潭水庫,2026-04-30,2026-04-30T21:00:00,742.56,8385.0,,,,,,,,,,,
20502,日月潭水庫,2026-04-30,2026-04-30T22:00:00,742.4,8268.8,,,,,,,,,,,
20502,日月潭水庫,2026-04-30,2026-04-30T23:00:00,742.31,8203.65,,,,,,,,,,,
20503,集集攔河堰,2026-04-30,2026-04-30T00:00:00,208.31,31.01,,23.76,4.0,,,,,,,,
20503,集集攔河堰,2026-04-30,2026-04-30T01:00:00,208.35,31.71,,25.01,4.0,,,,,,,,
20503,集集攔河堰,2026-04-30,2026-04-30T02:00:00,208.39,32.41,,25.12,4.0,,,,,,,,
20503,集集攔河堰,2026-04-30,2026-04-30T03:00:00,208.39,32.41,,23.5,4.0,,,,,,,,
20503,集集攔河堰,2026-04-30,2026-04-30T04:00:00,208.4,32.59,,24.09,4.0,,,,,,,,
20503,集集攔河堰,2026-04-30,2026-04-30T05:00:00,208.35,31.71,,25.37,4.0,,,,,,,,
20503,集集攔河堰,2026-04-30,2026-04-30T06:00:00,208.27,30.31,,24.55,4.0,,,,,,,,
20503,集集攔河堰,2026-04-30,2026-04-30T07:00:00,208.18,28.73,,23.84,4.0,,,,,,,,
20503,集集攔河堰,2026-04-30,2026-04-30T08:00:00,208.1,27.32,,24.55,4.0,,,,,,,,
20503,集集攔河堰,2026-04-30,2026-04-30T09:00:00,208.03,26.1,,25.09,3.0,,,,,,,,
20503,集集攔河堰,2026-04-30,2026-04-30T10:00:00,207.99,25.46,,26.48,3.0,,,,,,,,
20503,集集攔河堰,2026-04-30,2026-04-30T11:00:00,207.99,25.46,,27.51,3.0,,,,,,,,
20503,集集攔河堰,2026-04-30,2026-04-30T12:00:00,208.0,25.57,,28.24,3.0,,,,,,,,
20503,集集攔河堰,2026-04-30,2026-04-30T13:00:00,208.03,26.1,,29.34,3.0,,,,,,,,
20503,集集攔河堰,2026-04-30,2026-04-30T14:00:00,208.04,26.27,,28.57,3.0,,,,,,,,
20503,集集攔河堰,2026-04-30,2026-04-30T15:00:00,208.07,26.8,,29.12,3.0,,,,,,,,
20503,集集攔河堰,2026-04-30,2026-04-30T16:00:00,208.09,27.15,,28.72,3.0,,,,,,,,
20503,集集攔河堰,2026-04-30,2026-04-30T17:00:00,208.22,29.43,,28.54,3.0,,,,,,,,
20503,集集攔河堰,2026-04-30,2026-04-30T18:00:00,208.34,31.53,,27.4,3.0,,,,,,,,
20503,集集攔河堰,2026-04-30,2026-04-30T19:00:00,208.41,32.76,,25.52,3.0,,,,,,,,
20503,集集攔河堰,2026-04-30,2026-04-30T20:00:00,208.47,33.81,,25.18,3.0,,,,,,,,
20503,集集攔河堰,2026-04-30,2026-04-30T21:00:00,208.51,34.52,,24.58,3.0,,,,,,,,
20503,集集攔河堰,2026-04-30,2026-04-30T22:00:00,208.55,35.22,,24.54,3.0,,,,,,,,
20503,集集攔河堰,2026-04-30,2026-04-30T23:00:00,208.6,36.09,,23.64,3.0,,,,,,,,
20509,湖山水庫,2026-04-30,2026-04-30T00:00:00,189.06,1464.97,,1.84,0.06,2.98,,,,,0.0,,-1
20509,湖山水庫,2026-04-30,2026-04-30T01:00:00,189.05,1463.85,,0.0,0.06,2.97,,,,,0.0,,-1
20509,湖山水庫,2026-04-30,2026-04-30T02:00:00,189.05,1463.85,,1.46,0.06,2.96,,,,,0.0,,-1
20509,湖山水庫,2026-04-30,2026-04-30T03:00:00,189.05,1463.85,,2.0,0.06,2.98,,,,,0.0,,-1
20509,湖山水庫,2026-04-30,2026-04-30T04:00:00,189.05,1463.85,,2.24,0.06,2.96,,,,,0.0,,-1
20509,湖山水庫,2026-04-30,2026-04-30T05:00:00,189.04,1462.74,,1.8,0.06,2.98,,,,,0.0,,-1
20509,湖山水庫,2026-04-30,2026-04-30T06:00:00,189.03,1461.62,,1.48,0.06,2.97,,,,,0.0,,-1
20509,湖山水庫,2026-04-30,2026-04-30T07:00:00,189.03,1461.62,,1.65,0.06,2.92,,,,,0.0,,-1
20509,湖山水庫,2026-04-30,2026-04-30T08:00:00,189.02,1460.5,,1.49,0.06,2.98,,,,,0.0,,-1
20509,湖山水庫,2026-04-30,2026-04-30T09:00:00,189.02,1460.5,,1.64,0.06,2.96,,,,,0.0,,-1
20509,湖山水庫,2026-04-30,2026-04-30T10:00:00,189.01,1459.38,,1.48,0.06,2.97,,,,,0.0,,-1
20509,湖山水庫,2026-04-30,2026-04-30T11:00:00,189.01,1459.38,,1.63,0.06,2.98,,,,,0.0,,-1
20509,湖山水庫,2026-04-30,2026-04-30T12:00:00,189.0,1458.26,,1.48,0.06,2.97,,,,,0.0,,-1
20509,湖山水庫,2026-04-30,2026-04-30T13:00:00,189.0,1458.26,,1.61,0.06,2.98,,,,,0.0,,-1
20509,湖山水庫,2026-04-30,2026-04-30T14:00:00,188.99,1457.15,,1.49,0.06,2.98,,,,,0.0,,-1
20509,湖山水庫,2026-04-30,2026-04-30T15:00:00,189.0,1458.26,,1.78,0.06,2.96,,,,,0.0,,-1
20509,湖山水庫,2026-04-30,2026-04-30T16:00:00,188.99,1457.15,,1.67,0.06,2.97,,,,,0.0,,-1
20509,湖山水庫,2026-04-30,2026-04-30T17:00:00,188.98,1456.03,,1.54,0.06,2.94,,,,,0.0,,-1
20509,湖山水庫,2026-04-30,2026-04-30T18:00:00,188.98,1456.03,,1.64,0.06,2.96,,,,,0.0,,-1
20509,湖山水庫,2026-04-30,2026-04-30T19:00:00,188.98,1456.03,,1.7,0.06,2.95,,,,,0.0,,-1
20509,湖山水庫,2026-04-30,2026-04-30T20:00:00,188.98,1456.03,,1.78,0.06,2.96,,,,,0.0,,-1
20509,湖山水庫,2026-04-30,2026-04-30T21:00:00,188.97,1454.92,,1.75,0.06,3.02,,,,,0.0,,-1
20509,湖山水庫,2026-04-30,2026-04-30T22:00:00,188.97,1454.92,,1.76,0.06,2.97,,,,,0.0,,-1
20509,湖山水庫,2026-04-30,2026-04-30T23:00:00,188.96,1453.81,,1.65,0.06,2.94,,,,,0.0,,-1
30301,仁義潭水庫,2026-04-30,2026-04-30T07:00:00,95.64,611.46,0.0,-1.0,0.0,,,,,,,,
30302,蘭潭水庫,2026-04-30,2026-04-30T07:00:00,64.92,228.89,0.0,0.03,0.0,,,,,,,,
30306,內埔子水庫,2026-04-30,2026-04-30T07:00:00,56.53,21.45,,,,,,,,,,,
30401,白河水庫,2026-04-30,2026-04-30T08:00:00,102.6,247.0,,,,,,,,,,,
30403,德元埤水庫,2026-04-30,2026-04-30T07:00:00,13.56,177.81,,,,,,,,,,,
30501,烏山頭水庫,2026-04-30,2026-04-30T07:00:00,53.78,4122.0,,,,,,,,,,,
30502,曾文水庫,2026-04-30,2026-04-30T00:00:00,199.39,7535.0,0.0,1.5,2.65,,,0.0,,0.0,0.0,2.65,
30502,曾文水庫,2026-04-30,2026-04-30T01:00:00,199.39,7535.0,0.0,1.5,2.59,,,0.0,,0.0,0.0,2.59,
30502,曾文水庫,2026-04-30,2026-04-30T02:00:00,199.39,7535.0,0.0,1.5,2.93,,,0.0,,0.0,0.0,2.93,
30502,曾文水庫,2026-04-30,2026-04-30T03:00:00,199.39,7535.0,0.0,1.5,2.86,,,0.0,,0.0,0.0,2.86,
30502,曾文水庫,2026-04-30,2026-04-30T04:00:00,199.39,7535.0,0.0,1.5,2.54,,,0.0,,0.0,0.0,2.54,
30502,曾文水庫,2026-04-30,2026-04-30T05:00:00,199.39,7535.0,0.1,1.5,2.53,,,0.0,,0.0,0.0,2.53,
30502,曾文水庫,2026-04-30,2026-04-30T06:00:00,199.39,7535.0,0.3,1.5,2.66,,,0.0,,0.0,0.0,2.66,
30502,曾文水庫,2026-04-30,2026-04-30T07:00:00,199.39,7535.0,0.3,1.5,2.64,,,0.0,,0.0,0.0,2.64,
30502,曾文水庫,2026-04-30,2026-04-30T08:00:00,199.39,7535.0,0.3,1.5,2.76,,,0.0,,0.0,0.0,2.76,
30502,曾文水庫,2026-04-30,2026-04-30T09:00:00,199.39,7535.0,0.3,1.5,2.21,,,0.0,,0.0,0.0,2.21,
30502,曾文水庫,2026-04-30,2026-04-30T10:00:00,199.38,7528.0,0.3,1.5,2.78,,,0.0,,0.0,0.0,2.78,
30502,曾文水庫,2026-04-30,2026-04-30T11:00:00,199.39,7535.0,1.0,1.5,2.73,,,0.0,,0.0,0.0,2.73,
30502,曾文水庫,2026-04-30,2026-04-30T12:00:00,199.39,7535.0,3.2,1.5,2.55,,,0.0,,0.0,0.0,2.55,
30502,曾文水庫,2026-04-30,2026-04-30T13:00:00,199.39,7535.0,4.3,1.5,2.85,,,0.0,,0.0,0.0,2.85,
30502,曾文水庫,2026-04-30,2026-04-30T14:00:00,199.39,7535.0,4.6,1.5,2.73,,,0.0,,0.0,0.0,2.73,
30502,曾文水庫,2026-04-30,2026-04-30T15:00:00,199.39,7535.0,4.7,1.5,2.44,,,0.0,,0.0,0.0,2.44,
30502,曾文水庫,2026-04-30,2026-04-30T16:00:00,199.39,7535.0,4.8,1.5,2.68,,,0.0,,0.0,0.0,2.68,
30502,曾文水庫,2026-04-30,2026-04-30T17:00:00,199.39,7535.0,5.0,1.5,2.9,,,0.0,,0.0,0.0,2.9,
30502,曾文水庫,2026-04-30,2026-04-30T18:00:00,199.39,7535.0,5.5,1.5,2.49,,,0.0,,0.0,0.0,2.49,
30502,曾文水庫,2026-04-30,2026-04-30T19:00:00,199.39,7535.0,5.5,1.5,2.6,,,0.0,,0.0,0.0,2.6,
30502,曾文水庫,2026-04-30,2026-04-30T20:00:00,199.39,7535.0,5.6,1.5,2.48,,,0.0,,0.0,0.0,2.48,
30502,曾文水庫,2026-04-30,2026-04-30T21:00:00,199.39,7535.0,5.7,1.5,2.56,,,0.0,,0.0,0.0,2.56,
30502,曾文水庫,2026-04-30,2026-04-30T22:00:00,199.39,7535.0,5.7,1.5,2.31,,,0.0,,0.0,0.0,2.31,
30502,曾文水庫,2026-04-30,2026-04-30T23:00:00,199.39,7535.0,5.7,1.5,2.8,,,0.0,,0.0,0.0,2.8,
30503,南化水庫,2026-04-30,2026-04-30T07:00:00,166.57,3069.59,0.0,3.71,0.0,3.76,,,,,,,
30504,鏡面水庫,2026-04-30,2026-04-30T07:00:00,138.01,46.7,0.0,0.02,0.0,0.02,,,,,,,
30601,虎頭埤水庫,2026-04-30,2026-04-30T08:00:00,35.0,73.5,,,,,,,,,,,
30602,鹽水埤水庫,2026-04-30,2026-04-30T08:00:00,26.15,8.02,,,,,,,,,,,
30801,澄清湖水庫,2026-04-30,2026-04-30T07:00:00,17.58,236.0,,,0.0,,,,,,,,
30802,阿公店水庫,2026-04-30,2026-04-30T00:00:00,31.51,202.0,0.0,1.01,0.0,0.97,,0.0,0.0,,0.0,,
30802,阿公店水庫,2026-04-30,2026-04-30T01:00:00,31.51,202.0,0.0,0.98,0.0,0.95,,0.0,0.0,,0.0,,
30802,阿公店水庫,2026-04-30,2026-04-30T02:00:00,31.51,202.0,0.0,1.0,0.0,0.97,,0.0,0.0,,0.0,,
30802,阿公店水庫,2026-04-30,2026-04-30T03:00:00,31.5,200.0,0.0,0.03,0.0,0.97,,0.0,0.0,,0.0,,
30802,阿公店水庫,2026-04-30,2026-04-30T04:00:00,31.5,200.0,0.0,0.97,0.0,0.95,,0.0,0.0,,0.0,,
30802,阿公店水庫,2026-04-30,2026-04-30T05:00:00,31.5,200.0,0.0,0.98,0.0,0.97,,0.0,0.0,,0.0,,
30802,阿公店水庫,2026-04-30,2026-04-30T06:00:00,31.49,199.0,0.0,0.02,0.0,0.97,,0.0,0.0,,0.0,,
30802,阿公店水庫,2026-04-30,2026-04-30T07:00:00,31.49,199.0,0.0,0.02,0.0,0.0,,0.0,0.0,,0.0,,
30802,阿公店水庫,2026-04-30,2026-04-30T08:00:00,31.49,199.0,0.0,0.02,0.0,0.0,,0.0,0.0,,0.0,,
30802,阿公店水庫,2026-04-30,2026-04-30T09:00:00,31.49,199.0,0.0,0.02,0.0,0.0,,0.0,0.0,,0.0,,
30802,阿公店水庫,2026-04-30,2026-04-30T10:00:00,31.49,199.0,0.0,0.01,0.0,0.0,,0.0,0.0,,0.0,,
30802,阿公店水庫,2026-04-30,2026-04-30T11:00:00,31.49,199.0,0.0,0.02,0.0,0.0,,0.0,0.0,,0.0,,
30802,阿公店水庫,2026-04-30,2026-04-30T12:00:00,31.49,199.0,0.0,0.03,0.0,0.0,,0.0,0.0,,0.0,,
30802,阿公店水庫,2026-04-30,2026-04-30T13:00:00,31.49,199.0,0.0,0.02,0.0,0.0,,0.0,0.0,,0.0,,
30802,阿公店水庫,2026-04-30,2026-04-30T14:00:00,31.49,199.0,0.0,0.01,0.0,0.0,,0.0,0.0,,0.0,,
30802,阿公店水庫,2026-04-30,2026-04-30T15:00:00,31.49,199.0,0.0,0.01,0.0,0.0,,0.0,0.0,,0.0,,
30802,阿公店水庫,2026-04-30,2026-04-30T16:00:00,31.49,199.0,0.0,0.02,0.0,0.0,,0.0,0.0,,0.0,,
30802,阿公店水庫,2026-04-30,2026-04-30T17:00:00,31.49,199.0,0.0,0.03,0.0,0.0,,0.0,0.0,,0.0,,
30802,阿公店水庫,2026-04-30,2026-04-30T18:00:00,31.48,197.0,0.0,0.02,0.0,0.0,,0.0,0.0,,0.0,,
30802,阿公店水庫,2026-04-30,2026-04-30T19:00:00,31.49,199.0,0.0,4.62,0.0,0.0,,0.0,0.0,,0.0,,
30802,阿公店水庫,2026-04-30,2026-04-30T20:00:00,31.48,197.0,0.0,0.02,0.0,0.0,,0.0,0.0,,0.0,,
30802,阿公店水庫,2026-04-30,2026-04-30T21:00:00,31.48,197.0,0.0,0.04,0.0,0.0,,0.0,0.0,,0.0,,
30802,阿公店水庫,2026-04-30,2026-04-30T22:00:00,31.48,197.0,0.0,0.02,0.0,0.0,,0.0,0.0,,0.0,,
30802,阿公店水庫,2026-04-30,2026-04-30T23:00:00,31.48,197.0,0.0,0.04,0.0,0.0,,0.0,0.0,,0.0,,
30803,鳳山水庫,2026-04-30,2026-04-30T08:00:00,45.21,382.07,0.0,11.29,0.0,14.38,,,,,,,
30901,高屏溪攔河堰,2026-04-30,2026-04-30T00:00:00,16.17,,0.0,11.6,0.89,10.71,,,,,,0.89,
30901,高屏溪攔河堰,2026-04-30,2026-04-30T01:00:00,16.17,,0.0,11.6,0.89,10.71,,,,,,0.89,
30901,高屏溪攔河堰,2026-04-30,2026-04-30T02:00:00,16.17,,0.0,11.6,0.96,10.64,,,,,,0.96,
30901,高屏溪攔河堰,2026-04-30,2026-04-30T03:00:00,16.17,,0.0,11.6,0.96,10.64,,,,,,0.96,
30901,高屏溪攔河堰,2026-04-30,2026-04-30T04:00:00,16.17,,0.0,11.6,0.96,10.64,,,,,,0.96,
30901,高屏溪攔河堰,2026-04-30,2026-04-30T05:00:00,16.17,,0.1,11.6,0.94,10.66,,,,,,0.94,
30901,高屏溪攔河堰,2026-04-30,2026-04-30T06:00:00,16.17,,0.1,11.6,0.94,10.66,,,,,,0.94,
30901,高屏溪攔河堰,2026-04-30,2026-04-30T07:00:00,16.17,,0.1,11.6,0.94,10.66,,,,,,0.94,
30901,高屏溪攔河堰,2026-04-30,2026-04-30T08:00:00,16.17,,0.1,11.6,0.94,10.66,,,,,,0.94,
30901,高屏溪攔河堰,2026-04-30,2026-04-30T09:00:00,16.17,,0.2,11.6,0.93,10.67,,,,,,0.93,
30901,高屏溪攔河堰,2026-04-30,2026-04-30T10:00:00,16.17,,0.7,11.6,0.93,10.67,,,,,,0.93,
30901,高屏溪攔河堰,2026-04-30,2026-04-30T11:00:00,16.17,,1.5,11.6,0.93,10.67,,,,,,0.93,
30901,高屏溪攔河堰,2026-04-30,2026-04-30T12:00:00,16.17,,2.2,11.6,0.93,10.67,,,,,,0.93,
30901,高屏溪攔河堰,2026-04-30,2026-04-30T13:00:00,16.18,,2.7,11.6,0.92,10.68,,,,,,0.92,
30901,高屏溪攔河堰,2026-04-30,2026-04-30T14:00:00,16.19,,3.1,12.7,1.47,11.23,,,,,,1.47,
30901,高屏溪攔河堰,2026-04-30,2026-04-30T15:00:00,16.19,,3.4,12.7,1.47,11.23,,,,,,1.47,
30901,高屏溪攔河堰,2026-04-30,2026-04-30T16:00:00,16.18,,3.5,12.4,1.17,11.23,,,,,,1.17,
30901,高屏溪攔河堰,2026-04-30,2026-04-30T17:00:00,16.17,,3.8,12.1,0.86,11.24,,,,,,0.86,
30901,高屏溪攔河堰,2026-04-30,2026-04-30T18:00:00,16.17,,4.2,12.1,0.86,11.24,,,,,,0.86,
30901,高屏溪攔河堰,2026-04-30,2026-04-30T19:00:00,16.17,,4.4,12.1,0.86,11.24,,,,,,0.86,
30901,高屏溪攔河堰,2026-04-30,2026-04-30T20:00:00,16.16,,4.4,12.1,0.88,11.22,,,,,,0.88,
30901,高屏溪攔河堰,2026-04-30,2026-04-30T21:00:00,16.16,,4.4,11.8,0.58,11.22,,,,,,0.58,
30901,高屏溪攔河堰,2026-04-30,2026-04-30T22:00:00,16.16,,4.4,11.8,0.58,11.22,,,,,,0.58,
30901,高屏溪攔河堰,2026-04-30,2026-04-30T23:00:00,16.16,,4.4,11.8,0.57,11.23,,,,,,0.57,
31002,甲仙攔河堰,2026-04-30,2026-04-30T00:00:00,242.62,,0.0,3.23,3.0,0.23,,,,,,3.0,
31002,甲仙攔河堰,2026-04-30,2026-04-30T01:00:00,242.62,,0.0,3.23,3.0,0.23,,,,,,3.0,
31002,甲仙攔河堰,2026-04-30,2026-04-30T02:00:00,242.62,,0.0,3.23,3.0,0.23,,,,,,3.0,
31002,甲仙攔河堰,2026-04-30,2026-04-30T03:00:00,242.62,,0.0,3.23,3.0,0.23,,,,,,3.0,
31002,甲仙攔河堰,2026-04-30,2026-04-30T04:00:00,242.62,,0.0,3.23,3.0,0.23,,,,,,3.0,
31002,甲仙攔河堰,2026-04-30,2026-04-30T05:00:00,242.62,,0.0,3.22,2.99,0.23,,,,,,2.99,
31002,甲仙攔河堰,2026-04-30,2026-04-30T06:00:00,242.62,,0.0,3.23,3.0,0.23,,,,,,3.0,
31002,甲仙攔河堰,2026-04-30,2026-04-30T07:00:00,242.62,,0.3,3.23,3.0,0.23,,,,,,3.0,
31002,甲仙攔河堰,2026-04-30,2026-04-30T08:00:00,242.62,,0.3,3.23,3.0,0.23,,,,,,3.0,
31002,甲仙攔河堰,2026-04-30,2026-04-30T09:00:00,242.62,,0.5,3.23,3.0,0.23,,,,,,3.0,
31002,甲仙攔河堰,2026-04-30,2026-04-30T10:00:00,242.62,,0.9,3.38,3.04,0.33,,,,,,3.04,
31002,甲仙攔河堰,2026-04-30,2026-04-30T11:00:00,242.62,,3.1,3.45,3.12,0.33,,,,,,3.12,
31002,甲仙攔河堰,2026-04-30,2026-04-30T12:00:00,242.62,,4.1,3.34,2.99,0.35,,,,,,2.99,
31002,甲仙攔河堰,2026-04-30,2026-04-30T13:00:00,242.62,,5.0,3.47,2.98,0.49,,,,,,2.98,
31002,甲仙攔河堰,2026-04-30,2026-04-30T14:00:00,242.62,,6.4,3.61,3.0,0.61,,,,,,3.0,
31002,甲仙攔河堰,2026-04-30,2026-04-30T15:00:00,242.62,,6.3,3.49,3.0,0.49,,,,,,3.0,
31002,甲仙攔河堰,2026-04-30,2026-04-30T16:00:00,242.62,,6.0,3.35,3.0,0.35,,,,,,3.0,
31002,甲仙攔河堰,2026-04-30,2026-04-30T17:00:00,242.62,,6.6,3.35,3.0,0.35,,,,,,3.0,
31002,甲仙攔河堰,2026-04-30,2026-04-30T18:00:00,242.62,,6.9,3.35,3.0,0.35,,,,,,3.0,
31002,甲仙攔河堰,2026-04-30,2026-04-30T19:00:00,242.62,,7.2,3.49,3.0,0.49,,,,,,3.0,
31002,甲仙攔河堰,2026-04-30,2026-04-30T20:00:00,242.53,,7.2,3.29,0.7,2.59,,,,,,0.7,
31002,甲仙攔河堰,2026-04-30,2026-04-30T21:00:00,242.62,,7.2,3.23,3.0,0.23,,,,,,3.0,
31002,甲仙攔河堰,2026-04-30,2026-04-30T22:00:00,242.62,,7.2,3.23,3.0,0.23,,,,,,3.0,
31002,甲仙攔河堰,2026-04-30,2026-04-30T23:00:00,242.62,,7.2,3.12,3.0,0.12,,,,,,3.0,
31201,牡丹水庫,2026-04-30,2026-04-30T00:00:00,130.94,1351.0,0.0,0.1,1.0,,,0.0,0.0,1.0,0.0,,
31201,牡丹水庫,2026-04-30,2026-04-30T01:00:00,130.93,1350.0,0.0,0.58,1.0,,,0.0,0.0,1.0,0.0,,
31201,牡丹水庫,2026-04-30,2026-04-30T02:00:00,130.93,1350.0,0.0,0.5,1.0,,,0.0,0.0,1.0,0.0,,
31201,牡丹水庫,2026-04-30,2026-04-30T03:00:00,130.92,1350.0,0.0,0.16,1.0,,,0.0,0.0,1.0,0.0,,
31201,牡丹水庫,2026-04-30,2026-04-30T04:00:00,130.92,1350.0,0.0,0.8,1.0,,,0.0,0.0,1.0,0.0,,
31201,牡丹水庫,2026-04-30,2026-04-30T05:00:00,130.91,1349.0,0.0,0.8,1.0,,,0.0,0.0,1.0,0.0,,
31201,牡丹水庫,2026-04-30,2026-04-30T06:00:00,130.91,1349.0,0.0,0.16,1.0,,,0.0,0.0,1.0,0.0,,
31201,牡丹水庫,2026-04-30,2026-04-30T07:00:00,130.91,1349.0,0.0,1.0,1.0,,,0.0,0.0,1.0,0.0,,
31201,牡丹水庫,2026-04-30,2026-04-30T08:00:00,130.9,1348.0,0.0,0.58,1.0,,,0.0,0.0,1.0,0.0,,
31201,牡丹水庫,2026-04-30,2026-04-30T09:00:00,130.9,1348.0,0.0,0.5,1.0,,,0.0,0.0,1.0,0.0,,
31201,牡丹水庫,2026-04-30,2026-04-30T10:00:00,130.89,1347.0,0.0,0.0,1.0,,,0.0,0.0,1.0,0.0,,
31201,牡丹水庫,2026-04-30,2026-04-30T11:00:00,130.88,1346.0,0.0,0.16,1.0,,,0.0,0.0,1.0,0.0,,
31201,牡丹水庫,2026-04-30,2026-04-30T12:00:00,130.88,1346.0,0.0,0.3,1.0,,,0.0,0.0,1.0,0.0,,
31201,牡丹水庫,2026-04-30,2026-04-30T13:00:00,130.88,1346.0,0.0,0.5,1.0,,,0.0,0.0,1.0,0.0,,
31201,牡丹水庫,2026-04-30,2026-04-30T14:00:00,130.87,1345.0,0.0,0.16,1.0,,,0.0,0.0,1.0,0.0,,
31201,牡丹水庫,2026-04-30,2026-04-30T15:00:00,130.86,1344.0,0.0,0.61,1.0,,,0.0,0.0,1.0,0.0,,
31201,牡丹水庫,2026-04-30,2026-04-30T16:00:00,130.86,1344.0,0.0,0.61,1.0,,,0.0,0.0,1.0,0.0,,
31201,牡丹水庫,2026-04-30,2026-04-30T17:00:00,130.86,1344.0,0.0,0.16,1.0,,,0.0,0.0,1.0,0.0,,
31201,牡丹水庫,2026-04-30,2026-04-30T18:00:00,130.85,1343.0,0.0,0.0,1.0,,,0.0,0.0,1.0,0.0,,
31201,牡丹水庫,2026-04-30,2026-04-30T19:00:00,130.84,1342.0,0.0,0.8,1.0,,,0.0,0.0,1.0,0.0,,
31201,牡丹水庫,2026-04-30,2026-04-30T20:00:00,130.84,1342.0,0.0,0.5,1.0,,,0.0,0.0,1.0,0.0,,
31201,牡丹水庫,2026-04-30,2026-04-30T21:00:00,130.84,1342.0,0.0,1.0,1.0,,,0.0,0.0,1.0,0.0,,
31201,牡丹水庫,2026-04-30,2026-04-30T22:00:00,130.83,1341.0,0.0,0.0,1.0,,,0.0,0.0,1.0,0.0,,
31201,牡丹水庫,2026-04-30,2026-04-30T23:00:00,130.83,1341.0,0.0,0.0,1.0,,,0.0,0.0,1.0,0.0,,
40701,,2026-04-30,2026-04-30T09:00:00,18.3,5.21,,0.02,0.02,,,,,,,0.02,
50201,太湖水庫,2026-04-30,2026-04-30T07:00:00,18.11,138.85,,,,,,,,,,,
50202,田埔水庫,2026-04-30,2026-04-30T07:00:00,5.63,37.01,,,,,,,,,,,
50203,陽明湖水庫,2026-04-30,2026-04-30T07:00:00,29.1,11.0,,,,,,,,,,,
50204,山西水庫,2026-04-30,2026-04-30T07:00:00,18.17,19.02,,,,,,,,,,,
50205,榮湖水庫,2026-04-30,2026-04-30T07:00:00,3.65,35.96,,,,,,,,,,,
50206,擎天水庫,2026-04-30,2026-04-30T07:00:00,30.59,23.65,,,,,,,,,,,
50207,金沙水庫,2026-04-30,2026-04-30T07:00:00,3.61,42.14,,,,,,,,,,,
50208,蓮湖水庫,2026-04-30,2026-04-30T07:00:00,8.22,5.07,,,,,,,,,,,
50209,菱湖水庫,2026-04-30,2026-04-30T07:00:00,11.97,6.93,,,,,,,,,,,
50210,西湖水庫,2026-04-30,2026-04-30T07:00:00,2.64,34.01,,,,,,,,,,,
50212,金湖水庫,2026-04-30,2026-04-30T07:00:00,2.69,38.11,,,,,,,,,,,
50213,瓊林水庫,2026-04-30,2026-04-30T07:00:00,11.5,0.0,,,,,,,,,,,
50214,蘭湖,2026-04-30,2026-04-30T07:00:00,17.51,17.16,,,,,,,,,,,
50301,勝利水庫,2026-04-30,2026-04-30T08:00:00,9.92,5.58,,,0.0,,,,,,,,
50302,秋桂山水庫,2026-04-30,2026-04-30T08:00:00,10.86,2.31,,,0.0,,,,,,,,
50303,珠螺水壩,2026-04-30,2026-04-30T08:00:00,3.68,0.1,,,0.0,,,,,,,,
50304,儲水沃上壩,2026-04-30,2026-04-30T08:00:00,7.16,1.37,,,0.0,,,,,,,,
50305,儲水沃水庫,2026-04-30,2026-04-30T08:00:00,18.17,3.17,,,0.0,,,,,,,,
50306,津沙水庫,2026-04-30,2026-04-30T08:00:00,15.38,2.3,,,0.0,,,,,,,,
50307,津沙一號水庫,2026-04-30,2026-04-30T08:00:00,8.01,0.37,,,0.0,,,,,,,,
50308,坂里水庫,2026-04-30,2026-04-30T08:00:00,16.84,10.27,,,0.0,,,,,,,,
50309,東湧水庫,2026-04-30,2026-04-30T08:00:00,17.42,7.16,,,0.0,,,,,,,,
50310,后沃水庫,2026-04-30,2026-04-30T08:00:00,11.88,24.86,,,0.0,,,,,,,,
