reservoir_id,reservoir_name,date,ObservationTime,WaterLevel (m),EffectiveWaterStorageCapacity (10^4 m^3),AccumulateRainfallInCatchment (mm),InflowDischarge (10^4 m^3),TotalOutflow (10^4 m^3),WaterDraw (10^4 m^3),PredeterminedCrossFlow (10^4 m^3),DesiltingTunnelOutflow (10^4 m^3),DrainageTunnelOutflow (10^4 m^3),PowerOutletOutflow (10^4 m^3),SpillwayOutflow (10^4 m^3),OthersOutflow (10^4 m^3),StatusType
10201,石門水庫,2026-08-26,2026-08-26T22:00:00,244.94,20474.73,6.8,144.26,158.06,9.96,,0.0,0.0,58.06,,,
10201,石門水庫,2026-08-26,2026-08-26T23:00:00,244.92,20457.71,6.8,120.74,158.06,9.96,,0.0,0.0,58.06,,,
10205,翡翠水庫,2026-08-26,2026-08-26T22:00:00,160.05,28300.8,0.1,47.34,0.0,,,,0.0,0.0,0.0,0.0,
10205,翡翠水庫,2026-08-26,2026-08-26T23:00:00,160.05,28300.8,0.1,39.93,0.0,,,,0.0,0.0,0.0,0.0,
10401,寶山水庫,2026-08-26,2026-08-26T23:00:00,141.77,510.96,,,0.0,,,,,,,,
10405,寶山第二水庫,2026-08-26,2026-08-26T22:00:00,151.44,3392.34,21.1,,3.05,,3.05,,,,3.05,,3
10405,寶山第二水庫,2026-08-26,2026-08-26T23:00:00,151.44,3392.81,21.1,,3.16,,3.16,,,,3.16,,3
10501,永和山水庫,2026-08-26,2026-08-26T22:00:00,84.63,2934.04,0.0,0.0,0.0,,,,,,,0.0,
10501,永和山水庫,2026-08-26,2026-08-26T23:00:00,84.63,2934.04,0.0,0.0,0.0,,,,,,,0.0,
10601,明德水庫,2026-08-26,2026-08-26T22:00:00,60.12,1127.43,,2.93,0.97,,,,,,0.0,0.97,
10601,明德水庫,2026-08-26,2026-08-26T23:00:00,60.14,1130.36,,3.2,1.01,,,,,,0.0,1.01,
20101,鯉魚潭水庫,2026-08-26,2026-08-26T22:00:00,300.11,11597.15,11.9,37.23,27.96,9.24,,,,4.96,23.0,0.0,3
20101,鯉魚潭水庫,2026-08-26,2026-08-26T23:00:00,300.11,11597.15,11.9,37.2,27.91,9.26,,,,4.91,23.0,0.0,3
20201,德基水庫,2026-08-26,2026-08-26T22:00:00,1403.86,16459.34,,62.54,71.22,,,,,71.22,,0.0,
20201,德基水庫,2026-08-26,2026-08-26T23:00:00,1403.85,16455.38,,62.39,70.12,,,,,70.12,,0.0,
20202,石岡壩,2026-08-26,2026-08-26T22:00:00,272.63,37.36,26.6,273.95,262.64,,262.64,,,,262.64,,4
20202,石岡壩,2026-08-26,2026-08-26T23:00:00,272.63,37.36,28.6,272.33,263.04,,263.04,,,,263.04,,4
20501,霧社水庫,2026-08-26,2026-08-26T22:00:00,1002.3,1830.49,,,22.29,,,,,,,,
20501,霧社水庫,2026-08-26,2026-08-26T23:00:00,1002.37,1844.9,,,22.29,,,,,,,,
20502,日月潭水庫,2026-08-26,2026-08-26T22:00:00,746.97,11737.5,,,,,,,,,,,
20502,日月潭水庫,2026-08-26,2026-08-26T23:00:00,746.91,11690.11,,,,,,,,,,,
20503,集集攔河堰,2026-08-26,2026-08-26T22:00:00,211.75,257.11,31.0,501.05,359.19,,,,,,,,
20503,集集攔河堰,2026-08-26,2026-08-26T23:00:00,211.98,283.6,32.7,691.66,561.62,,,,,,,,
20509,湖山水庫,2026-08-26,2026-08-26T22:00:00,211.26,4991.46,0.0,0.37,0.09,3.93,,,,,0.0,,-1
20509,湖山水庫,2026-08-26,2026-08-26T23:00:00,211.26,4991.46,0.0,0.5,0.09,3.9,,,,,0.0,,-1
30502,曾文水庫,2026-08-26,2026-08-26T22:00:00,228.98,46763.0,3.7,144.44,45.62,,45.62,0.0,,45.62,0.0,0.0,4
30502,曾文水庫,2026-08-26,2026-08-26T23:00:00,229.0,46799.0,3.7,144.44,45.58,,45.58,0.0,,45.58,0.0,0.0,4
30802,阿公店水庫,2026-08-26,2026-08-26T22:00:00,32.84,445.0,17.3,0.03,61.77,0.0,,9.43,0.0,,52.34,,
30802,阿公店水庫,2026-08-26,2026-08-26T23:00:00,32.75,428.0,17.3,4.81,53.1,0.0,,9.36,0.0,,43.74,,
30901,高屏溪攔河堰,2026-08-26,2026-08-26T22:00:00,16.77,,6.6,1642.4,1639.6,2.8,,,,,,1639.6,
30901,高屏溪攔河堰,2026-08-26,2026-08-26T23:00:00,16.77,,6.7,1642.4,1639.59,2.81,,,,,,1639.59,
31002,甲仙攔河堰,2026-08-26,2026-08-26T22:00:00,244.38,,4.7,150.79,150.79,0.0,,,,,,150.79,
31002,甲仙攔河堰,2026-08-26,2026-08-26T23:00:00,244.4,,4.7,152.54,152.54,0.0,,,,,,152.54,
31201,牡丹水庫,2026-08-26,2026-08-26T22:00:00,139.21,2231.0,3.6,29.8,19.7,,,0.0,18.6,1.1,0.0,,
31201,牡丹水庫,2026-08-26,2026-08-26T23:00:00,139.23,2234.0,3.6,26.13,19.7,,,0.0,18.6,1.1,0.0,,
10201,石門水庫,2026-08-27,2026-08-27T04:00:00,244.84,20389.36,0.0,120.74,158.06,9.96,,0.0,0.0,58.06,,,
10201,石門水庫,2026-08-27,2026-08-27T05:00:00,244.82,20372.26,0.0,120.5,158.06,9.96,,0.0,0.0,58.06,,,
10201,石門水庫,2026-08-27,2026-08-27T06:00:00,244.84,20389.36,0.0,115.54,58.06,9.96,,0.0,0.0,58.06,,,
10201,石門水庫,2026-08-27,2026-08-27T07:00:00,244.86,20406.38,0.0,115.3,58.06,9.96,,0.0,0.0,58.06,,,
10201,石門水庫,2026-08-27,2026-08-27T08:00:00,244.89,20432.04,0.0,139.3,58.06,9.96,,0.0,0.0,58.06,,,
10201,石門水庫,2026-08-27,2026-08-27T09:00:00,244.91,20449.15,0.0,115.54,58.06,9.96,,0.0,0.0,58.06,,,
10201,石門水庫,2026-08-27,2026-08-27T10:00:00,244.94,20474.73,0.0,139.06,58.06,9.96,,0.0,0.0,58.06,,,
10201,石門水庫,2026-08-27,2026-08-27T11:00:00,244.97,20500.39,0.0,139.3,58.06,9.96,,0.0,0.0,58.06,,,
10201,石門水庫,2026-08-27,2026-08-27T12:00:00,244.99,20517.49,0.0,115.54,58.06,9.96,,0.0,0.0,58.06,,,
10201,石門水庫,2026-08-27,2026-08-27T13:00:00,245.02,20543.41,0.0,140.02,58.06,9.96,,0.0,0.0,58.06,,,
10201,石門水庫,2026-08-27,2026-08-27T14:00:00,245.04,20560.78,0.0,116.26,58.06,9.96,,0.0,0.0,58.06,,,
10201,石門水庫,2026-08-27,2026-08-27T15:00:00,245.06,20578.15,0.0,116.26,58.06,9.96,,0.0,0.0,58.06,,,
10201,石門水庫,2026-08-27,2026-08-27T16:00:00,245.08,20595.51,0.0,116.26,58.06,9.96,,0.0,0.0,58.06,,,
10201,石門水庫,2026-08-27,2026-08-27T17:00:00,245.05,20569.42,0.0,95.54,158.06,9.96,,0.0,0.0,58.06,,,
10201,石門水庫,2026-08-27,2026-08-27T18:00:00,245.02,20543.41,0.0,95.78,158.06,9.96,,0.0,0.0,58.06,,,
10201,石門水庫,2026-08-27,2026-08-27T19:00:00,244.99,20517.49,0.0,96.02,158.06,9.96,,0.0,0.0,58.06,,,
10201,石門水庫,2026-08-27,2026-08-27T20:00:00,244.97,20500.39,0.0,120.5,158.06,9.96,,0.0,0.0,58.06,,,
10203,西勢水庫,2026-08-27,2026-08-27T07:00:00,72.03,37.33,,,0.0,,,,,,,,
10204,新山水庫,2026-08-27,2026-08-27T07:00:00,83.76,884.12,,,0.0,,,,,,,,
10205,翡翠水庫,2026-08-27,2026-08-27T00:00:00,160.05,28300.8,0.0,35.21,0.0,,,,0.0,0.0,0.0,0.0,
10205,翡翠水庫,2026-08-27,2026-08-27T01:00:00,160.05,28300.8,0.0,26.83,0.0,,,,0.0,0.0,0.0,0.0,
10205,翡翠水庫,2026-08-27,2026-08-27T02:00:00,160.05,28300.8,0.0,16.77,0.0,,,,0.0,0.0,0.0,0.0,
10205,翡翠水庫,2026-08-27,2026-08-27T03:00:00,160.05,28300.8,0.0,8.38,0.0,,,,0.0,0.0,0.0,0.0,
10205,翡翠水庫,2026-08-27,2026-08-27T04:00:00,160.05,28300.8,0.0,1.68,0.0,,,,0.0,0.0,0.0,0.0,
10205,翡翠水庫,2026-08-27,2026-08-27T05:00:00,160.05,28300.8,0.0,0.0,0.0,,,,0.0,0.0,0.0,0.0,
10205,翡翠水庫,2026-08-27,2026-08-27T06:00:00,160.05,28300.8,0.0,0.0,0.0,,,,0.0,0.0,0.0,0.0,
10205,翡翠水庫,2026-08-27,2026-08-27T07:00:00,160.05,28300.8,0.0,0.0,0.0,,,,0.0,0.0,0.0,0.0,
10205,翡翠水庫,2026-08-27,2026-08-27T08:00:00,160.05,28300.8,0.0,0.0,0.0,,,,0.0,0.0,0.0,0.0,
10205,翡翠水庫,2026-08-27,2026-08-27T09:00:00,160.05,28300.8,0.0,0.0,0.0,,,,0.0,0.0,0.0,0.0,
10205,翡翠水庫,2026-08-27,2026-08-27T10:00:00,160.18,28408.03,0.0,45.85,0.0,,,,0.0,0.0,0.0,0.0,
10205,翡翠水庫,2026-08-27,2026-08-27T11:00:00,160.19,28416.3,0.0,28.65,0.0,,,,0.0,0.0,0.0,0.0,
10205,翡翠水庫,2026-08-27,2026-08-27T12:00:00,160.2,28424.55,0.0,28.65,0.0,,,,0.0,0.0,0.0,0.0,
10205,翡翠水庫,2026-08-27,2026-08-27T13:00:00,160.22,28441.07,0.0,45.9,0.0,,,,0.0,0.0,0.0,0.0,
10205,翡翠水庫,2026-08-27,2026-08-27T14:00:00,160.23,28449.33,0.0,28.67,0.0,,,,0.0,0.0,0.0,0.0,
10205,翡翠水庫,2026-08-27,2026-08-27T15:00:00,160.24,28457.6,0.0,29.12,21.6,,,,0.0,21.6,0.0,0.0,
10205,翡翠水庫,2026-08-27,2026-08-27T16:00:00,160.24,28457.6,0.0,56.21,82.16,,,,0.0,82.16,0.0,0.0,
10205,翡翠水庫,2026-08-27,2026-08-27T17:00:00,160.22,28441.07,0.0,36.24,82.16,,,,0.0,82.16,0.0,0.0,
10205,翡翠水庫,2026-08-27,2026-08-27T18:00:00,160.19,28416.3,0.0,31.02,82.16,,,,0.0,82.16,0.0,0.0,
10205,翡翠水庫,2026-08-27,2026-08-27T19:00:00,160.17,28399.78,0.0,30.8,0.0,,,,0.0,0.0,0.0,0.0,
10205,翡翠水庫,2026-08-27,2026-08-27T20:00:00,160.16,28391.52,0.0,47.49,0.0,,,,0.0,0.0,0.0,0.0,
10205,翡翠水庫,2026-08-27,2026-08-27T21:00:00,160.14,28375.01,0.0,30.37,0.0,,,,0.0,0.0,0.0,0.0,
10211,青潭堰,2026-08-27,2026-08-27T07:00:00,22.25,63.1,,,0.0,,,,,,,,
10212,直潭壩,2026-08-27,2026-08-27T07:00:00,44.13,135.37,0.5,,0.0,,,,,,,,
10401,寶山水庫,2026-08-27,2026-08-27T07:00:00,141.78,511.56,,,0.0,,,,,,,,
10405,寶山第二水庫,2026-08-27,2026-08-27T00:00:00,151.44,3393.04,21.1,,3.21,,3.21,,,,3.21,,3
10405,寶山第二水庫,2026-08-27,2026-08-27T05:00:00,151.44,3393.51,,,3.32,,3.32,,,,3.32,,3
10405,寶山第二水庫,2026-08-27,2026-08-27T06:00:00,151.44,3393.51,,,3.32,,3.32,,,,3.32,,3
10405,寶山第二水庫,2026-08-27,2026-08-27T07:00:00,151.44,3393.74,,,3.37,,3.37,,,,3.37,,3
10405,寶山第二水庫,2026-08-27,2026-08-27T08:00:00,151.44,3393.51,,,3.32,,3.32,,,,3.32,,3
10405,寶山第二水庫,2026-08-27,2026-08-27T09:00:00,151.44,3393.28,,,3.27,,3.27,,,,3.27,,3
10405,寶山第二水庫,2026-08-27,2026-08-27T10:00:00,151.44,3393.04,,,3.21,,3.21,,,,3.21,,3
10405,寶山第二水庫,2026-08-27,2026-08-27T11:00:00,151.44,3392.81,,,3.16,,3.16,,,,3.16,,3
10405,寶山第二水庫,2026-08-27,2026-08-27T12:00:00,151.44,3393.51,,,3.32,,3.32,,,,3.32,,3
10405,寶山第二水庫,2026-08-27,2026-08-27T13:00:00,151.44,3392.34,,,3.05,,3.05,,,,3.05,,3
10405,寶山第二水庫,2026-08-27,2026-08-27T14:00:00,151.43,3390.48,0.1,,2.64,,2.64,,,,2.64,,3
10405,寶山第二水庫,2026-08-27,2026-08-27T15:00:00,151.42,3388.15,0.1,,2.16,,2.16,,,,2.16,,3
10405,寶山第二水庫,2026-08-27,2026-08-27T16:00:00,151.41,3386.51,0.1,,1.84,,1.84,,,,1.84,,3
10405,寶山第二水庫,2026-08-27,2026-08-27T17:00:00,151.41,3384.88,0.1,,1.53,,1.53,,,,1.53,,3
10405,寶山第二水庫,2026-08-27,2026-08-27T18:00:00,151.41,3385.11,0.1,,1.58,,1.58,,,,1.58,,3
10405,寶山第二水庫,2026-08-27,2026-08-27T19:00:00,151.41,3385.81,0.1,,1.71,,1.71,,,,1.71,,3
10405,寶山第二水庫,2026-08-27,2026-08-27T20:00:00,151.41,3386.51,0.1,,1.84,,1.84,,,,1.84,,3
10501,永和山水庫,2026-08-27,2026-08-27T00:00:00,84.62,2932.29,0.0,0.0,0.0,,,,,,,0.0,
10501,永和山水庫,2026-08-27,2026-08-27T01:00:00,84.62,2932.29,0.0,0.0,0.0,,,,,,,0.0,
10501,永和山水庫,2026-08-27,2026-08-27T02:00:00,84.61,2930.55,0.0,0.0,0.0,,,,,,,0.0,
10501,永和山水庫,2026-08-27,2026-08-27T03:00:00,84.61,2930.55,0.0,0.0,0.0,,,,,,,0.0,
10501,永和山水庫,2026-08-27,2026-08-27T04:00:00,84.6,2928.81,0.0,0.0,0.0,,,,,,,0.0,
10501,永和山水庫,2026-08-27,2026-08-27T05:00:00,84.6,2928.81,0.0,0.0,0.0,,,,,,,0.0,
10501,永和山水庫,2026-08-27,2026-08-27T06:00:00,84.6,2928.81,0.0,0.0,0.0,,,,,,,0.0,
10501,永和山水庫,2026-08-27,2026-08-27T07:00:00,84.6,2928.81,0.0,0.0,0.0,,,,,,,0.0,
10501,永和山水庫,2026-08-27,2026-08-27T08:00:00,84.59,2927.07,0.0,0.0,0.0,,,,,,,0.0,
10501,永和山水庫,2026-08-27,2026-08-27T09:00:00,84.59,2927.07,0.0,0.0,0.0,,,,,,,0.0,
10501,永和山水庫,2026-08-27,2026-08-27T10:00:00,84.59,2927.07,0.0,0.0,0.0,,,,,,,0.0,
10501,永和山水庫,2026-08-27,2026-08-27T11:00:00,84.58,2925.33,0.0,0.0,0.0,,,,,,,0.0,
10501,永和山水庫,2026-08-27,2026-08-27T12:00:00,84.58,2925.33,0.0,0.0,0.0,,,,,,,0.0,
10501,永和山水庫,2026-08-27,2026-08-27T13:00:00,84.58,2925.33,0.0,0.0,0.0,,,,,,,0.0,
10501,永和山水庫,2026-08-27,2026-08-27T14:00:00,84.58,2925.33,0.0,0.56,1.94,,,,,,,1.94,
10501,永和山水庫,2026-08-27,2026-08-27T15:00:00,84.57,2923.59,0.0,0.0,0.0,,,,,,,0.0,
10501,永和山水庫,2026-08-27,2026-08-27T16:00:00,84.57,2923.59,0.0,0.49,2.0,,,,,,,2.0,
10501,永和山水庫,2026-08-27,2026-08-27T17:00:00,84.57,2923.59,0.0,0.55,1.97,,,,,,,1.97,
10501,永和山水庫,2026-08-27,2026-08-27T18:00:00,84.57,2923.59,0.0,0.64,1.98,,,,,,,1.98,
10501,永和山水庫,2026-08-27,2026-08-27T19:00:00,84.57,2923.59,0.0,0.0,0.0,,,,,,,0.0,
10501,永和山水庫,2026-08-27,2026-08-27T20:00:00,84.57,2923.59,0.0,0.74,1.95,,,,,,,1.95,
10503,大埔水庫,2026-08-27,2026-08-27T07:00:00,68.94,434.82,,4.77,4.77,,4.77,,,,4.77,,4
10503,大埔水庫,2026-08-27,2026-08-27T16:00:00,68.95,435.89,,4.71,3.97,,3.97,,,,3.97,,4
10503,大埔水庫,2026-08-27,2026-08-27T19:00:00,68.95,435.89,,4.71,3.97,,3.97,,,,3.97,,4
10601,明德水庫,2026-08-27,2026-08-27T00:00:00,60.15,1131.83,,3.27,1.05,,,,,,0.0,1.05,
10601,明德水庫,2026-08-27,2026-08-27T01:00:00,60.14,1130.36,,0.0,1.06,,,,,,0.0,1.06,
10601,明德水庫,2026-08-27,2026-08-27T02:00:00,60.17,1134.76,,5.07,1.15,,,,,,0.0,1.15,
10601,明德水庫,2026-08-27,2026-08-27T03:00:00,60.19,1137.7,,6.41,1.05,,,,,,0.0,1.05,
10601,明德水庫,2026-08-27,2026-08-27T04:00:00,60.17,1134.76,,3.03,1.15,,,,,,0.0,1.15,
10601,明德水庫,2026-08-27,2026-08-27T05:00:00,60.15,1131.83,,0.97,1.02,,,,,,0.0,1.02,
10601,明德水庫,2026-08-27,2026-08-27T06:00:00,60.2,1139.17,,4.36,1.02,,,,,,0.0,1.02,
10601,明德水庫,2026-08-27,2026-08-27T07:00:00,60.21,1140.64,,4.45,0.98,,,,,,0.0,0.98,
10601,明德水庫,2026-08-27,2026-08-27T08:00:00,60.2,1139.17,,3.49,0.98,,,,,,0.0,0.98,
10601,明德水庫,2026-08-27,2026-08-27T09:00:00,60.21,1140.64,,3.66,1.04,,,,,,0.0,1.04,
10601,明德水庫,2026-08-27,2026-08-27T10:00:00,60.2,1139.17,,3.07,1.94,,,,,,0.0,1.94,
10601,明德水庫,2026-08-27,2026-08-27T11:00:00,60.24,1145.05,,4.46,2.18,,,,,,0.0,2.18,
10601,明德水庫,2026-08-27,2026-08-27T12:00:00,60.24,1145.05,,4.24,1.93,,,,,,0.0,1.93,
10601,明德水庫,2026-08-27,2026-08-27T13:00:00,60.19,1137.7,,2.49,1.98,,,,,,0.0,1.98,
10601,明德水庫,2026-08-27,2026-08-27T14:00:00,60.21,1140.64,,3.03,2.03,,,,,,0.0,2.03,
10601,明德水庫,2026-08-27,2026-08-27T15:00:00,60.24,1145.05,,3.78,2.06,,,,,,0.0,2.06,
10601,明德水庫,2026-08-27,2026-08-27T16:00:00,60.2,1139.17,,2.64,1.98,,,,,,0.0,1.98,
10601,明德水庫,2026-08-27,2026-08-27T17:00:00,60.26,1148.0,,4.04,1.98,,,,,,0.0,1.98,
10601,明德水庫,2026-08-27,2026-08-27T18:00:00,60.25,1146.53,,3.69,2.03,,,,,,0.0,2.03,
10601,明德水庫,2026-08-27,2026-08-27T19:00:00,60.21,1140.64,,2.73,1.98,,,,,,0.0,1.98,
10601,明德水庫,2026-08-27,2026-08-27T20:00:00,60.23,1143.58,,3.1,1.98,,,,,,0.0,1.98,
10802,羅東攔河堰,2026-08-27,2026-08-27T14:00:00,4.86,,0.0,,0.0,,,,,,,,
10802,羅東攔河堰,2026-08-27,2026-08-27T15:00:00,4.85,,0.0,,0.0,,,,,,,,
10802,羅東攔河堰,2026-08-27,2026-08-27T16:00:00,4.83,,0.0,,0.0,,,,,,,,
10802,羅東攔河堰,2026-08-27,2026-08-27T17:00:00,4.83,,0.0,,0.0,,,,,,,,
20101,鯉魚潭水庫,2026-08-27,2026-08-27T00:00:00,300.11,11597.15,0.0,37.18,27.95,9.2,,,,4.95,23.0,0.0,3
20101,鯉魚潭水庫,2026-08-27,2026-08-27T01:00:00,300.11,11597.15,0.0,37.15,27.98,9.3,,,,4.98,23.0,0.0,3
20101,鯉魚潭水庫,2026-08-27,2026-08-27T02:00:00,300.11,11597.15,0.0,37.27,27.99,9.31,,,,4.99,23.0,0.0,3
20101,鯉魚潭水庫,2026-08-27,2026-08-27T03:00:00,300.11,11597.15,0.0,37.29,27.91,9.24,,,,4.91,23.0,0.0,3
20101,鯉魚潭水庫,2026-08-27,2026-08-27T04:00:00,300.11,11597.15,0.0,37.15,27.92,9.23,,,,4.92,23.0,0.0,3
20101,鯉魚潭水庫,2026-08-27,2026-08-27T05:00:00,300.11,11597.15,0.0,37.17,28.03,9.29,,,,5.03,23.0,0.0,3
20101,鯉魚潭水庫,2026-08-27,2026-08-27T06:00:00,300.11,11597.15,0.1,37.3,27.96,9.18,,,,4.96,23.0,0.0,3
20101,鯉魚潭水庫,2026-08-27,2026-08-27T07:00:00,300.11,11597.15,1.2,37.13,28.01,9.18,,,,5.01,23.0,0.0,3
20101,鯉魚潭水庫,2026-08-27,2026-08-27T08:00:00,300.11,11597.15,4.5,37.18,27.96,9.13,,,,4.96,23.0,0.0,3
20101,鯉魚潭水庫,2026-08-27,2026-08-27T09:00:00,300.11,11597.15,5.1,37.08,27.99,9.19,,,,4.99,23.0,0.0,3
20101,鯉魚潭水庫,2026-08-27,2026-08-27T10:00:00,300.11,11597.15,5.6,37.19,27.98,9.17,,,,4.98,23.0,0.0,3
20101,鯉魚潭水庫,2026-08-27,2026-08-27T11:00:00,300.11,11597.15,6.0,37.13,27.94,9.19,,,,4.94,23.0,0.0,3
20101,鯉魚潭水庫,2026-08-27,2026-08-27T12:00:00,300.11,11597.15,6.0,37.14,27.92,9.12,,,,4.92,23.0,0.0,3
20101,鯉魚潭水庫,2026-08-27,2026-08-27T13:00:00,300.11,11597.15,6.2,37.02,27.98,9.17,,,,4.98,23.0,0.0,3
20101,鯉魚潭水庫,2026-08-27,2026-08-27T14:00:00,300.11,11597.15,6.2,37.13,27.91,9.09,,,,4.91,23.0,0.0,3
20101,鯉魚潭水庫,2026-08-27,2026-08-27T15:00:00,300.11,11597.15,9.8,36.99,27.91,9.12,,,,4.91,23.0,0.0,3
20101,鯉魚潭水庫,2026-08-27,2026-08-27T16:00:00,300.11,11597.15,11.1,37.03,27.99,9.26,,,,4.99,23.0,0.0,3
20101,鯉魚潭水庫,2026-08-27,2026-08-27T17:00:00,300.11,11597.15,11.1,37.23,27.9,9.15,,,,4.9,23.0,0.0,3
20101,鯉魚潭水庫,2026-08-27,2026-08-27T18:00:00,300.11,11597.15,11.1,37.04,27.95,9.17,,,,4.95,23.0,0.0,3
20101,鯉魚潭水庫,2026-08-27,2026-08-27T19:00:00,300.11,11597.15,11.1,37.11,28.03,9.11,,,,5.03,23.0,0.0,3
20101,鯉魚潭水庫,2026-08-27,2026-08-27T20:00:00,300.1,11592.73,11.1,24.86,24.92,9.02,,,,4.92,20.0,0.0,3
20201,德基水庫,2026-08-27,2026-08-27T00:00:00,1403.84,16451.41,,62.24,69.89,,,,,69.89,,0.0,
20201,德基水庫,2026-08-27,2026-08-27T01:00:00,1403.82,16443.48,,69.13,91.16,,,,,91.16,,0.0,
20201,德基水庫,2026-08-27,2026-08-27T02:00:00,1403.79,16431.59,,63.62,91.15,,,,,91.15,,0.0,
20201,德基水庫,2026-08-27,2026-08-27T03:00:00,1403.76,16419.7,,62.06,91.94,,,,,91.94,,0.0,
20201,德基水庫,2026-08-27,2026-08-27T04:00:00,1403.75,16415.74,,60.72,67.7,,,,,67.7,,0.0,
20201,德基水庫,2026-08-27,2026-08-27T05:00:00,1403.75,16415.74,,59.56,54.92,,,,,54.92,,0.0,
20201,德基水庫,2026-08-27,2026-08-27T06:00:00,1403.75,16415.74,,59.14,57.07,,,,,57.07,,0.0,
20201,德基水庫,2026-08-27,2026-08-27T07:00:00,1403.75,16415.74,0.0,54.0,43.0,,,,,43.0,,,
20201,德基水庫,2026-08-27,2026-08-27T08:00:00,1403.75,16415.74,,54.38,34.55,,,,,33.61,,0.94,
20201,德基水庫,2026-08-27,2026-08-27T09:00:00,1403.76,16419.7,,55.63,54.6,,,,,53.5,,1.1,
20201,德基水庫,2026-08-27,2026-08-27T10:00:00,1403.76,16419.7,,55.62,55.59,,,,,54.96,,0.63,
20201,德基水庫,2026-08-27,2026-08-27T11:00:00,1403.76,16419.7,,55.07,49.55,,,,,48.61,,0.94,
20201,德基水庫,2026-08-27,2026-08-27T12:00:00,1403.78,16427.62,,54.62,27.71,,,,,26.77,,0.94,
20201,德基水庫,2026-08-27,2026-08-27T13:00:00,1403.82,16443.48,,54.33,6.77,,,,,5.83,,0.94,
20201,德基水庫,2026-08-27,2026-08-27T14:00:00,1403.87,16463.31,,54.45,0.94,,,,,0.0,,0.94,
20201,德基水庫,2026-08-27,2026-08-27T15:00:00,1403.92,16483.16,,54.56,0.94,,,,,0.0,,0.94,
20201,德基水庫,2026-08-27,2026-08-27T16:00:00,1403.96,16499.05,,54.29,6.02,,,,,5.24,,0.78,
20201,德基水庫,2026-08-27,2026-08-27T17:00:00,1403.98,16507.0,,54.05,28.22,,,,,27.28,,0.94,
20201,德基水庫,2026-08-27,2026-08-27T18:00:00,1404.01,16518.92,,54.42,27.57,,,,,27.57,,0.0,
20201,德基水庫,2026-08-27,2026-08-27T19:00:00,1404.03,16526.88,,54.17,27.63,,,,,27.63,,0.0,
20201,德基水庫,2026-08-27,2026-08-27T20:00:00,1404.05,16534.83,,53.95,27.59,,,,,27.59,,0.0,
20202,石岡壩,2026-08-27,2026-08-27T00:00:00,272.62,37.01,0.0,266.68,,,,,,,,,
20202,石岡壩,2026-08-27,2026-08-27T01:00:00,272.57,35.33,0.0,263.41,,,,,,,,,
20202,石岡壩,2026-08-27,2026-08-27T02:00:00,272.56,35.0,0.0,255.63,,,,,,,,,
20202,石岡壩,2026-08-27,2026-08-27T03:00:00,272.53,34.0,0.0,251.12,,,,,,,,,
20202,石岡壩,2026-08-27,2026-08-27T04:00:00,272.51,33.33,0.0,250.36,,,,,,,,,
20202,石岡壩,2026-08-27,2026-08-27T05:00:00,272.45,31.39,0.0,241.13,,,,,,,,,
20202,石岡壩,2026-08-27,2026-08-27T06:00:00,272.49,32.68,0.9,237.71,,,,,,,,,
20202,石岡壩,2026-08-27,2026-08-27T07:00:00,272.53,34.0,4.5,241.18,,,,,,,,,
20202,石岡壩,2026-08-27,2026-08-27T08:00:00,272.56,35.0,10.4,196.74,,,,,,,,,
20202,石岡壩,2026-08-27,2026-08-27T09:00:00,272.63,37.36,11.3,188.58,,,,,,,,,
20202,石岡壩,2026-08-27,2026-08-27T10:00:00,272.6,36.33,12.6,174.42,,,,,,,,,
20202,石岡壩,2026-08-27,2026-08-27T11:00:00,272.61,36.67,15.3,186.32,,,,,,,,,
20202,石岡壩,2026-08-27,2026-08-27T12:00:00,272.59,36.0,16.4,180.46,,,,,,,,,
20202,石岡壩,2026-08-27,2026-08-27T13:00:00,272.57,35.33,16.4,180.81,,,,,,,,,
20202,石岡壩,2026-08-27,2026-08-27T14:00:00,272.55,34.67,16.7,178.79,,,,,,,,,
20202,石岡壩,2026-08-27,2026-08-27T15:00:00,272.51,33.33,19.4,175.18,,,,,,,,,
20202,石岡壩,2026-08-27,2026-08-27T16:00:00,272.47,32.03,20.2,172.6,,,,,,,,,
20202,石岡壩,2026-08-27,2026-08-27T17:00:00,272.43,30.75,20.2,170.3,,,,,,,,,
20202,石岡壩,2026-08-27,2026-08-27T18:00:00,272.42,30.42,20.2,171.74,,,,,,,,,
20202,石岡壩,2026-08-27,2026-08-27T19:00:00,272.41,30.1,20.2,172.0,,,,,,,,,
20202,石岡壩,2026-08-27,2026-08-27T20:00:00,272.64,37.7,20.2,263.91,,,,,,,,,
20501,霧社水庫,2026-08-27,2026-08-27T00:00:00,1002.42,1855.21,,,22.29,,,,,,,,
20501,霧社水庫,2026-08-27,2026-08-27T01:00:00,1002.48,1867.6,,,22.29,,,,,,,,
20501,霧社水庫,2026-08-27,2026-08-27T02:00:00,1002.54,1880.01,,,22.29,,,,,,,,
20501,霧社水庫,2026-08-27,2026-08-27T03:00:00,1002.59,1890.36,,,22.29,,,,,,,,
20501,霧社水庫,2026-08-27,2026-08-27T04:00:00,1002.64,1900.73,,,22.29,,,,,,,,
20501,霧社水庫,2026-08-27,2026-08-27T05:00:00,1002.71,1915.26,,,0.0,,,,,,,,
20501,霧社水庫,2026-08-27,2026-08-27T06:00:00,1002.79,1931.91,,,0.0,,,,,,,,
20501,霧社水庫,2026-08-27,2026-08-27T07:00:00,1002.9,1954.86,,,0.0,,,,,,,,
20501,霧社水庫,2026-08-27,2026-08-27T08:00:00,1002.94,1963.22,,,0.0,,,,,,,,
20501,霧社水庫,2026-08-27,2026-08-27T09:00:00,1003.03,1982.06,,,0.0,,,,,,,,
20501,霧社水庫,2026-08-27,2026-08-27T10:00:00,1003.11,1998.87,,,23.22,,,,,,,,
20501,霧社水庫,2026-08-27,2026-08-27T11:00:00,1003.14,2005.2,,,45.49,,,,,,,,
20501,霧社水庫,2026-08-27,2026-08-27T12:00:00,1003.21,2020.06,,,45.49,,,,,,,,
20501,霧社水庫,2026-08-27,2026-08-27T13:00:00,1003.25,2028.59,,,45.47,,,,,,,,
20501,霧社水庫,2026-08-27,2026-08-27T14:00:00,1003.29,2037.14,,,54.5,,,,,43.5,11.0,,
20501,霧社水庫,2026-08-27,2026-08-27T15:00:00,1003.15,2007.32,,,45.51,,,,,,,,
20501,霧社水庫,2026-08-27,2026-08-27T16:00:00,1002.87,1948.59,,,45.47,,,,,,,,
20501,霧社水庫,2026-08-27,2026-08-27T17:00:00,1002.55,1882.08,,,45.49,,,,,,,,
20501,霧社水庫,2026-08-27,2026-08-27T18:00:00,1002.28,1826.38,,,45.51,,,,,,,,
20501,霧社水庫,2026-08-27,2026-08-27T19:00:00,1001.96,1760.9,,,45.47,,,,,,,,
20501,霧社水庫,2026-08-27,2026-08-27T20:00:00,1001.65,1698.44,,,45.49,,,,,,,,
20502,日月潭水庫,2026-08-27,2026-08-27T00:00:00,746.84,11634.92,,,,,,,,,,,
20502,日月潭水庫,2026-08-27,2026-08-27T01:00:00,746.84,11634.92,,,,,,,,,,,
20502,日月潭水庫,2026-08-27,2026-08-27T02:00:00,746.84,11634.92,,,,,,,,,,,
20502,日月潭水庫,2026-08-27,2026-08-27T03:00:00,746.95,11721.7,,,,,,,,,,,
20502,日月潭水庫,2026-08-27,2026-08-27T04:00:00,747.05,11800.78,,,,,,,,,,,
20502,日月潭水庫,2026-08-27,2026-08-27T05:00:00,747.15,11880.04,,,,,,,,,,,
20502,日月潭水庫,2026-08-27,2026-08-27T06:00:00,747.3,11999.27,,,,,,,,,,,
20502,日月潭水庫,2026-08-27,2026-08-27T07:00:00,747.45,12024.67,,,0.0,,,,,,,,
20502,日月潭水庫,2026-08-27,2026-08-27T08:00:00,747.5,12158.89,,,,,,,,,,,
20502,日月潭水庫,2026-08-27,2026-08-27T09:00:00,747.5,12158.89,,,,,,,,,,,
20502,日月潭水庫,2026-08-27,2026-08-27T10:00:00,747.5,12158.89,,,,,,,,,,,
20502,日月潭水庫,2026-08-27,2026-08-27T11:00:00,747.45,12118.92,,,,,,,,,,,
20502,日月潭水庫,2026-08-27,2026-08-27T12:00:00,747.45,12118.92,,,,,,,,,,,
20502,日月潭水庫,2026-08-27,2026-08-27T13:00:00,747.61,12246.96,,,,,,,,,,,
20502,日月潭水庫,2026-08-27,2026-08-27T14:00:00,747.76,12367.33,,,,,,,,,,,
20502,日月潭水庫,2026-08-27,2026-08-27T15:00:00,747.91,12488.01,,,,,,,,,,,
20502,日月潭水庫,2026-08-27,2026-08-27T16:00:00,747.96,12528.3,,,,,,,,,,,
20502,日月潭水庫,2026-08-27,2026-08-27T17:00:00,747.96,12528.3,,,,,,,,,,,
20502,日月潭水庫,2026-08-27,2026-08-27T18:00:00,747.96,12528.3,,,,,,,,,,,
20502,日月潭水庫,2026-08-27,2026-08-27T19:00:00,747.91,12488.01,,,,,,,,,,,
20502,日月潭水庫,2026-08-27,2026-08-27T20:00:00,747.85,12439.7,,,,,,,,,,,
20503,集集攔河堰,2026-08-27,2026-08-27T00:00:00,211.64,244.44,0.0,540.61,593.78,,,,,,,,
20503,集集攔河堰,2026-08-27,2026-08-27T01:00:00,211.52,230.62,0.0,471.93,455.04,,,,,,,,
20503,集集攔河堰,2026-08-27,2026-08-27T02:00:00,211.52,230.62,0.0,465.16,410.51,,,,,,,,
20503,集集攔河堰,2026-08-27,2026-08-27T03:00:00,211.46,223.71,0.0,436.6,401.08,,,,,,,,
20503,集集攔河堰,2026-08-27,2026-08-27T04:00:00,211.5,228.32,0.0,436.01,370.05,,,,,,,,
20503,集集攔河堰,2026-08-27,2026-08-27T05:00:00,211.47,224.87,0.0,413.42,368.76,,,,,,,,
20503,集集攔河堰,2026-08-27,2026-08-27T06:00:00,211.48,226.02,0.0,383.53,327.61,,,,,,,,
20503,集集攔河堰,2026-08-27,2026-08-27T07:00:00,211.52,230.62,0.1,380.94,314.19,,,,,,,,
20503,集集攔河堰,2026-08-27,2026-08-27T08:00:00,211.56,235.23,0.7,369.88,301.84,,,,,,,,
20503,集集攔河堰,2026-08-27,2026-08-27T09:00:00,211.52,230.62,2.5,359.98,316.27,,,,,,,,
20503,集集攔河堰,2026-08-27,2026-08-27T10:00:00,211.57,236.38,4.9,375.93,302.94,,,,,,,,
20503,集集攔河堰,2026-08-27,2026-08-27T11:00:00,211.59,238.68,8.8,380.8,318.49,,,,,,,,
20503,集集攔河堰,2026-08-27,2026-08-27T12:00:00,211.64,244.44,12.4,397.22,326.88,,,,,,,,
20503,集集攔河堰,2026-08-27,2026-08-27T13:00:00,211.58,237.53,15.8,377.05,340.39,,,,,,,,
20503,集集攔河堰,2026-08-27,2026-08-27T14:00:00,211.7,251.35,18.2,414.44,322.56,,,,,,,,
20503,集集攔河堰,2026-08-27,2026-08-27T15:00:00,211.63,243.29,22.4,426.93,393.43,,,,,,,,
20503,集集攔河堰,2026-08-27,2026-08-27T16:00:00,211.53,231.77,26.1,418.67,397.1,,,,,,,,
20503,集集攔河堰,2026-08-27,2026-08-27T17:00:00,211.52,230.62,28.4,448.32,396.72,,,,,,,,
20503,集集攔河堰,2026-08-27,2026-08-27T18:00:00,211.66,246.75,29.7,495.8,395.37,,,,,,,,
20503,集集攔河堰,2026-08-27,2026-08-27T19:00:00,211.65,245.59,30.0,487.26,434.25,,,,,,,,
20503,集集攔河堰,2026-08-27,2026-08-27T20:00:00,211.63,243.29,30.0,483.21,433.58,,,,,,,,
20508,明湖下池水庫,2026-08-27,2026-08-27T00:00:00,447.88,718.42,,,0.0,,,,,,,,
20509,湖山水庫,2026-08-27,2026-08-27T00:00:00,211.25,4989.4,0.0,0.41,0.09,3.91,,,,,0.0,,-1
20509,湖山水庫,2026-08-27,2026-08-27T01:00:00,211.24,4987.34,0.0,0.0,0.09,3.9,,,,,0.0,,-1
20509,湖山水庫,2026-08-27,2026-08-27T02:00:00,211.24,4987.34,0.0,1.13,0.09,3.9,,,,,0.0,,-1
20509,湖山水庫,2026-08-27,2026-08-27T03:00:00,211.23,4985.28,0.0,0.18,0.09,3.9,,,,,0.0,,-1
20509,湖山水庫,2026-08-27,2026-08-27T04:00:00,211.22,4983.22,0.0,0.0,0.09,3.9,,,,,0.0,,-1
20509,湖山水庫,2026-08-27,2026-08-27T05:00:00,211.22,4983.22,0.0,0.55,0.09,3.89,,,,,0.0,,-1
20509,湖山水庫,2026-08-27,2026-08-27T06:00:00,211.21,4981.16,0.0,0.18,0.09,3.9,,,,,0.0,,-1
20509,湖山水庫,2026-08-27,2026-08-27T07:00:00,211.21,4981.16,0.0,0.7,0.09,3.88,,,,,0.0,,-1
20509,湖山水庫,2026-08-27,2026-08-27T08:00:00,211.22,4983.22,0.0,1.8,0.09,3.86,,,,,0.0,,-1
20509,湖山水庫,2026-08-27,2026-08-27T09:00:00,211.23,4985.28,0.0,2.69,0.09,3.87,,,,,0.0,,-1
20509,湖山水庫,2026-08-27,2026-08-27T10:00:00,211.26,4991.46,2.0,4.61,0.09,3.95,,,,,0.0,,-1
20509,湖山水庫,2026-08-27,2026-08-27T11:00:00,211.26,4991.46,2.0,4.55,0.09,3.94,,,,,0.0,,-1
20509,湖山水庫,2026-08-27,2026-08-27T12:00:00,211.25,4989.4,2.5,4.0,0.09,3.91,,,,,0.0,,-1
20509,湖山水庫,2026-08-27,2026-08-27T13:00:00,211.24,4987.34,5.0,3.54,0.09,3.89,,,,,0.0,,-1
20509,湖山水庫,2026-08-27,2026-08-27T14:00:00,211.23,4985.28,5.0,3.14,0.09,3.87,,,,,0.0,,-1
20509,湖山水庫,2026-08-27,2026-08-27T15:00:00,211.22,4983.22,5.0,2.84,0.09,3.89,,,,,0.0,,-1
20509,湖山水庫,2026-08-27,2026-08-27T16:00:00,211.22,4983.22,5.0,2.92,0.09,3.9,,,,,0.0,,-1
20509,湖山水庫,2026-08-27,2026-08-27T17:00:00,211.21,4981.16,5.0,2.62,0.09,3.88,,,,,0.0,,-1
20509,湖山水庫,2026-08-27,2026-08-27T18:00:00,211.21,4981.16,5.0,2.7,0.09,3.88,,,,,0.0,,-1
20509,湖山水庫,2026-08-27,2026-08-27T19:00:00,211.2,4979.1,5.0,2.47,0.09,3.89,,,,,0.0,,-1
20509,湖山水庫,2026-08-27,2026-08-27T20:00:00,211.19,4977.04,5.0,2.26,0.09,3.89,,,,,0.0,,-1
30301,仁義潭水庫,2026-08-27,2026-08-27T07:00:00,104.53,2352.07,0.0,2.82,0.0,,,,,,,,
30302,蘭潭水庫,2026-08-27,2026-08-27T07:00:00,75.01,890.17,0.0,0.14,0.0,,,,,,,,
30306,內埔子水庫,2026-08-27,2026-08-27T07:00:00,59.97,67.66,,,,,,,,,,,
30401,白河水庫,2026-08-27,2026-08-27T08:00:00,108.06,1259.0,,,,,,,,,,,
30403,德元埤水庫,2026-08-27,2026-08-27T07:00:00,12.97,125.99,,,,,,,,,,,
30501,烏山頭水庫,2026-08-27,2026-08-27T07:00:00,58.48,8195.0,,,,,,,,,,,
30502,曾文水庫,2026-08-27,2026-08-27T00:00:00,229.02,46836.0,3.7,147.22,45.38,,,0.0,,45.36,0.0,0.02,
30502,曾文水庫,2026-08-27,2026-08-27T01:00:00,229.04,46872.0,0.0,144.44,45.52,,,0.0,,45.5,0.0,0.02,
30502,曾文水庫,2026-08-27,2026-08-27T02:00:00,229.06,46908.0,0.0,144.44,45.72,,,0.0,,45.7,0.0,0.02,
30502,曾文水庫,2026-08-27,2026-08-27T03:00:00,229.08,46944.0,0.0,144.44,45.52,,,0.0,,45.5,0.0,0.02,
30502,曾文水庫,2026-08-27,2026-08-27T04:00:00,229.09,46962.0,0.2,97.22,46.23,,,0.0,,46.21,0.0,0.02,
30502,曾文水庫,2026-08-27,2026-08-27T05:00:00,229.13,47035.0,4.5,247.22,45.49,,45.49,0.0,,45.49,0.0,0.0,4
30502,曾文水庫,2026-08-27,2026-08-27T06:00:00,229.19,47145.0,13.7,350.0,45.78,,45.78,0.0,,45.78,0.0,0.0,4
30502,曾文水庫,2026-08-27,2026-08-27T07:00:00,229.26,47273.0,26.2,400.0,45.27,,45.27,0.0,,45.27,0.0,0.0,4
30502,曾文水庫,2026-08-27,2026-08-27T08:00:00,229.35,47440.0,38.9,508.33,45.27,,45.27,0.0,,45.27,0.0,0.0,4
30502,曾文水庫,2026-08-27,2026-08-27T09:00:00,229.44,47607.0,55.8,508.33,45.23,,45.23,0.0,,45.23,0.0,0.0,4
30502,曾文水庫,2026-08-27,2026-08-27T10:00:00,229.53,47774.0,62.5,508.33,345.33,,345.33,0.0,,45.33,0.0,0.0,4
30502,曾文水庫,2026-08-27,2026-08-27T11:00:00,229.58,47867.0,65.9,605.56,346.16,,346.16,0.0,,45.49,0.0,0.0,4
30502,曾文水庫,2026-08-27,2026-08-27T12:00:00,229.6,47905.0,67.5,452.78,347.97,,347.97,0.0,,45.86,0.0,0.0,4
30502,曾文水庫,2026-08-27,2026-08-27T13:00:00,229.63,47961.0,69.5,502.78,348.02,,348.02,0.0,,45.79,0.0,0.0,4
30502,曾文水庫,2026-08-27,2026-08-27T14:00:00,229.66,48017.0,71.0,502.78,346.89,,346.89,0.0,,45.91,0.0,0.0,4
30502,曾文水庫,2026-08-27,2026-08-27T15:00:00,229.67,48035.0,71.2,394.44,343.92,,343.92,0.0,,45.63,0.0,0.0,4
30502,曾文水庫,2026-08-27,2026-08-27T16:00:00,229.68,48054.0,71.3,400.0,346.58,,346.58,0.0,,45.52,0.0,0.0,4
30502,曾文水庫,2026-08-27,2026-08-27T17:00:00,229.68,48054.0,71.4,347.22,346.69,,346.69,0.0,,45.63,0.0,0.0,4
30502,曾文水庫,2026-08-27,2026-08-27T18:00:00,229.68,48054.0,71.4,347.22,346.69,,346.69,0.0,,45.63,0.0,0.0,4
30502,曾文水庫,2026-08-27,2026-08-27T19:00:00,229.67,48035.0,71.4,294.44,346.79,,346.79,0.0,,45.77,0.0,0.0,4
30502,曾文水庫,2026-08-27,2026-08-27T20:00:00,229.67,48035.0,71.4,347.22,346.66,,346.66,0.0,,45.64,0.0,0.0,4
30503,南化水庫,2026-08-27,2026-08-27T07:00:00,179.88,8125.32,41.8,166.21,0.0,11.82,,,,,,,
30503,南化水庫,2026-08-27,2026-08-27T09:00:00,180.09,8224.59,55.0,183.71,9.8,21.89,9.8,,,,9.8,,4
30503,南化水庫,2026-08-27,2026-08-27T11:00:00,180.2,8277.99,57.7,200.6,26.6,38.78,26.6,,,,26.6,,4
30503,南化水庫,2026-08-27,2026-08-27T13:00:00,180.26,8307.11,66.1,101.54,36.4,129.04,36.4,,,,36.4,,4
30503,南化水庫,2026-08-27,2026-08-27T15:00:00,180.31,8331.39,69.9,133.21,40.6,52.3,40.6,,,,40.6,,4
30503,南化水庫,2026-08-27,2026-08-27T17:00:00,180.32,8336.24,70.4,136.98,44.8,56.07,44.8,,,,44.8,,4
30504,鏡面水庫,2026-08-27,2026-08-27T07:00:00,138.72,52.92,48.0,0.26,0.0,0.01,,,,,,,
30601,虎頭埤水庫,2026-08-27,2026-08-27T00:00:00,35.4,82.71,,,1.21,,1.21,,,,1.21,,4
30601,虎頭埤水庫,2026-08-27,2026-08-27T06:00:00,35.37,82.0,,,0.97,,0.97,,,,0.97,,4
30601,虎頭埤水庫,2026-08-27,2026-08-27T08:00:00,35.36,81.77,,,0.45,,0.45,,,,0.45,,4
30601,虎頭埤水庫,2026-08-27,2026-08-27T14:00:00,35.39,82.47,,,0.0,,,,,,,,
30602,鹽水埤水庫,2026-08-27,2026-08-27T08:00:00,28.11,29.66,,,,,,,,,,,
30801,澄清湖水庫,2026-08-27,2026-08-27T07:00:00,17.74,255.0,44.0,,0.0,,,,,,,,
30802,阿公店水庫,2026-08-27,2026-08-27T00:00:00,32.67,413.0,17.3,9.96,52.86,0.0,,9.29,0.0,,43.57,,
30802,阿公店水庫,2026-08-27,2026-08-27T01:00:00,32.57,393.0,0.0,0.01,52.74,0.0,,9.21,0.0,,43.53,,
30802,阿公店水庫,2026-08-27,2026-08-27T02:00:00,32.48,376.0,0.0,4.29,52.56,0.0,,9.14,0.0,,43.42,,
30802,阿公店水庫,2026-08-27,2026-08-27T03:00:00,32.4,360.0,1.2,9.4,52.33,0.0,,9.08,0.0,,43.25,,
30802,阿公店水庫,2026-08-27,2026-08-27T04:00:00,32.3,341.0,2.6,0.01,52.21,0.0,,9.0,0.0,,43.21,,
30802,阿公店水庫,2026-08-27,2026-08-27T05:00:00,32.23,328.0,13.6,14.61,52.14,0.0,,8.94,0.0,,43.2,,
30802,阿公店水庫,2026-08-27,2026-08-27T06:00:00,32.18,318.0,23.8,25.25,52.04,0.0,,8.9,0.0,,43.14,,
30802,阿公店水庫,2026-08-27,2026-08-27T07:00:00,32.15,312.0,24.7,35.85,51.91,0.0,51.91,8.88,0.0,,43.03,,4
30802,阿公店水庫,2026-08-27,2026-08-27T08:00:00,32.11,304.0,24.9,30.38,51.84,0.0,51.84,8.85,0.0,,42.99,,4
30802,阿公店水庫,2026-08-27,2026-08-27T09:00:00,32.06,295.0,25.0,8.15,34.96,0.0,,8.81,0.0,,26.15,,
30802,阿公店水庫,2026-08-27,2026-08-27T10:00:00,32.01,285.0,25.0,0.03,13.71,0.0,,2.56,0.0,,11.15,,
30802,阿公店水庫,2026-08-27,2026-08-27T11:00:00,32.02,287.0,25.4,6.45,1.05,0.0,,0.0,0.0,,1.05,,
30802,阿公店水庫,2026-08-27,2026-08-27T12:00:00,32.03,289.0,25.4,6.5,1.12,0.0,,0.0,0.0,,1.12,,
30802,阿公店水庫,2026-08-27,2026-08-27T13:00:00,32.04,291.0,25.4,6.42,1.05,0.0,,0.0,0.0,,1.05,,
30802,阿公店水庫,2026-08-27,2026-08-27T14:00:00,32.04,291.0,25.4,1.06,1.05,0.0,,0.0,0.0,,1.05,,
30802,阿公店水庫,2026-08-27,2026-08-27T15:00:00,32.05,293.0,25.4,6.49,1.12,0.0,,0.0,0.0,,1.12,,
30802,阿公店水庫,2026-08-27,2026-08-27T16:00:00,32.05,293.0,25.4,1.08,1.05,0.0,,0.0,0.0,,1.05,,
30802,阿公店水庫,2026-08-27,2026-08-27T17:00:00,32.06,295.0,25.4,6.51,1.12,0.0,,0.0,0.0,,1.12,,
30802,阿公店水庫,2026-08-27,2026-08-27T18:00:00,32.07,297.0,25.4,6.45,1.05,0.0,,0.0,0.0,,1.05,,
30802,阿公店水庫,2026-08-27,2026-08-27T19:00:00,32.07,297.0,25.4,1.08,1.05,0.0,,0.0,0.0,,1.05,,
30802,阿公店水庫,2026-08-27,2026-08-27T20:00:00,32.07,297.0,25.4,1.14,1.12,0.0,,0.0,0.0,,1.12,,
30803,鳳山水庫,2026-08-27,2026-08-27T08:00:00,46.29,442.98,,,0.0,,,,,,,,
30901,高屏溪攔河堰,2026-08-27,2026-08-27T00:00:00,16.7,,6.9,1584.4,1581.59,2.81,,,,,,1581.59,
30901,高屏溪攔河堰,2026-08-27,2026-08-27T01:00:00,16.6,,0.6,1504.7,1501.89,2.81,,,,,,1501.89,
30901,高屏溪攔河堰,2026-08-27,2026-08-27T02:00:00,16.55,,3.4,1465.7,1462.89,2.81,,,,,,1462.89,
30901,高屏溪攔河堰,2026-08-27,2026-08-27T03:00:00,16.5,,4.4,1427.0,1424.18,2.82,,,,,,1424.18,
30901,高屏溪攔河堰,2026-08-27,2026-08-27T04:00:00,16.49,,6.7,1420.0,1417.18,2.82,,,,,,1417.18,
30901,高屏溪攔河堰,2026-08-27,2026-08-27T05:00:00,16.47,,11.3,1404.0,1401.18,2.82,,,,,,1401.18,
30901,高屏溪攔河堰,2026-08-27,2026-08-27T06:00:00,16.5,,15.8,1427.0,1424.18,2.82,,,,,,1424.18,
30901,高屏溪攔河堰,2026-08-27,2026-08-27T07:00:00,16.6,,19.9,1505.0,1502.17,2.83,,,,,,1502.17,
30901,高屏溪攔河堰,2026-08-27,2026-08-27T08:00:00,16.62,,24.4,1875.0,1872.17,2.83,,,,,,1872.17,
30901,高屏溪攔河堰,2026-08-27,2026-08-27T09:00:00,16.89,,29.9,2127.7,2124.87,2.83,,,,,,2124.87,
30901,高屏溪攔河堰,2026-08-27,2026-08-27T10:00:00,16.9,,33.3,2137.5,2134.67,2.83,,,,,,2134.67,
30901,高屏溪攔河堰,2026-08-27,2026-08-27T11:00:00,16.87,,34.8,2108.3,2105.47,2.83,,,,,,2105.47,
30901,高屏溪攔河堰,2026-08-27,2026-08-27T12:00:00,16.86,,36.6,2098.7,2095.81,2.89,,,,,,2095.81,
30901,高屏溪攔河堰,2026-08-27,2026-08-27T13:00:00,16.85,,38.8,2089.1,2086.21,2.89,,,,,,2086.21,
30901,高屏溪攔河堰,2026-08-27,2026-08-27T14:00:00,16.88,,40.3,2118.1,2115.21,2.89,,,,,,2115.21,
30901,高屏溪攔河堰,2026-08-27,2026-08-27T15:00:00,16.92,,42.5,2157.1,2154.21,2.89,,,,,,2154.21,
30901,高屏溪攔河堰,2026-08-27,2026-08-27T16:00:00,16.97,,43.4,2206.4,2203.49,2.91,,,,,,2203.49,
30901,高屏溪攔河堰,2026-08-27,2026-08-27T17:00:00,16.9,,43.6,2137.5,2134.59,2.91,,,,,,2134.59,
30901,高屏溪攔河堰,2026-08-27,2026-08-27T18:00:00,16.82,,43.9,2060.4,2057.49,2.91,,,,,,2057.49,
30901,高屏溪攔河堰,2026-08-27,2026-08-27T19:00:00,16.84,,43.9,2079.5,2076.59,2.91,,,,,,2076.59,
30901,高屏溪攔河堰,2026-08-27,2026-08-27T20:00:00,16.72,,43.9,1966.3,1963.43,2.87,,,,,,1963.43,
31002,甲仙攔河堰,2026-08-27,2026-08-27T00:00:00,244.39,,4.5,151.19,151.19,0.0,,,,,,151.19,
31002,甲仙攔河堰,2026-08-27,2026-08-27T01:00:00,244.34,,0.0,145.88,145.88,0.0,,,,,,145.88,
31002,甲仙攔河堰,2026-08-27,2026-08-27T02:00:00,244.32,,0.0,143.51,143.51,0.0,,,,,,143.51,
31002,甲仙攔河堰,2026-08-27,2026-08-27T03:00:00,244.31,,0.0,141.99,141.99,0.0,,,,,,141.99,
31002,甲仙攔河堰,2026-08-27,2026-08-27T04:00:00,244.29,,0.2,139.82,139.82,0.0,,,,,,139.82,
31002,甲仙攔河堰,2026-08-27,2026-08-27T05:00:00,244.37,,4.2,147.94,147.94,0.0,,,,,,147.94,
31002,甲仙攔河堰,2026-08-27,2026-08-27T06:00:00,244.45,,10.0,158.03,158.03,0.0,,,,,,158.03,
31002,甲仙攔河堰,2026-08-27,2026-08-27T07:00:00,244.6,,17.7,177.51,177.51,0.0,,,,,,177.51,
31002,甲仙攔河堰,2026-08-27,2026-08-27T08:00:00,244.61,,24.1,178.98,178.98,0.0,,,,,,178.98,
31002,甲仙攔河堰,2026-08-27,2026-08-27T09:00:00,244.65,,32.1,183.39,183.39,0.0,,,,,,183.39,
31002,甲仙攔河堰,2026-08-27,2026-08-27T10:00:00,244.8,,39.4,203.35,203.35,0.0,,,,,,203.35,
31002,甲仙攔河堰,2026-08-27,2026-08-27T11:00:00,244.78,,41.0,200.31,200.31,0.0,,,,,,200.31,
31002,甲仙攔河堰,2026-08-27,2026-08-27T12:00:00,244.73,,42.9,194.02,194.02,0.0,,,,,,194.02,
31002,甲仙攔河堰,2026-08-27,2026-08-27T14:00:00,244.71,,48.2,191.74,191.74,0.0,,,,,,191.74,
31002,甲仙攔河堰,2026-08-27,2026-08-27T15:00:00,244.8,,51.9,202.8,202.8,0.0,,,,,,202.8,
31002,甲仙攔河堰,2026-08-27,2026-08-27T16:00:00,244.68,,52.2,187.99,187.99,0.0,,,,,,187.99,
31002,甲仙攔河堰,2026-08-27,2026-08-27T17:00:00,244.65,,52.2,183.47,183.47,0.0,,,,,,183.47,
31002,甲仙攔河堰,2026-08-27,2026-08-27T18:00:00,244.59,,52.3,175.47,175.47,0.0,,,,,,175.47,
31002,甲仙攔河堰,2026-08-27,2026-08-27T19:00:00,244.57,,52.4,173.2,173.2,0.0,,,,,,173.2,
31002,甲仙攔河堰,2026-08-27,2026-08-27T20:00:00,244.53,,52.4,168.18,168.18,0.0,,,,,,168.18,
31201,牡丹水庫,2026-08-27,2026-08-27T00:00:00,139.25,2236.0,3.6,26.13,19.7,,,0.0,18.6,1.1,0.0,,
31201,牡丹水庫,2026-08-27,2026-08-27T01:00:00,139.26,2237.0,0.0,27.5,19.7,,,0.0,18.6,1.1,0.0,,
31201,牡丹水庫,2026-08-27,2026-08-27T02:00:00,139.27,2239.0,0.3,25.55,19.7,,,0.0,18.6,1.1,0.0,,
31201,牡丹水庫,2026-08-27,2026-08-27T03:00:00,139.29,2241.0,0.3,24.38,19.7,,,0.0,18.6,1.1,0.0,,
31201,牡丹水庫,2026-08-27,2026-08-27T04:00:00,139.3,2242.0,0.3,23.83,19.7,,,0.0,18.6,1.1,0.0,,
31201,牡丹水庫,2026-08-27,2026-08-27T05:00:00,139.32,2245.0,3.2,25.0,19.7,,,0.0,18.6,1.1,0.0,,
31201,牡丹水庫,2026-08-27,2026-08-27T06:00:00,139.37,2251.0,13.8,25.58,19.7,,,0.0,18.6,1.1,0.0,,
31201,牡丹水庫,2026-08-27,2026-08-27T07:00:00,139.45,2262.0,32.2,30.91,19.7,,,0.0,18.6,1.1,0.0,,
31201,牡丹水庫,2026-08-27,2026-08-27T08:00:00,139.54,2273.0,34.6,40.97,29.8,,,0.0,28.5,1.3,0.0,,
31201,牡丹水庫,2026-08-27,2026-08-27T09:00:00,139.57,2277.0,36.3,50.58,29.8,,,0.0,28.5,1.3,0.0,,
31201,牡丹水庫,2026-08-27,2026-08-27T10:00:00,139.57,2277.0,36.3,50.58,29.8,,,0.0,28.5,1.3,0.0,,
31201,牡丹水庫,2026-08-27,2026-08-27T11:00:00,139.57,2277.0,36.3,36.36,29.8,,,0.0,28.5,1.3,0.0,,
31201,牡丹水庫,2026-08-27,2026-08-27T12:00:00,139.57,2277.0,36.9,29.8,29.8,,,0.0,28.5,1.3,0.0,,
31201,牡丹水庫,2026-08-27,2026-08-27T13:00:00,139.56,2276.0,37.3,29.75,29.8,,,0.0,28.5,1.3,0.0,,
31201,牡丹水庫,2026-08-27,2026-08-27T14:00:00,139.55,2274.0,37.3,28.2,29.8,,,0.0,28.5,1.3,0.0,,
31201,牡丹水庫,2026-08-27,2026-08-27T15:00:00,139.53,2272.0,37.3,26.22,29.8,,,0.0,28.5,1.3,0.0,,
31201,牡丹水庫,2026-08-27,2026-08-27T16:00:00,139.52,2271.0,37.1,25.2,29.8,,,0.0,28.5,1.3,0.0,,
31201,牡丹水庫,2026-08-27,2026-08-27T17:00:00,139.5,2268.0,37.1,23.86,29.9,,,0.0,28.5,1.4,0.0,,
31201,牡丹水庫,2026-08-27,2026-08-27T18:00:00,139.47,2264.0,37.1,23.88,29.9,,,0.0,28.5,1.4,0.0,,
31201,牡丹水庫,2026-08-27,2026-08-27T19:00:00,139.45,2262.0,37.1,22.16,29.9,,,0.0,28.5,1.4,0.0,,
31201,牡丹水庫,2026-08-27,2026-08-27T20:00:00,139.43,2259.0,37.1,22.19,29.9,,,0.0,28.5,1.4,0.0,,
40701,,2026-08-27,2026-08-27T09:00:00,18.3,5.21,,0.02,0.02,,,,,,,0.02,
50201,太湖水庫,2026-08-27,2026-08-27T07:00:00,18.35,148.08,,,,,,,,,,,
50202,田埔水庫,2026-08-27,2026-08-27T07:00:00,5.88,41.29,,,,,,,,,,,
50203,陽明湖水庫,2026-08-27,2026-08-27T07:00:00,30.55,19.22,,,,,,,,,,,
50204,山西水庫,2026-08-27,2026-08-27T07:00:00,18.17,19.02,,,,,,,,,,,
50205,榮湖水庫,2026-08-27,2026-08-27T07:00:00,3.65,35.96,,,,,,,,,,,
50206,擎天水庫,2026-08-27,2026-08-27T07:00:00,30.59,23.65,,,,,,,,,,,
50207,金沙水庫,2026-08-27,2026-08-27T07:00:00,3.6,42.11,,,,,,,,,,,
50208,蓮湖水庫,2026-08-27,2026-08-27T07:00:00,8.22,5.07,,,,,,,,,,,
50209,菱湖水庫,2026-08-27,2026-08-27T07:00:00,12.34,7.85,,,,,,,,,,,
50210,西湖水庫,2026-08-27,2026-08-27T07:00:00,2.79,36.47,,,,,,,,,,,
50212,金湖水庫,2026-08-27,2026-08-27T07:00:00,2.69,38.11,,,,,,,,,,,
50213,瓊林水庫,2026-08-27,2026-08-27T07:00:00,15.75,28.97,,,,,,,,,,,
50214,蘭湖,2026-08-27,2026-08-27T07:00:00,17.58,17.62,,,,,,,,,,,
50301,勝利水庫,2026-08-27,2026-08-27T08:00:00,6.02,1.01,,,0.0,,,,,,,,
50302,秋桂山水庫,2026-08-27,2026-08-27T08:00:00,10.54,2.16,,,0.0,,,,,,,,
50303,珠螺水壩,2026-08-27,2026-08-27T08:00:00,3.98,0.13,,,0.0,,,,,,,,
50304,儲水沃上壩,2026-08-27,2026-08-27T08:00:00,7.98,1.68,,,0.0,,,,,,,,
50305,儲水沃水庫,2026-08-27,2026-08-27T08:00:00,16.35,2.35,,,0.0,,,,,,,,
50306,津沙水庫,2026-08-27,2026-08-27T08:00:00,14.94,2.09,,,0.0,,,,,,,,
50307,津沙一號水庫,2026-08-27,2026-08-27T08:00:00,7.82,0.35,,,0.0,,,,,,,,
50308,坂里水庫,2026-08-27,2026-08-27T08:00:00,17.92,12.14,,,0.0,,,,,,,,
50309,東湧水庫,2026-08-27,2026-08-27T08:00:00,17.63,7.36,,,0.0,,,,,,,,
50310,后沃水庫,2026-08-27,2026-08-27T08:00:00,12.97,28.75,,,0.0,,,,,,,,
