reservoir,observation_date,storage_mg,storage_pct,capacity_mg,capacity_ml,status_label,trend,captured_utc,raw_file
Hermitage Dam,2026-10-01,157.9,40.1,393.5,1789,Conserve,Trending down vs. last reading,2026-10-04T08:33:42+00:00,2026/20261004T083342Z__68e3c2400775.html.gz
Hermitage Dam,2026-10-04,156.2,39.7,393.5,1789,Conserve,Trending down vs. last reading,2026-10-05T01:12:34+00:00,2026/20261005T011234Z__c7c33e8940a9.html.gz
Hermitage Dam,2026-10-05,154.6,39.3,393.5,1789,Conserve,Trending down vs. last reading,2026-10-05T21:37:54+00:00,2026/20261005T213754Z__71317d704187.html.gz
Hermitage Dam,2026-10-06,159.5,40.5,393.5,1789,Conserve,Trending down vs. last reading,2026-10-06T19:01:47+00:00,2026/20261006T190147Z__14d8a502884a.html.gz
Hermitage Dam,2026-10-07,160.6,40.8,393.5,1789,Conserve,Trending down vs. last reading,2026-10-07T19:30:01+00:00,2026/20261007T193001Z__5e30ef9b2646.html.gz
Hermitage Dam,2026-10-08,169.6,43.1,393.5,1789,Conserve,Trending down vs. last reading,2026-10-08T19:24:44+00:00,2026/20261008T192444Z__7d5cde4fdaa4.html.gz
Hermitage Dam,2026-10-09,170.7,43.4,393.5,1789,Conserve,Trending down vs. last reading,2026-10-10T17:58:38+00:00,2026/20261010T175838Z__4c076b48e72f.html.gz
Hermitage Dam,2026-10-10,176.4,44.8,393.5,1789,Conserve,Trending down vs. last reading,2026-10-10T22:55:46+00:00,2026/20261010T225546Z__12a4c95ceb68.html.gz
Mona Reservoir,2026-10-01,269.6,33.3,808.5,3675,Conserve,Trending down vs. last reading,2026-10-04T08:33:42+00:00,2026/20261004T083342Z__68e3c2400775.html.gz
Mona Reservoir,2026-10-04,267,33,808.5,3675,Conserve,Trending down vs. last reading,2026-10-05T01:12:34+00:00,2026/20261005T011234Z__c7c33e8940a9.html.gz
Mona Reservoir,2026-10-05,266.2,32.9,808.5,3675,Conserve,Trending down vs. last reading,2026-10-05T21:37:54+00:00,2026/20261005T213754Z__71317d704187.html.gz
Mona Reservoir,2026-10-06,267,33,808.5,3675,Conserve,Trending down vs. last reading,2026-10-06T19:01:47+00:00,2026/20261006T190147Z__14d8a502884a.html.gz
Mona Reservoir,2026-10-07,267,33,808.5,3675,Conserve,Trending down vs. last reading,2026-10-07T19:30:01+00:00,2026/20261007T193001Z__5e30ef9b2646.html.gz
Mona Reservoir,2026-10-08,274.4,33.9,808.5,3675,Conserve,Trending down vs. last reading,2026-10-08T19:24:44+00:00,2026/20261008T192444Z__7d5cde4fdaa4.html.gz
Mona Reservoir,2026-10-09,277.8,34.4,808.5,3675,Conserve,Trending down vs. last reading,2026-10-09T18:58:02+00:00,2026/20261009T185802Z__5f7d5c679d82.html.gz
Mona Reservoir,2026-10-10,287.8,35.6,808.5,3675,Conserve,Trending down vs. last reading,2026-10-10T22:55:46+00:00,2026/20261010T225546Z__12a4c95ceb68.html.gz
